ISO-10303-21;
HEADER;
FILE_DESCRIPTION(('Open CASCADE Model'),'2;1');
FILE_NAME('PBS-24B-2','2026-09-03T21:39:22',('Author'),('Open CASCADE'),
  'Open CASCADE STEP processor 7.9','build123d','Unknown');
FILE_SCHEMA(('AUTOMOTIVE_DESIGN { 1 0 10303 214 1 1 1 1 }'));
ENDSEC;
DATA;
#1 = APPLICATION_PROTOCOL_DEFINITION('international standard',
  'automotive_design',2000,#2);
#2 = APPLICATION_CONTEXT(
  'core data for automotive mechanical design processes');
#3 = SHAPE_DEFINITION_REPRESENTATION(#4,#10);
#4 = PRODUCT_DEFINITION_SHAPE('','',#5);
#5 = PRODUCT_DEFINITION('design','',#6,#9);
#6 = PRODUCT_DEFINITION_FORMATION('','',#7);
#7 = PRODUCT('PBS-24B-2','PBS-24B-2','',(#8));
#8 = PRODUCT_CONTEXT('',#2,'mechanical');
#9 = PRODUCT_DEFINITION_CONTEXT('part definition',#2,'design');
#10 = SHAPE_REPRESENTATION('',(#11,#15,#19,#23),#27);
#11 = AXIS2_PLACEMENT_3D('',#12,#13,#14);
#12 = CARTESIAN_POINT('',(0.,0.,0.));
#13 = DIRECTION('',(0.,0.,1.));
#14 = DIRECTION('',(1.,0.,-0.));
#15 = AXIS2_PLACEMENT_3D('',#16,#17,#18);
#16 = CARTESIAN_POINT('',(0.,0.,0.));
#17 = DIRECTION('',(0.,0.,1.));
#18 = DIRECTION('',(1.,0.,-0.));
#19 = AXIS2_PLACEMENT_3D('',#20,#21,#22);
#20 = CARTESIAN_POINT('',(0.,0.,0.));
#21 = DIRECTION('',(0.,0.,1.));
#22 = DIRECTION('',(1.,0.,-0.));
#23 = AXIS2_PLACEMENT_3D('',#24,#25,#26);
#24 = CARTESIAN_POINT('',(0.,0.,0.));
#25 = DIRECTION('',(0.,0.,1.));
#26 = DIRECTION('',(1.,0.,-0.));
#27 = ( GEOMETRIC_REPRESENTATION_CONTEXT(3) 
GLOBAL_UNCERTAINTY_ASSIGNED_CONTEXT((#31)) GLOBAL_UNIT_ASSIGNED_CONTEXT(
(#28,#29,#30)) REPRESENTATION_CONTEXT('Context #1',
  '3D Context with UNIT and UNCERTAINTY') );
#28 = ( LENGTH_UNIT() NAMED_UNIT(*) SI_UNIT(.MILLI.,.METRE.) );
#29 = ( NAMED_UNIT(*) PLANE_ANGLE_UNIT() SI_UNIT($,.RADIAN.) );
#30 = ( NAMED_UNIT(*) SI_UNIT($,.STERADIAN.) SOLID_ANGLE_UNIT() );
#31 = UNCERTAINTY_MEASURE_WITH_UNIT(LENGTH_MEASURE(1.E-07),#28,
  'distance_accuracy_value','confusion accuracy');
#32 = PRODUCT_RELATED_PRODUCT_CATEGORY('part',$,(#7));
#33 = SHAPE_DEFINITION_REPRESENTATION(#34,#40);
#34 = PRODUCT_DEFINITION_SHAPE('','',#35);
#35 = PRODUCT_DEFINITION('design','',#36,#39);
#36 = PRODUCT_DEFINITION_FORMATION('','',#37);
#37 = PRODUCT('metal','metal','',(#38));
#38 = PRODUCT_CONTEXT('',#2,'mechanical');
#39 = PRODUCT_DEFINITION_CONTEXT('part definition',#2,'design');
#40 = SHAPE_REPRESENTATION('',(#11,#41,#5431,#5727,#6057),#6387);
#41 = MANIFOLD_SOLID_BREP('',#42);
#42 = CLOSED_SHELL('',(#43,#1843,#1951,#2005,#2052,#2100,#2262,#2316,
    #2370,#2424,#2472,#2520,#2574,#2628,#2682,#2736,#2784,#2832,#2886,
    #2940,#2994,#3048,#3096,#3144,#3198,#3252,#3306,#3360,#3408,#3456,
    #3510,#3564,#3618,#3672,#3720,#3768,#3822,#3876,#3930,#3984,#4032,
    #4080,#4134,#4188,#4242,#4296,#4344,#4392,#4446,#4500,#4554,#4608,
    #4656,#4704,#4758,#4812,#4866,#4920,#4968,#5016,#5070,#5101,#5164,
    #5219,#5295,#5344,#5393,#5420,#5424));
#43 = ADVANCED_FACE('',(#44),#58,.T.);
#44 = FACE_BOUND('',#45,.T.);
#45 = EDGE_LOOP('',(#46,#81,#109,#135,#167,#193,#225,#257,#283,#315,#347
    ,#373,#405,#437,#463,#495,#527,#553,#585,#617,#643,#675,#707,#733,
    #765,#797,#823,#855,#887,#913,#945,#977,#1003,#1035,#1067,#1093,
    #1125,#1157,#1183,#1215,#1247,#1273,#1305,#1337,#1363,#1395,#1427,
    #1453,#1485,#1517,#1543,#1575,#1607,#1633,#1665,#1697,#1723,#1755,
    #1787,#1813));
#46 = ORIENTED_EDGE('',*,*,#47,.T.);
#47 = EDGE_CURVE('',#48,#50,#52,.T.);
#48 = VERTEX_POINT('',#49);
#49 = CARTESIAN_POINT('',(-5.306599664569,-1.,28.6));
#50 = VERTEX_POINT('',#51);
#51 = CARTESIAN_POINT('',(-4.9,-1.,28.6));
#52 = SURFACE_CURVE('',#53,(#57,#69),.PCURVE_S1.);
#53 = LINE('',#54,#55);
#54 = CARTESIAN_POINT('',(-7.1,-1.,28.6));
#55 = VECTOR('',#56,1.);
#56 = DIRECTION('',(1.,0.,-0.));
#57 = PCURVE('',#58,#63);
#58 = PLANE('',#59);
#59 = AXIS2_PLACEMENT_3D('',#60,#61,#62);
#60 = CARTESIAN_POINT('',(-7.1,-1.,13.6));
#61 = DIRECTION('',(-0.,1.,0.));
#62 = DIRECTION('',(0.,0.,1.));
#63 = DEFINITIONAL_REPRESENTATION('',(#64),#68);
#64 = LINE('',#65,#66);
#65 = CARTESIAN_POINT('',(15.,0.));
#66 = VECTOR('',#67,1.);
#67 = DIRECTION('',(0.,1.));
#68 = ( GEOMETRIC_REPRESENTATION_CONTEXT(2) 
PARAMETRIC_REPRESENTATION_CONTEXT() REPRESENTATION_CONTEXT('2D SPACE',''
  ) );
#69 = PCURVE('',#70,#75);
#70 = PLANE('',#71);
#71 = AXIS2_PLACEMENT_3D('',#72,#73,#74);
#72 = CARTESIAN_POINT('',(0.,0.,28.6));
#73 = DIRECTION('',(0.,0.,1.));
#74 = DIRECTION('',(1.,0.,-0.));
#75 = DEFINITIONAL_REPRESENTATION('',(#76),#80);
#76 = LINE('',#77,#78);
#77 = CARTESIAN_POINT('',(-7.1,-1.));
#78 = VECTOR('',#79,1.);
#79 = DIRECTION('',(1.,0.));
#80 = ( GEOMETRIC_REPRESENTATION_CONTEXT(2) 
PARAMETRIC_REPRESENTATION_CONTEXT() REPRESENTATION_CONTEXT('2D SPACE',''
  ) );
#81 = ORIENTED_EDGE('',*,*,#82,.F.);
#82 = EDGE_CURVE('',#83,#50,#85,.T.);
#83 = VERTEX_POINT('',#84);
#84 = CARTESIAN_POINT('',(-4.9,-1.,14.));
#85 = SURFACE_CURVE('',#86,(#90,#97),.PCURVE_S1.);
#86 = LINE('',#87,#88);
#87 = CARTESIAN_POINT('',(-4.9,-1.,13.6));
#88 = VECTOR('',#89,1.);
#89 = DIRECTION('',(0.,0.,1.));
#90 = PCURVE('',#58,#91);
#91 = DEFINITIONAL_REPRESENTATION('',(#92),#96);
#92 = LINE('',#93,#94);
#93 = CARTESIAN_POINT('',(0.,2.2));
#94 = VECTOR('',#95,1.);
#95 = DIRECTION('',(1.,0.));
#96 = ( GEOMETRIC_REPRESENTATION_CONTEXT(2) 
PARAMETRIC_REPRESENTATION_CONTEXT() REPRESENTATION_CONTEXT('2D SPACE',''
  ) );
#97 = PCURVE('',#98,#103);
#98 = PLANE('',#99);
#99 = AXIS2_PLACEMENT_3D('',#100,#101,#102);
#100 = CARTESIAN_POINT('',(-4.9,-1.,13.6));
#101 = DIRECTION('',(1.,0.,-0.));
#102 = DIRECTION('',(0.,0.,1.));
#103 = DEFINITIONAL_REPRESENTATION('',(#104),#108);
#104 = LINE('',#105,#106);
#105 = CARTESIAN_POINT('',(0.,0.));
#106 = VECTOR('',#107,1.);
#107 = DIRECTION('',(1.,0.));
#108 = ( GEOMETRIC_REPRESENTATION_CONTEXT(2) 
PARAMETRIC_REPRESENTATION_CONTEXT() REPRESENTATION_CONTEXT('2D SPACE',''
  ) );
#109 = ORIENTED_EDGE('',*,*,#110,.F.);
#110 = EDGE_CURVE('',#111,#83,#113,.T.);
#111 = VERTEX_POINT('',#112);
#112 = CARTESIAN_POINT('',(-5.392054895863,-1.,14.));
#113 = SURFACE_CURVE('',#114,(#118,#124),.PCURVE_S1.);
#114 = LINE('',#115,#116);
#115 = CARTESIAN_POINT('',(-6.55,-1.,14.));
#116 = VECTOR('',#117,1.);
#117 = DIRECTION('',(1.,0.,-0.));
#118 = PCURVE('',#58,#119);
#119 = DEFINITIONAL_REPRESENTATION('',(#120),#123);
#120 = B_SPLINE_CURVE_WITH_KNOTS('',1,(#121,#122),.UNSPECIFIED.,.F.,.F.,
  (2,2),(0.735363295957,1.65),.PIECEWISE_BEZIER_KNOTS.);
#121 = CARTESIAN_POINT('',(0.4,1.285363295957));
#122 = CARTESIAN_POINT('',(0.4,2.2));
#123 = ( GEOMETRIC_REPRESENTATION_CONTEXT(2) 
PARAMETRIC_REPRESENTATION_CONTEXT() REPRESENTATION_CONTEXT('2D SPACE',''
  ) );
#124 = PCURVE('',#125,#130);
#125 = PLANE('',#126);
#126 = AXIS2_PLACEMENT_3D('',#127,#128,#129);
#127 = CARTESIAN_POINT('',(-6.,-6.,14.));
#128 = DIRECTION('',(0.,0.,1.));
#129 = DIRECTION('',(1.,0.,-0.));
#130 = DEFINITIONAL_REPRESENTATION('',(#131),#134);
#131 = B_SPLINE_CURVE_WITH_KNOTS('',1,(#132,#133),.UNSPECIFIED.,.F.,.F.,
  (2,2),(0.735363295957,1.65),.PIECEWISE_BEZIER_KNOTS.);
#132 = CARTESIAN_POINT('',(0.185363295957,5.));
#133 = CARTESIAN_POINT('',(1.1,5.));
#134 = ( GEOMETRIC_REPRESENTATION_CONTEXT(2) 
PARAMETRIC_REPRESENTATION_CONTEXT() REPRESENTATION_CONTEXT('2D SPACE',''
  ) );
#135 = ORIENTED_EDGE('',*,*,#136,.F.);
#136 = EDGE_CURVE('',#137,#111,#139,.T.);
#137 = VERTEX_POINT('',#138);
#138 = CARTESIAN_POINT('',(-5.814636704043,-1.,14.236363636364));
#139 = SURFACE_CURVE('',#140,(#145,#152),.PCURVE_S1.);
#140 = HYPERBOLA('',#141,0.568181818182,1.);
#141 = AXIS2_PLACEMENT_3D('',#142,#143,#144);
#142 = CARTESIAN_POINT('',(0.,-1.,10.884090909091));
#143 = DIRECTION('',(-0.,1.,0.));
#144 = DIRECTION('',(0.,0.,1.));
#145 = PCURVE('',#58,#146);
#146 = DEFINITIONAL_REPRESENTATION('',(#147),#151);
#147 = ( BOUNDED_CURVE() B_SPLINE_CURVE(2,(#148,#149,#150),
.UNSPECIFIED.,.F.,.F.) B_SPLINE_CURVE_WITH_KNOTS((3,3),(-2.4608390603,
-2.37836936639),.PIECEWISE_BEZIER_KNOTS.) CURVE() 
GEOMETRIC_REPRESENTATION_ITEM() RATIONAL_B_SPLINE_CURVE((1.,
1.000850276769,1.)) REPRESENTATION_ITEM('') );
#148 = CARTESIAN_POINT('',(0.636363636364,1.285363295957));
#149 = CARTESIAN_POINT('',(0.500210309793,1.52851109952));
#150 = CARTESIAN_POINT('',(0.375,1.752701616704));
#151 = ( GEOMETRIC_REPRESENTATION_CONTEXT(2) 
PARAMETRIC_REPRESENTATION_CONTEXT() REPRESENTATION_CONTEXT('2D SPACE',''
  ) );
#152 = PCURVE('',#153,#158);
#153 = CONICAL_SURFACE('',#154,5.44,1.054101188033);
#154 = AXIS2_PLACEMENT_3D('',#155,#156,#157);
#155 = CARTESIAN_POINT('',(0.,0.,13.975));
#156 = DIRECTION('',(0.,0.,1.));
#157 = DIRECTION('',(1.,0.,-0.));
#158 = DEFINITIONAL_REPRESENTATION('',(#159),#166);
#159 = B_SPLINE_CURVE_WITH_KNOTS('',5,(#160,#161,#162,#163,#164,#165),
  .UNSPECIFIED.,.F.,.F.,(6,6),(-2.4608390603,-2.37836936639),
  .PIECEWISE_BEZIER_KNOTS.);
#160 = CARTESIAN_POINT('',(3.311906360434,0.261363636364));
#161 = CARTESIAN_POINT('',(3.314701943278,0.206871442138));
#162 = CARTESIAN_POINT('',(3.317554329916,0.153519230196));
#163 = CARTESIAN_POINT('',(3.32046501376,0.101276116151));
#164 = CARTESIAN_POINT('',(3.323435541549,5.011250692256E-02));
#165 = CARTESIAN_POINT('',(3.32646751559,-8.150016736803E-16));
#166 = ( GEOMETRIC_REPRESENTATION_CONTEXT(2) 
PARAMETRIC_REPRESENTATION_CONTEXT() REPRESENTATION_CONTEXT('2D SPACE',''
  ) );
#167 = ORIENTED_EDGE('',*,*,#168,.T.);
#168 = EDGE_CURVE('',#137,#169,#171,.T.);
#169 = VERTEX_POINT('',#170);
#170 = CARTESIAN_POINT('',(-5.814636704043,-1.,14.463636363636));
#171 = SURFACE_CURVE('',#172,(#176,#182),.PCURVE_S1.);
#172 = LINE('',#173,#174);
#173 = CARTESIAN_POINT('',(-5.814636704043,-1.,13.6));
#174 = VECTOR('',#175,1.);
#175 = DIRECTION('',(0.,0.,1.));
#176 = PCURVE('',#58,#177);
#177 = DEFINITIONAL_REPRESENTATION('',(#178),#181);
#178 = B_SPLINE_CURVE_WITH_KNOTS('',1,(#179,#180),.UNSPECIFIED.,.F.,.F.,
  (2,2),(0.636363036364,0.863636963636),.PIECEWISE_BEZIER_KNOTS.);
#179 = CARTESIAN_POINT('',(0.636363036364,1.285363295957));
#180 = CARTESIAN_POINT('',(0.863636963636,1.285363295957));
#181 = ( GEOMETRIC_REPRESENTATION_CONTEXT(2) 
PARAMETRIC_REPRESENTATION_CONTEXT() REPRESENTATION_CONTEXT('2D SPACE',''
  ) );
#182 = PCURVE('',#183,#188);
#183 = CYLINDRICAL_SURFACE('',#184,5.9);
#184 = AXIS2_PLACEMENT_3D('',#185,#186,#187);
#185 = CARTESIAN_POINT('',(0.,0.,13.6));
#186 = DIRECTION('',(0.,0.,1.));
#187 = DIRECTION('',(1.,0.,-0.));
#188 = DEFINITIONAL_REPRESENTATION('',(#189),#192);
#189 = B_SPLINE_CURVE_WITH_KNOTS('',1,(#190,#191),.UNSPECIFIED.,.F.,.F.,
  (2,2),(0.636363636364,0.863636363636),.PIECEWISE_BEZIER_KNOTS.);
#190 = CARTESIAN_POINT('',(3.311906360434,0.636363636364));
#191 = CARTESIAN_POINT('',(3.311906360434,0.863636363636));
#192 = ( GEOMETRIC_REPRESENTATION_CONTEXT(2) 
PARAMETRIC_REPRESENTATION_CONTEXT() REPRESENTATION_CONTEXT('2D SPACE',''
  ) );
#193 = ORIENTED_EDGE('',*,*,#194,.F.);
#194 = EDGE_CURVE('',#195,#169,#197,.T.);
#195 = VERTEX_POINT('',#196);
#196 = CARTESIAN_POINT('',(-5.347298383296,-1.,14.725));
#197 = SURFACE_CURVE('',#198,(#203,#210),.PCURVE_S1.);
#198 = HYPERBOLA('',#199,0.568181818182,1.);
#199 = AXIS2_PLACEMENT_3D('',#200,#201,#202);
#200 = CARTESIAN_POINT('',(0.,-1.,17.815909090909));
#201 = DIRECTION('',(0.,1.,0.));
#202 = DIRECTION('',(-0.,0.,-1.));
#203 = PCURVE('',#58,#204);
#204 = DEFINITIONAL_REPRESENTATION('',(#205),#209);
#205 = ( BOUNDED_CURVE() B_SPLINE_CURVE(2,(#206,#207,#208),
.UNSPECIFIED.,.F.,.F.) B_SPLINE_CURVE_WITH_KNOTS((3,3),(2.37836936639,
2.4608390603),.PIECEWISE_BEZIER_KNOTS.) CURVE() 
GEOMETRIC_REPRESENTATION_ITEM() RATIONAL_B_SPLINE_CURVE((1.,
1.000850276769,1.)) REPRESENTATION_ITEM('') );
#206 = CARTESIAN_POINT('',(1.125,1.752701616704));
#207 = CARTESIAN_POINT('',(0.999789690207,1.52851109952));
#208 = CARTESIAN_POINT('',(0.863636363636,1.285363295957));
#209 = ( GEOMETRIC_REPRESENTATION_CONTEXT(2) 
PARAMETRIC_REPRESENTATION_CONTEXT() REPRESENTATION_CONTEXT('2D SPACE',''
  ) );
#210 = PCURVE('',#211,#216);
#211 = CONICAL_SURFACE('',#212,6.1,1.054101188033);
#212 = AXIS2_PLACEMENT_3D('',#213,#214,#215);
#213 = CARTESIAN_POINT('',(0.,0.,14.35));
#214 = DIRECTION('',(-0.,-0.,-1.));
#215 = DIRECTION('',(1.,0.,-0.));
#216 = DEFINITIONAL_REPRESENTATION('',(#217),#224);
#217 = B_SPLINE_CURVE_WITH_KNOTS('',5,(#218,#219,#220,#221,#222,#223),
  .UNSPECIFIED.,.F.,.F.,(6,6),(2.37836936639,2.4608390603),
  .PIECEWISE_BEZIER_KNOTS.);
#218 = CARTESIAN_POINT('',(-3.32646751559,-0.375));
#219 = CARTESIAN_POINT('',(-3.323435541549,-0.324887493077));
#220 = CARTESIAN_POINT('',(-3.32046501376,-0.273723883849));
#221 = CARTESIAN_POINT('',(-3.317554329916,-0.221480769804));
#222 = CARTESIAN_POINT('',(-3.314701943278,-0.168128557862));
#223 = CARTESIAN_POINT('',(-3.311906360434,-0.113636363636));
#224 = ( GEOMETRIC_REPRESENTATION_CONTEXT(2) 
PARAMETRIC_REPRESENTATION_CONTEXT() REPRESENTATION_CONTEXT('2D SPACE',''
  ) );
#225 = ORIENTED_EDGE('',*,*,#226,.F.);
#226 = EDGE_CURVE('',#227,#195,#229,.T.);
#227 = VERTEX_POINT('',#228);
#228 = CARTESIAN_POINT('',(-5.814636704043,-1.,14.986363636364));
#229 = SURFACE_CURVE('',#230,(#235,#242),.PCURVE_S1.);
#230 = HYPERBOLA('',#231,0.568181818182,1.);
#231 = AXIS2_PLACEMENT_3D('',#232,#233,#234);
#232 = CARTESIAN_POINT('',(0.,-1.,11.634090909091));
#233 = DIRECTION('',(-0.,1.,0.));
#234 = DIRECTION('',(0.,0.,1.));
#235 = PCURVE('',#58,#236);
#236 = DEFINITIONAL_REPRESENTATION('',(#237),#241);
#237 = ( BOUNDED_CURVE() B_SPLINE_CURVE(2,(#238,#239,#240),
.UNSPECIFIED.,.F.,.F.) B_SPLINE_CURVE_WITH_KNOTS((3,3),(-2.4608390603,
-2.37836936639),.PIECEWISE_BEZIER_KNOTS.) CURVE() 
GEOMETRIC_REPRESENTATION_ITEM() RATIONAL_B_SPLINE_CURVE((1.,
1.000850276769,1.)) REPRESENTATION_ITEM('') );
#238 = CARTESIAN_POINT('',(1.386363636364,1.285363295957));
#239 = CARTESIAN_POINT('',(1.250210309793,1.52851109952));
#240 = CARTESIAN_POINT('',(1.125,1.752701616704));
#241 = ( GEOMETRIC_REPRESENTATION_CONTEXT(2) 
PARAMETRIC_REPRESENTATION_CONTEXT() REPRESENTATION_CONTEXT('2D SPACE',''
  ) );
#242 = PCURVE('',#243,#248);
#243 = CONICAL_SURFACE('',#244,5.44,1.054101188033);
#244 = AXIS2_PLACEMENT_3D('',#245,#246,#247);
#245 = CARTESIAN_POINT('',(0.,0.,14.725));
#246 = DIRECTION('',(0.,0.,1.));
#247 = DIRECTION('',(1.,0.,-0.));
#248 = DEFINITIONAL_REPRESENTATION('',(#249),#256);
#249 = B_SPLINE_CURVE_WITH_KNOTS('',5,(#250,#251,#252,#253,#254,#255),
  .UNSPECIFIED.,.F.,.F.,(6,6),(-2.4608390603,-2.37836936639),
  .PIECEWISE_BEZIER_KNOTS.);
#250 = CARTESIAN_POINT('',(3.311906360434,0.261363636364));
#251 = CARTESIAN_POINT('',(3.314701943278,0.206871442138));
#252 = CARTESIAN_POINT('',(3.317554329916,0.153519230196));
#253 = CARTESIAN_POINT('',(3.32046501376,0.101276116151));
#254 = CARTESIAN_POINT('',(3.323435541549,5.011250692256E-02));
#255 = CARTESIAN_POINT('',(3.32646751559,-8.150016736803E-16));
#256 = ( GEOMETRIC_REPRESENTATION_CONTEXT(2) 
PARAMETRIC_REPRESENTATION_CONTEXT() REPRESENTATION_CONTEXT('2D SPACE',''
  ) );
#257 = ORIENTED_EDGE('',*,*,#258,.T.);
#258 = EDGE_CURVE('',#227,#259,#261,.T.);
#259 = VERTEX_POINT('',#260);
#260 = CARTESIAN_POINT('',(-5.814636704043,-1.,15.213636363636));
#261 = SURFACE_CURVE('',#262,(#266,#272),.PCURVE_S1.);
#262 = LINE('',#263,#264);
#263 = CARTESIAN_POINT('',(-5.814636704043,-1.,13.6));
#264 = VECTOR('',#265,1.);
#265 = DIRECTION('',(0.,0.,1.));
#266 = PCURVE('',#58,#267);
#267 = DEFINITIONAL_REPRESENTATION('',(#268),#271);
#268 = B_SPLINE_CURVE_WITH_KNOTS('',1,(#269,#270),.UNSPECIFIED.,.F.,.F.,
  (2,2),(1.386363036364,1.613636963636),.PIECEWISE_BEZIER_KNOTS.);
#269 = CARTESIAN_POINT('',(1.386363036364,1.285363295957));
#270 = CARTESIAN_POINT('',(1.613636963636,1.285363295957));
#271 = ( GEOMETRIC_REPRESENTATION_CONTEXT(2) 
PARAMETRIC_REPRESENTATION_CONTEXT() REPRESENTATION_CONTEXT('2D SPACE',''
  ) );
#272 = PCURVE('',#273,#278);
#273 = CYLINDRICAL_SURFACE('',#274,5.9);
#274 = AXIS2_PLACEMENT_3D('',#275,#276,#277);
#275 = CARTESIAN_POINT('',(0.,0.,13.6));
#276 = DIRECTION('',(0.,0.,1.));
#277 = DIRECTION('',(1.,0.,-0.));
#278 = DEFINITIONAL_REPRESENTATION('',(#279),#282);
#279 = B_SPLINE_CURVE_WITH_KNOTS('',1,(#280,#281),.UNSPECIFIED.,.F.,.F.,
  (2,2),(1.386363636364,1.613636363636),.PIECEWISE_BEZIER_KNOTS.);
#280 = CARTESIAN_POINT('',(3.311906360434,1.386363636364));
#281 = CARTESIAN_POINT('',(3.311906360434,1.613636363636));
#282 = ( GEOMETRIC_REPRESENTATION_CONTEXT(2) 
PARAMETRIC_REPRESENTATION_CONTEXT() REPRESENTATION_CONTEXT('2D SPACE',''
  ) );
#283 = ORIENTED_EDGE('',*,*,#284,.F.);
#284 = EDGE_CURVE('',#285,#259,#287,.T.);
#285 = VERTEX_POINT('',#286);
#286 = CARTESIAN_POINT('',(-5.347298383296,-1.,15.475));
#287 = SURFACE_CURVE('',#288,(#293,#300),.PCURVE_S1.);
#288 = HYPERBOLA('',#289,0.568181818182,1.);
#289 = AXIS2_PLACEMENT_3D('',#290,#291,#292);
#290 = CARTESIAN_POINT('',(0.,-1.,18.565909090909));
#291 = DIRECTION('',(0.,1.,0.));
#292 = DIRECTION('',(-0.,0.,-1.));
#293 = PCURVE('',#58,#294);
#294 = DEFINITIONAL_REPRESENTATION('',(#295),#299);
#295 = ( BOUNDED_CURVE() B_SPLINE_CURVE(2,(#296,#297,#298),
.UNSPECIFIED.,.F.,.F.) B_SPLINE_CURVE_WITH_KNOTS((3,3),(2.37836936639,
2.4608390603),.PIECEWISE_BEZIER_KNOTS.) CURVE() 
GEOMETRIC_REPRESENTATION_ITEM() RATIONAL_B_SPLINE_CURVE((1.,
1.000850276769,1.)) REPRESENTATION_ITEM('') );
#296 = CARTESIAN_POINT('',(1.875,1.752701616704));
#297 = CARTESIAN_POINT('',(1.749789690207,1.52851109952));
#298 = CARTESIAN_POINT('',(1.613636363636,1.285363295957));
#299 = ( GEOMETRIC_REPRESENTATION_CONTEXT(2) 
PARAMETRIC_REPRESENTATION_CONTEXT() REPRESENTATION_CONTEXT('2D SPACE',''
  ) );
#300 = PCURVE('',#301,#306);
#301 = CONICAL_SURFACE('',#302,6.1,1.054101188033);
#302 = AXIS2_PLACEMENT_3D('',#303,#304,#305);
#303 = CARTESIAN_POINT('',(0.,0.,15.1));
#304 = DIRECTION('',(-0.,-0.,-1.));
#305 = DIRECTION('',(1.,0.,-0.));
#306 = DEFINITIONAL_REPRESENTATION('',(#307),#314);
#307 = B_SPLINE_CURVE_WITH_KNOTS('',5,(#308,#309,#310,#311,#312,#313),
  .UNSPECIFIED.,.F.,.F.,(6,6),(2.37836936639,2.4608390603),
  .PIECEWISE_BEZIER_KNOTS.);
#308 = CARTESIAN_POINT('',(-3.32646751559,-0.375));
#309 = CARTESIAN_POINT('',(-3.323435541549,-0.324887493077));
#310 = CARTESIAN_POINT('',(-3.32046501376,-0.273723883849));
#311 = CARTESIAN_POINT('',(-3.317554329916,-0.221480769804));
#312 = CARTESIAN_POINT('',(-3.314701943278,-0.168128557862));
#313 = CARTESIAN_POINT('',(-3.311906360434,-0.113636363636));
#314 = ( GEOMETRIC_REPRESENTATION_CONTEXT(2) 
PARAMETRIC_REPRESENTATION_CONTEXT() REPRESENTATION_CONTEXT('2D SPACE',''
  ) );
#315 = ORIENTED_EDGE('',*,*,#316,.F.);
#316 = EDGE_CURVE('',#317,#285,#319,.T.);
#317 = VERTEX_POINT('',#318);
#318 = CARTESIAN_POINT('',(-5.814636704043,-1.,15.736363636364));
#319 = SURFACE_CURVE('',#320,(#325,#332),.PCURVE_S1.);
#320 = HYPERBOLA('',#321,0.568181818182,1.);
#321 = AXIS2_PLACEMENT_3D('',#322,#323,#324);
#322 = CARTESIAN_POINT('',(0.,-1.,12.384090909091));
#323 = DIRECTION('',(-0.,1.,0.));
#324 = DIRECTION('',(0.,0.,1.));
#325 = PCURVE('',#58,#326);
#326 = DEFINITIONAL_REPRESENTATION('',(#327),#331);
#327 = ( BOUNDED_CURVE() B_SPLINE_CURVE(2,(#328,#329,#330),
.UNSPECIFIED.,.F.,.F.) B_SPLINE_CURVE_WITH_KNOTS((3,3),(-2.4608390603,
-2.37836936639),.PIECEWISE_BEZIER_KNOTS.) CURVE() 
GEOMETRIC_REPRESENTATION_ITEM() RATIONAL_B_SPLINE_CURVE((1.,
1.000850276769,1.)) REPRESENTATION_ITEM('') );
#328 = CARTESIAN_POINT('',(2.136363636364,1.285363295957));
#329 = CARTESIAN_POINT('',(2.000210309793,1.52851109952));
#330 = CARTESIAN_POINT('',(1.875,1.752701616704));
#331 = ( GEOMETRIC_REPRESENTATION_CONTEXT(2) 
PARAMETRIC_REPRESENTATION_CONTEXT() REPRESENTATION_CONTEXT('2D SPACE',''
  ) );
#332 = PCURVE('',#333,#338);
#333 = CONICAL_SURFACE('',#334,5.44,1.054101188033);
#334 = AXIS2_PLACEMENT_3D('',#335,#336,#337);
#335 = CARTESIAN_POINT('',(0.,0.,15.475));
#336 = DIRECTION('',(0.,0.,1.));
#337 = DIRECTION('',(1.,0.,-0.));
#338 = DEFINITIONAL_REPRESENTATION('',(#339),#346);
#339 = B_SPLINE_CURVE_WITH_KNOTS('',5,(#340,#341,#342,#343,#344,#345),
  .UNSPECIFIED.,.F.,.F.,(6,6),(-2.4608390603,-2.37836936639),
  .PIECEWISE_BEZIER_KNOTS.);
#340 = CARTESIAN_POINT('',(3.311906360434,0.261363636364));
#341 = CARTESIAN_POINT('',(3.314701943278,0.206871442138));
#342 = CARTESIAN_POINT('',(3.317554329916,0.153519230196));
#343 = CARTESIAN_POINT('',(3.32046501376,0.101276116151));
#344 = CARTESIAN_POINT('',(3.323435541549,5.011250692256E-02));
#345 = CARTESIAN_POINT('',(3.32646751559,-8.150016736803E-16));
#346 = ( GEOMETRIC_REPRESENTATION_CONTEXT(2) 
PARAMETRIC_REPRESENTATION_CONTEXT() REPRESENTATION_CONTEXT('2D SPACE',''
  ) );
#347 = ORIENTED_EDGE('',*,*,#348,.T.);
#348 = EDGE_CURVE('',#317,#349,#351,.T.);
#349 = VERTEX_POINT('',#350);
#350 = CARTESIAN_POINT('',(-5.814636704043,-1.,15.963636363636));
#351 = SURFACE_CURVE('',#352,(#356,#362),.PCURVE_S1.);
#352 = LINE('',#353,#354);
#353 = CARTESIAN_POINT('',(-5.814636704043,-1.,13.6));
#354 = VECTOR('',#355,1.);
#355 = DIRECTION('',(0.,0.,1.));
#356 = PCURVE('',#58,#357);
#357 = DEFINITIONAL_REPRESENTATION('',(#358),#361);
#358 = B_SPLINE_CURVE_WITH_KNOTS('',1,(#359,#360),.UNSPECIFIED.,.F.,.F.,
  (2,2),(2.136363036364,2.363636963636),.PIECEWISE_BEZIER_KNOTS.);
#359 = CARTESIAN_POINT('',(2.136363036364,1.285363295957));
#360 = CARTESIAN_POINT('',(2.363636963636,1.285363295957));
#361 = ( GEOMETRIC_REPRESENTATION_CONTEXT(2) 
PARAMETRIC_REPRESENTATION_CONTEXT() REPRESENTATION_CONTEXT('2D SPACE',''
  ) );
#362 = PCURVE('',#363,#368);
#363 = CYLINDRICAL_SURFACE('',#364,5.9);
#364 = AXIS2_PLACEMENT_3D('',#365,#366,#367);
#365 = CARTESIAN_POINT('',(0.,0.,13.6));
#366 = DIRECTION('',(0.,0.,1.));
#367 = DIRECTION('',(1.,0.,-0.));
#368 = DEFINITIONAL_REPRESENTATION('',(#369),#372);
#369 = B_SPLINE_CURVE_WITH_KNOTS('',1,(#370,#371),.UNSPECIFIED.,.F.,.F.,
  (2,2),(2.136363636364,2.363636363636),.PIECEWISE_BEZIER_KNOTS.);
#370 = CARTESIAN_POINT('',(3.311906360434,2.136363636364));
#371 = CARTESIAN_POINT('',(3.311906360434,2.363636363636));
#372 = ( GEOMETRIC_REPRESENTATION_CONTEXT(2) 
PARAMETRIC_REPRESENTATION_CONTEXT() REPRESENTATION_CONTEXT('2D SPACE',''
  ) );
#373 = ORIENTED_EDGE('',*,*,#374,.F.);
#374 = EDGE_CURVE('',#375,#349,#377,.T.);
#375 = VERTEX_POINT('',#376);
#376 = CARTESIAN_POINT('',(-5.347298383296,-1.,16.225));
#377 = SURFACE_CURVE('',#378,(#383,#390),.PCURVE_S1.);
#378 = HYPERBOLA('',#379,0.568181818182,1.);
#379 = AXIS2_PLACEMENT_3D('',#380,#381,#382);
#380 = CARTESIAN_POINT('',(0.,-1.,19.315909090909));
#381 = DIRECTION('',(0.,1.,0.));
#382 = DIRECTION('',(-0.,0.,-1.));
#383 = PCURVE('',#58,#384);
#384 = DEFINITIONAL_REPRESENTATION('',(#385),#389);
#385 = ( BOUNDED_CURVE() B_SPLINE_CURVE(2,(#386,#387,#388),
.UNSPECIFIED.,.F.,.F.) B_SPLINE_CURVE_WITH_KNOTS((3,3),(2.37836936639,
2.4608390603),.PIECEWISE_BEZIER_KNOTS.) CURVE() 
GEOMETRIC_REPRESENTATION_ITEM() RATIONAL_B_SPLINE_CURVE((1.,
1.000850276769,1.)) REPRESENTATION_ITEM('') );
#386 = CARTESIAN_POINT('',(2.625,1.752701616704));
#387 = CARTESIAN_POINT('',(2.499789690207,1.52851109952));
#388 = CARTESIAN_POINT('',(2.363636363636,1.285363295957));
#389 = ( GEOMETRIC_REPRESENTATION_CONTEXT(2) 
PARAMETRIC_REPRESENTATION_CONTEXT() REPRESENTATION_CONTEXT('2D SPACE',''
  ) );
#390 = PCURVE('',#391,#396);
#391 = CONICAL_SURFACE('',#392,6.1,1.054101188033);
#392 = AXIS2_PLACEMENT_3D('',#393,#394,#395);
#393 = CARTESIAN_POINT('',(0.,0.,15.85));
#394 = DIRECTION('',(-0.,-0.,-1.));
#395 = DIRECTION('',(1.,0.,-0.));
#396 = DEFINITIONAL_REPRESENTATION('',(#397),#404);
#397 = B_SPLINE_CURVE_WITH_KNOTS('',5,(#398,#399,#400,#401,#402,#403),
  .UNSPECIFIED.,.F.,.F.,(6,6),(2.37836936639,2.4608390603),
  .PIECEWISE_BEZIER_KNOTS.);
#398 = CARTESIAN_POINT('',(-3.32646751559,-0.375));
#399 = CARTESIAN_POINT('',(-3.323435541549,-0.324887493077));
#400 = CARTESIAN_POINT('',(-3.32046501376,-0.273723883849));
#401 = CARTESIAN_POINT('',(-3.317554329916,-0.221480769804));
#402 = CARTESIAN_POINT('',(-3.314701943278,-0.168128557862));
#403 = CARTESIAN_POINT('',(-3.311906360434,-0.113636363636));
#404 = ( GEOMETRIC_REPRESENTATION_CONTEXT(2) 
PARAMETRIC_REPRESENTATION_CONTEXT() REPRESENTATION_CONTEXT('2D SPACE',''
  ) );
#405 = ORIENTED_EDGE('',*,*,#406,.F.);
#406 = EDGE_CURVE('',#407,#375,#409,.T.);
#407 = VERTEX_POINT('',#408);
#408 = CARTESIAN_POINT('',(-5.814636704043,-1.,16.486363636364));
#409 = SURFACE_CURVE('',#410,(#415,#422),.PCURVE_S1.);
#410 = HYPERBOLA('',#411,0.568181818182,1.);
#411 = AXIS2_PLACEMENT_3D('',#412,#413,#414);
#412 = CARTESIAN_POINT('',(0.,-1.,13.134090909091));
#413 = DIRECTION('',(-0.,1.,0.));
#414 = DIRECTION('',(0.,0.,1.));
#415 = PCURVE('',#58,#416);
#416 = DEFINITIONAL_REPRESENTATION('',(#417),#421);
#417 = ( BOUNDED_CURVE() B_SPLINE_CURVE(2,(#418,#419,#420),
.UNSPECIFIED.,.F.,.F.) B_SPLINE_CURVE_WITH_KNOTS((3,3),(-2.4608390603,
-2.37836936639),.PIECEWISE_BEZIER_KNOTS.) CURVE() 
GEOMETRIC_REPRESENTATION_ITEM() RATIONAL_B_SPLINE_CURVE((1.,
1.000850276769,1.)) REPRESENTATION_ITEM('') );
#418 = CARTESIAN_POINT('',(2.886363636364,1.285363295957));
#419 = CARTESIAN_POINT('',(2.750210309793,1.52851109952));
#420 = CARTESIAN_POINT('',(2.625,1.752701616704));
#421 = ( GEOMETRIC_REPRESENTATION_CONTEXT(2) 
PARAMETRIC_REPRESENTATION_CONTEXT() REPRESENTATION_CONTEXT('2D SPACE',''
  ) );
#422 = PCURVE('',#423,#428);
#423 = CONICAL_SURFACE('',#424,5.44,1.054101188033);
#424 = AXIS2_PLACEMENT_3D('',#425,#426,#427);
#425 = CARTESIAN_POINT('',(0.,0.,16.225));
#426 = DIRECTION('',(0.,0.,1.));
#427 = DIRECTION('',(1.,0.,-0.));
#428 = DEFINITIONAL_REPRESENTATION('',(#429),#436);
#429 = B_SPLINE_CURVE_WITH_KNOTS('',5,(#430,#431,#432,#433,#434,#435),
  .UNSPECIFIED.,.F.,.F.,(6,6),(-2.4608390603,-2.37836936639),
  .PIECEWISE_BEZIER_KNOTS.);
#430 = CARTESIAN_POINT('',(3.311906360434,0.261363636364));
#431 = CARTESIAN_POINT('',(3.314701943278,0.206871442138));
#432 = CARTESIAN_POINT('',(3.317554329916,0.153519230196));
#433 = CARTESIAN_POINT('',(3.32046501376,0.101276116151));
#434 = CARTESIAN_POINT('',(3.323435541549,5.011250692257E-02));
#435 = CARTESIAN_POINT('',(3.32646751559,-3.81490145127E-16));
#436 = ( GEOMETRIC_REPRESENTATION_CONTEXT(2) 
PARAMETRIC_REPRESENTATION_CONTEXT() REPRESENTATION_CONTEXT('2D SPACE',''
  ) );
#437 = ORIENTED_EDGE('',*,*,#438,.T.);
#438 = EDGE_CURVE('',#407,#439,#441,.T.);
#439 = VERTEX_POINT('',#440);
#440 = CARTESIAN_POINT('',(-5.814636704043,-1.,16.713636363636));
#441 = SURFACE_CURVE('',#442,(#446,#452),.PCURVE_S1.);
#442 = LINE('',#443,#444);
#443 = CARTESIAN_POINT('',(-5.814636704043,-1.,13.6));
#444 = VECTOR('',#445,1.);
#445 = DIRECTION('',(0.,0.,1.));
#446 = PCURVE('',#58,#447);
#447 = DEFINITIONAL_REPRESENTATION('',(#448),#451);
#448 = B_SPLINE_CURVE_WITH_KNOTS('',1,(#449,#450),.UNSPECIFIED.,.F.,.F.,
  (2,2),(2.886363036364,3.113636963636),.PIECEWISE_BEZIER_KNOTS.);
#449 = CARTESIAN_POINT('',(2.886363036364,1.285363295957));
#450 = CARTESIAN_POINT('',(3.113636963636,1.285363295957));
#451 = ( GEOMETRIC_REPRESENTATION_CONTEXT(2) 
PARAMETRIC_REPRESENTATION_CONTEXT() REPRESENTATION_CONTEXT('2D SPACE',''
  ) );
#452 = PCURVE('',#453,#458);
#453 = CYLINDRICAL_SURFACE('',#454,5.9);
#454 = AXIS2_PLACEMENT_3D('',#455,#456,#457);
#455 = CARTESIAN_POINT('',(0.,0.,13.6));
#456 = DIRECTION('',(0.,0.,1.));
#457 = DIRECTION('',(1.,0.,-0.));
#458 = DEFINITIONAL_REPRESENTATION('',(#459),#462);
#459 = B_SPLINE_CURVE_WITH_KNOTS('',1,(#460,#461),.UNSPECIFIED.,.F.,.F.,
  (2,2),(2.886363636364,3.113636363636),.PIECEWISE_BEZIER_KNOTS.);
#460 = CARTESIAN_POINT('',(3.311906360434,2.886363636364));
#461 = CARTESIAN_POINT('',(3.311906360434,3.113636363636));
#462 = ( GEOMETRIC_REPRESENTATION_CONTEXT(2) 
PARAMETRIC_REPRESENTATION_CONTEXT() REPRESENTATION_CONTEXT('2D SPACE',''
  ) );
#463 = ORIENTED_EDGE('',*,*,#464,.F.);
#464 = EDGE_CURVE('',#465,#439,#467,.T.);
#465 = VERTEX_POINT('',#466);
#466 = CARTESIAN_POINT('',(-5.347298383296,-1.,16.975));
#467 = SURFACE_CURVE('',#468,(#473,#480),.PCURVE_S1.);
#468 = HYPERBOLA('',#469,0.568181818182,1.);
#469 = AXIS2_PLACEMENT_3D('',#470,#471,#472);
#470 = CARTESIAN_POINT('',(0.,-1.,20.065909090909));
#471 = DIRECTION('',(0.,1.,0.));
#472 = DIRECTION('',(-0.,0.,-1.));
#473 = PCURVE('',#58,#474);
#474 = DEFINITIONAL_REPRESENTATION('',(#475),#479);
#475 = ( BOUNDED_CURVE() B_SPLINE_CURVE(2,(#476,#477,#478),
.UNSPECIFIED.,.F.,.F.) B_SPLINE_CURVE_WITH_KNOTS((3,3),(2.37836936639,
2.4608390603),.PIECEWISE_BEZIER_KNOTS.) CURVE() 
GEOMETRIC_REPRESENTATION_ITEM() RATIONAL_B_SPLINE_CURVE((1.,
1.000850276769,1.)) REPRESENTATION_ITEM('') );
#476 = CARTESIAN_POINT('',(3.375,1.752701616704));
#477 = CARTESIAN_POINT('',(3.249789690207,1.52851109952));
#478 = CARTESIAN_POINT('',(3.113636363636,1.285363295957));
#479 = ( GEOMETRIC_REPRESENTATION_CONTEXT(2) 
PARAMETRIC_REPRESENTATION_CONTEXT() REPRESENTATION_CONTEXT('2D SPACE',''
  ) );
#480 = PCURVE('',#481,#486);
#481 = CONICAL_SURFACE('',#482,6.1,1.054101188033);
#482 = AXIS2_PLACEMENT_3D('',#483,#484,#485);
#483 = CARTESIAN_POINT('',(0.,0.,16.6));
#484 = DIRECTION('',(-0.,-0.,-1.));
#485 = DIRECTION('',(1.,0.,-0.));
#486 = DEFINITIONAL_REPRESENTATION('',(#487),#494);
#487 = B_SPLINE_CURVE_WITH_KNOTS('',5,(#488,#489,#490,#491,#492,#493),
  .UNSPECIFIED.,.F.,.F.,(6,6),(2.37836936639,2.4608390603),
  .PIECEWISE_BEZIER_KNOTS.);
#488 = CARTESIAN_POINT('',(-3.32646751559,-0.375));
#489 = CARTESIAN_POINT('',(-3.323435541549,-0.324887493077));
#490 = CARTESIAN_POINT('',(-3.32046501376,-0.273723883849));
#491 = CARTESIAN_POINT('',(-3.317554329916,-0.221480769804));
#492 = CARTESIAN_POINT('',(-3.314701943278,-0.168128557862));
#493 = CARTESIAN_POINT('',(-3.311906360434,-0.113636363636));
#494 = ( GEOMETRIC_REPRESENTATION_CONTEXT(2) 
PARAMETRIC_REPRESENTATION_CONTEXT() REPRESENTATION_CONTEXT('2D SPACE',''
  ) );
#495 = ORIENTED_EDGE('',*,*,#496,.F.);
#496 = EDGE_CURVE('',#497,#465,#499,.T.);
#497 = VERTEX_POINT('',#498);
#498 = CARTESIAN_POINT('',(-5.814636704043,-1.,17.236363636364));
#499 = SURFACE_CURVE('',#500,(#505,#512),.PCURVE_S1.);
#500 = HYPERBOLA('',#501,0.568181818182,1.);
#501 = AXIS2_PLACEMENT_3D('',#502,#503,#504);
#502 = CARTESIAN_POINT('',(0.,-1.,13.884090909091));
#503 = DIRECTION('',(-0.,1.,0.));
#504 = DIRECTION('',(0.,0.,1.));
#505 = PCURVE('',#58,#506);
#506 = DEFINITIONAL_REPRESENTATION('',(#507),#511);
#507 = ( BOUNDED_CURVE() B_SPLINE_CURVE(2,(#508,#509,#510),
.UNSPECIFIED.,.F.,.F.) B_SPLINE_CURVE_WITH_KNOTS((3,3),(-2.4608390603,
-2.37836936639),.PIECEWISE_BEZIER_KNOTS.) CURVE() 
GEOMETRIC_REPRESENTATION_ITEM() RATIONAL_B_SPLINE_CURVE((1.,
1.000850276769,1.)) REPRESENTATION_ITEM('') );
#508 = CARTESIAN_POINT('',(3.636363636364,1.285363295957));
#509 = CARTESIAN_POINT('',(3.500210309793,1.52851109952));
#510 = CARTESIAN_POINT('',(3.375,1.752701616704));
#511 = ( GEOMETRIC_REPRESENTATION_CONTEXT(2) 
PARAMETRIC_REPRESENTATION_CONTEXT() REPRESENTATION_CONTEXT('2D SPACE',''
  ) );
#512 = PCURVE('',#513,#518);
#513 = CONICAL_SURFACE('',#514,5.44,1.054101188033);
#514 = AXIS2_PLACEMENT_3D('',#515,#516,#517);
#515 = CARTESIAN_POINT('',(0.,0.,16.975));
#516 = DIRECTION('',(0.,0.,1.));
#517 = DIRECTION('',(1.,0.,-0.));
#518 = DEFINITIONAL_REPRESENTATION('',(#519),#526);
#519 = B_SPLINE_CURVE_WITH_KNOTS('',5,(#520,#521,#522,#523,#524,#525),
  .UNSPECIFIED.,.F.,.F.,(6,6),(-2.4608390603,-2.37836936639),
  .PIECEWISE_BEZIER_KNOTS.);
#520 = CARTESIAN_POINT('',(3.311906360434,0.261363636364));
#521 = CARTESIAN_POINT('',(3.314701943278,0.206871442138));
#522 = CARTESIAN_POINT('',(3.317554329916,0.153519230196));
#523 = CARTESIAN_POINT('',(3.32046501376,0.101276116151));
#524 = CARTESIAN_POINT('',(3.323435541549,5.011250692257E-02));
#525 = CARTESIAN_POINT('',(3.32646751559,-3.81490145127E-16));
#526 = ( GEOMETRIC_REPRESENTATION_CONTEXT(2) 
PARAMETRIC_REPRESENTATION_CONTEXT() REPRESENTATION_CONTEXT('2D SPACE',''
  ) );
#527 = ORIENTED_EDGE('',*,*,#528,.T.);
#528 = EDGE_CURVE('',#497,#529,#531,.T.);
#529 = VERTEX_POINT('',#530);
#530 = CARTESIAN_POINT('',(-5.814636704043,-1.,17.463636363636));
#531 = SURFACE_CURVE('',#532,(#536,#542),.PCURVE_S1.);
#532 = LINE('',#533,#534);
#533 = CARTESIAN_POINT('',(-5.814636704043,-1.,13.6));
#534 = VECTOR('',#535,1.);
#535 = DIRECTION('',(0.,0.,1.));
#536 = PCURVE('',#58,#537);
#537 = DEFINITIONAL_REPRESENTATION('',(#538),#541);
#538 = B_SPLINE_CURVE_WITH_KNOTS('',1,(#539,#540),.UNSPECIFIED.,.F.,.F.,
  (2,2),(3.636363036364,3.863636963636),.PIECEWISE_BEZIER_KNOTS.);
#539 = CARTESIAN_POINT('',(3.636363036364,1.285363295957));
#540 = CARTESIAN_POINT('',(3.863636963636,1.285363295957));
#541 = ( GEOMETRIC_REPRESENTATION_CONTEXT(2) 
PARAMETRIC_REPRESENTATION_CONTEXT() REPRESENTATION_CONTEXT('2D SPACE',''
  ) );
#542 = PCURVE('',#543,#548);
#543 = CYLINDRICAL_SURFACE('',#544,5.9);
#544 = AXIS2_PLACEMENT_3D('',#545,#546,#547);
#545 = CARTESIAN_POINT('',(0.,0.,13.6));
#546 = DIRECTION('',(0.,0.,1.));
#547 = DIRECTION('',(1.,0.,-0.));
#548 = DEFINITIONAL_REPRESENTATION('',(#549),#552);
#549 = B_SPLINE_CURVE_WITH_KNOTS('',1,(#550,#551),.UNSPECIFIED.,.F.,.F.,
  (2,2),(3.636363636364,3.863636363636),.PIECEWISE_BEZIER_KNOTS.);
#550 = CARTESIAN_POINT('',(3.311906360434,3.636363636364));
#551 = CARTESIAN_POINT('',(3.311906360434,3.863636363636));
#552 = ( GEOMETRIC_REPRESENTATION_CONTEXT(2) 
PARAMETRIC_REPRESENTATION_CONTEXT() REPRESENTATION_CONTEXT('2D SPACE',''
  ) );
#553 = ORIENTED_EDGE('',*,*,#554,.F.);
#554 = EDGE_CURVE('',#555,#529,#557,.T.);
#555 = VERTEX_POINT('',#556);
#556 = CARTESIAN_POINT('',(-5.347298383296,-1.,17.725));
#557 = SURFACE_CURVE('',#558,(#563,#570),.PCURVE_S1.);
#558 = HYPERBOLA('',#559,0.568181818182,1.);
#559 = AXIS2_PLACEMENT_3D('',#560,#561,#562);
#560 = CARTESIAN_POINT('',(0.,-1.,20.815909090909));
#561 = DIRECTION('',(0.,1.,0.));
#562 = DIRECTION('',(-0.,0.,-1.));
#563 = PCURVE('',#58,#564);
#564 = DEFINITIONAL_REPRESENTATION('',(#565),#569);
#565 = ( BOUNDED_CURVE() B_SPLINE_CURVE(2,(#566,#567,#568),
.UNSPECIFIED.,.F.,.F.) B_SPLINE_CURVE_WITH_KNOTS((3,3),(2.37836936639,
2.4608390603),.PIECEWISE_BEZIER_KNOTS.) CURVE() 
GEOMETRIC_REPRESENTATION_ITEM() RATIONAL_B_SPLINE_CURVE((1.,
1.000850276769,1.)) REPRESENTATION_ITEM('') );
#566 = CARTESIAN_POINT('',(4.125,1.752701616704));
#567 = CARTESIAN_POINT('',(3.999789690207,1.52851109952));
#568 = CARTESIAN_POINT('',(3.863636363636,1.285363295957));
#569 = ( GEOMETRIC_REPRESENTATION_CONTEXT(2) 
PARAMETRIC_REPRESENTATION_CONTEXT() REPRESENTATION_CONTEXT('2D SPACE',''
  ) );
#570 = PCURVE('',#571,#576);
#571 = CONICAL_SURFACE('',#572,6.1,1.054101188033);
#572 = AXIS2_PLACEMENT_3D('',#573,#574,#575);
#573 = CARTESIAN_POINT('',(0.,0.,17.35));
#574 = DIRECTION('',(-0.,-0.,-1.));
#575 = DIRECTION('',(1.,0.,-0.));
#576 = DEFINITIONAL_REPRESENTATION('',(#577),#584);
#577 = B_SPLINE_CURVE_WITH_KNOTS('',5,(#578,#579,#580,#581,#582,#583),
  .UNSPECIFIED.,.F.,.F.,(6,6),(2.37836936639,2.4608390603),
  .PIECEWISE_BEZIER_KNOTS.);
#578 = CARTESIAN_POINT('',(-3.32646751559,-0.375));
#579 = CARTESIAN_POINT('',(-3.323435541549,-0.324887493077));
#580 = CARTESIAN_POINT('',(-3.32046501376,-0.273723883849));
#581 = CARTESIAN_POINT('',(-3.317554329916,-0.221480769804));
#582 = CARTESIAN_POINT('',(-3.314701943278,-0.168128557862));
#583 = CARTESIAN_POINT('',(-3.311906360434,-0.113636363636));
#584 = ( GEOMETRIC_REPRESENTATION_CONTEXT(2) 
PARAMETRIC_REPRESENTATION_CONTEXT() REPRESENTATION_CONTEXT('2D SPACE',''
  ) );
#585 = ORIENTED_EDGE('',*,*,#586,.F.);
#586 = EDGE_CURVE('',#587,#555,#589,.T.);
#587 = VERTEX_POINT('',#588);
#588 = CARTESIAN_POINT('',(-5.814636704043,-1.,17.986363636364));
#589 = SURFACE_CURVE('',#590,(#595,#602),.PCURVE_S1.);
#590 = HYPERBOLA('',#591,0.568181818182,1.);
#591 = AXIS2_PLACEMENT_3D('',#592,#593,#594);
#592 = CARTESIAN_POINT('',(0.,-1.,14.634090909091));
#593 = DIRECTION('',(-0.,1.,0.));
#594 = DIRECTION('',(0.,0.,1.));
#595 = PCURVE('',#58,#596);
#596 = DEFINITIONAL_REPRESENTATION('',(#597),#601);
#597 = ( BOUNDED_CURVE() B_SPLINE_CURVE(2,(#598,#599,#600),
.UNSPECIFIED.,.F.,.F.) B_SPLINE_CURVE_WITH_KNOTS((3,3),(-2.4608390603,
-2.37836936639),.PIECEWISE_BEZIER_KNOTS.) CURVE() 
GEOMETRIC_REPRESENTATION_ITEM() RATIONAL_B_SPLINE_CURVE((1.,
1.000850276769,1.)) REPRESENTATION_ITEM('') );
#598 = CARTESIAN_POINT('',(4.386363636364,1.285363295957));
#599 = CARTESIAN_POINT('',(4.250210309793,1.52851109952));
#600 = CARTESIAN_POINT('',(4.125,1.752701616704));
#601 = ( GEOMETRIC_REPRESENTATION_CONTEXT(2) 
PARAMETRIC_REPRESENTATION_CONTEXT() REPRESENTATION_CONTEXT('2D SPACE',''
  ) );
#602 = PCURVE('',#603,#608);
#603 = CONICAL_SURFACE('',#604,5.44,1.054101188033);
#604 = AXIS2_PLACEMENT_3D('',#605,#606,#607);
#605 = CARTESIAN_POINT('',(0.,0.,17.725));
#606 = DIRECTION('',(0.,0.,1.));
#607 = DIRECTION('',(1.,0.,-0.));
#608 = DEFINITIONAL_REPRESENTATION('',(#609),#616);
#609 = B_SPLINE_CURVE_WITH_KNOTS('',5,(#610,#611,#612,#613,#614,#615),
  .UNSPECIFIED.,.F.,.F.,(6,6),(-2.4608390603,-2.37836936639),
  .PIECEWISE_BEZIER_KNOTS.);
#610 = CARTESIAN_POINT('',(3.311906360434,0.261363636364));
#611 = CARTESIAN_POINT('',(3.314701943278,0.206871442138));
#612 = CARTESIAN_POINT('',(3.317554329916,0.153519230196));
#613 = CARTESIAN_POINT('',(3.32046501376,0.101276116151));
#614 = CARTESIAN_POINT('',(3.323435541549,5.011250692257E-02));
#615 = CARTESIAN_POINT('',(3.32646751559,-3.81490145127E-16));
#616 = ( GEOMETRIC_REPRESENTATION_CONTEXT(2) 
PARAMETRIC_REPRESENTATION_CONTEXT() REPRESENTATION_CONTEXT('2D SPACE',''
  ) );
#617 = ORIENTED_EDGE('',*,*,#618,.T.);
#618 = EDGE_CURVE('',#587,#619,#621,.T.);
#619 = VERTEX_POINT('',#620);
#620 = CARTESIAN_POINT('',(-5.814636704043,-1.,18.213636363636));
#621 = SURFACE_CURVE('',#622,(#626,#632),.PCURVE_S1.);
#622 = LINE('',#623,#624);
#623 = CARTESIAN_POINT('',(-5.814636704043,-1.,13.6));
#624 = VECTOR('',#625,1.);
#625 = DIRECTION('',(0.,0.,1.));
#626 = PCURVE('',#58,#627);
#627 = DEFINITIONAL_REPRESENTATION('',(#628),#631);
#628 = B_SPLINE_CURVE_WITH_KNOTS('',1,(#629,#630),.UNSPECIFIED.,.F.,.F.,
  (2,2),(4.386363036364,4.613636963636),.PIECEWISE_BEZIER_KNOTS.);
#629 = CARTESIAN_POINT('',(4.386363036364,1.285363295957));
#630 = CARTESIAN_POINT('',(4.613636963636,1.285363295957));
#631 = ( GEOMETRIC_REPRESENTATION_CONTEXT(2) 
PARAMETRIC_REPRESENTATION_CONTEXT() REPRESENTATION_CONTEXT('2D SPACE',''
  ) );
#632 = PCURVE('',#633,#638);
#633 = CYLINDRICAL_SURFACE('',#634,5.9);
#634 = AXIS2_PLACEMENT_3D('',#635,#636,#637);
#635 = CARTESIAN_POINT('',(0.,0.,13.6));
#636 = DIRECTION('',(0.,0.,1.));
#637 = DIRECTION('',(1.,0.,-0.));
#638 = DEFINITIONAL_REPRESENTATION('',(#639),#642);
#639 = B_SPLINE_CURVE_WITH_KNOTS('',1,(#640,#641),.UNSPECIFIED.,.F.,.F.,
  (2,2),(4.386363636364,4.613636363636),.PIECEWISE_BEZIER_KNOTS.);
#640 = CARTESIAN_POINT('',(3.311906360434,4.386363636364));
#641 = CARTESIAN_POINT('',(3.311906360434,4.613636363636));
#642 = ( GEOMETRIC_REPRESENTATION_CONTEXT(2) 
PARAMETRIC_REPRESENTATION_CONTEXT() REPRESENTATION_CONTEXT('2D SPACE',''
  ) );
#643 = ORIENTED_EDGE('',*,*,#644,.F.);
#644 = EDGE_CURVE('',#645,#619,#647,.T.);
#645 = VERTEX_POINT('',#646);
#646 = CARTESIAN_POINT('',(-5.347298383296,-1.,18.475));
#647 = SURFACE_CURVE('',#648,(#653,#660),.PCURVE_S1.);
#648 = HYPERBOLA('',#649,0.568181818182,1.);
#649 = AXIS2_PLACEMENT_3D('',#650,#651,#652);
#650 = CARTESIAN_POINT('',(0.,-1.,21.565909090909));
#651 = DIRECTION('',(0.,1.,0.));
#652 = DIRECTION('',(-0.,0.,-1.));
#653 = PCURVE('',#58,#654);
#654 = DEFINITIONAL_REPRESENTATION('',(#655),#659);
#655 = ( BOUNDED_CURVE() B_SPLINE_CURVE(2,(#656,#657,#658),
.UNSPECIFIED.,.F.,.F.) B_SPLINE_CURVE_WITH_KNOTS((3,3),(2.37836936639,
2.4608390603),.PIECEWISE_BEZIER_KNOTS.) CURVE() 
GEOMETRIC_REPRESENTATION_ITEM() RATIONAL_B_SPLINE_CURVE((1.,
1.000850276769,1.)) REPRESENTATION_ITEM('') );
#656 = CARTESIAN_POINT('',(4.875,1.752701616704));
#657 = CARTESIAN_POINT('',(4.749789690207,1.52851109952));
#658 = CARTESIAN_POINT('',(4.613636363636,1.285363295957));
#659 = ( GEOMETRIC_REPRESENTATION_CONTEXT(2) 
PARAMETRIC_REPRESENTATION_CONTEXT() REPRESENTATION_CONTEXT('2D SPACE',''
  ) );
#660 = PCURVE('',#661,#666);
#661 = CONICAL_SURFACE('',#662,6.1,1.054101188033);
#662 = AXIS2_PLACEMENT_3D('',#663,#664,#665);
#663 = CARTESIAN_POINT('',(0.,0.,18.1));
#664 = DIRECTION('',(-0.,-0.,-1.));
#665 = DIRECTION('',(1.,0.,-0.));
#666 = DEFINITIONAL_REPRESENTATION('',(#667),#674);
#667 = B_SPLINE_CURVE_WITH_KNOTS('',5,(#668,#669,#670,#671,#672,#673),
  .UNSPECIFIED.,.F.,.F.,(6,6),(2.37836936639,2.4608390603),
  .PIECEWISE_BEZIER_KNOTS.);
#668 = CARTESIAN_POINT('',(-3.32646751559,-0.375));
#669 = CARTESIAN_POINT('',(-3.323435541549,-0.324887493077));
#670 = CARTESIAN_POINT('',(-3.32046501376,-0.273723883849));
#671 = CARTESIAN_POINT('',(-3.317554329916,-0.221480769804));
#672 = CARTESIAN_POINT('',(-3.314701943278,-0.168128557862));
#673 = CARTESIAN_POINT('',(-3.311906360434,-0.113636363636));
#674 = ( GEOMETRIC_REPRESENTATION_CONTEXT(2) 
PARAMETRIC_REPRESENTATION_CONTEXT() REPRESENTATION_CONTEXT('2D SPACE',''
  ) );
#675 = ORIENTED_EDGE('',*,*,#676,.F.);
#676 = EDGE_CURVE('',#677,#645,#679,.T.);
#677 = VERTEX_POINT('',#678);
#678 = CARTESIAN_POINT('',(-5.814636704043,-1.,18.736363636364));
#679 = SURFACE_CURVE('',#680,(#685,#692),.PCURVE_S1.);
#680 = HYPERBOLA('',#681,0.568181818182,1.);
#681 = AXIS2_PLACEMENT_3D('',#682,#683,#684);
#682 = CARTESIAN_POINT('',(0.,-1.,15.384090909091));
#683 = DIRECTION('',(-0.,1.,0.));
#684 = DIRECTION('',(0.,0.,1.));
#685 = PCURVE('',#58,#686);
#686 = DEFINITIONAL_REPRESENTATION('',(#687),#691);
#687 = ( BOUNDED_CURVE() B_SPLINE_CURVE(2,(#688,#689,#690),
.UNSPECIFIED.,.F.,.F.) B_SPLINE_CURVE_WITH_KNOTS((3,3),(-2.4608390603,
-2.37836936639),.PIECEWISE_BEZIER_KNOTS.) CURVE() 
GEOMETRIC_REPRESENTATION_ITEM() RATIONAL_B_SPLINE_CURVE((1.,
1.000850276769,1.)) REPRESENTATION_ITEM('') );
#688 = CARTESIAN_POINT('',(5.136363636364,1.285363295957));
#689 = CARTESIAN_POINT('',(5.000210309793,1.52851109952));
#690 = CARTESIAN_POINT('',(4.875,1.752701616704));
#691 = ( GEOMETRIC_REPRESENTATION_CONTEXT(2) 
PARAMETRIC_REPRESENTATION_CONTEXT() REPRESENTATION_CONTEXT('2D SPACE',''
  ) );
#692 = PCURVE('',#693,#698);
#693 = CONICAL_SURFACE('',#694,5.44,1.054101188033);
#694 = AXIS2_PLACEMENT_3D('',#695,#696,#697);
#695 = CARTESIAN_POINT('',(0.,0.,18.475));
#696 = DIRECTION('',(0.,0.,1.));
#697 = DIRECTION('',(1.,0.,-0.));
#698 = DEFINITIONAL_REPRESENTATION('',(#699),#706);
#699 = B_SPLINE_CURVE_WITH_KNOTS('',5,(#700,#701,#702,#703,#704,#705),
  .UNSPECIFIED.,.F.,.F.,(6,6),(-2.4608390603,-2.37836936639),
  .PIECEWISE_BEZIER_KNOTS.);
#700 = CARTESIAN_POINT('',(3.311906360434,0.261363636364));
#701 = CARTESIAN_POINT('',(3.314701943278,0.206871442138));
#702 = CARTESIAN_POINT('',(3.317554329916,0.153519230196));
#703 = CARTESIAN_POINT('',(3.32046501376,0.101276116151));
#704 = CARTESIAN_POINT('',(3.323435541549,5.011250692257E-02));
#705 = CARTESIAN_POINT('',(3.32646751559,-3.81490145127E-16));
#706 = ( GEOMETRIC_REPRESENTATION_CONTEXT(2) 
PARAMETRIC_REPRESENTATION_CONTEXT() REPRESENTATION_CONTEXT('2D SPACE',''
  ) );
#707 = ORIENTED_EDGE('',*,*,#708,.T.);
#708 = EDGE_CURVE('',#677,#709,#711,.T.);
#709 = VERTEX_POINT('',#710);
#710 = CARTESIAN_POINT('',(-5.814636704043,-1.,18.963636363636));
#711 = SURFACE_CURVE('',#712,(#716,#722),.PCURVE_S1.);
#712 = LINE('',#713,#714);
#713 = CARTESIAN_POINT('',(-5.814636704043,-1.,13.6));
#714 = VECTOR('',#715,1.);
#715 = DIRECTION('',(0.,0.,1.));
#716 = PCURVE('',#58,#717);
#717 = DEFINITIONAL_REPRESENTATION('',(#718),#721);
#718 = B_SPLINE_CURVE_WITH_KNOTS('',1,(#719,#720),.UNSPECIFIED.,.F.,.F.,
  (2,2),(5.136363036364,5.363636963636),.PIECEWISE_BEZIER_KNOTS.);
#719 = CARTESIAN_POINT('',(5.136363036364,1.285363295957));
#720 = CARTESIAN_POINT('',(5.363636963636,1.285363295957));
#721 = ( GEOMETRIC_REPRESENTATION_CONTEXT(2) 
PARAMETRIC_REPRESENTATION_CONTEXT() REPRESENTATION_CONTEXT('2D SPACE',''
  ) );
#722 = PCURVE('',#723,#728);
#723 = CYLINDRICAL_SURFACE('',#724,5.9);
#724 = AXIS2_PLACEMENT_3D('',#725,#726,#727);
#725 = CARTESIAN_POINT('',(0.,0.,13.6));
#726 = DIRECTION('',(0.,0.,1.));
#727 = DIRECTION('',(1.,0.,-0.));
#728 = DEFINITIONAL_REPRESENTATION('',(#729),#732);
#729 = B_SPLINE_CURVE_WITH_KNOTS('',1,(#730,#731),.UNSPECIFIED.,.F.,.F.,
  (2,2),(5.136363636364,5.363636363636),.PIECEWISE_BEZIER_KNOTS.);
#730 = CARTESIAN_POINT('',(3.311906360434,5.136363636364));
#731 = CARTESIAN_POINT('',(3.311906360434,5.363636363636));
#732 = ( GEOMETRIC_REPRESENTATION_CONTEXT(2) 
PARAMETRIC_REPRESENTATION_CONTEXT() REPRESENTATION_CONTEXT('2D SPACE',''
  ) );
#733 = ORIENTED_EDGE('',*,*,#734,.F.);
#734 = EDGE_CURVE('',#735,#709,#737,.T.);
#735 = VERTEX_POINT('',#736);
#736 = CARTESIAN_POINT('',(-5.347298383296,-1.,19.225));
#737 = SURFACE_CURVE('',#738,(#743,#750),.PCURVE_S1.);
#738 = HYPERBOLA('',#739,0.568181818182,1.);
#739 = AXIS2_PLACEMENT_3D('',#740,#741,#742);
#740 = CARTESIAN_POINT('',(0.,-1.,22.315909090909));
#741 = DIRECTION('',(0.,1.,0.));
#742 = DIRECTION('',(-0.,0.,-1.));
#743 = PCURVE('',#58,#744);
#744 = DEFINITIONAL_REPRESENTATION('',(#745),#749);
#745 = ( BOUNDED_CURVE() B_SPLINE_CURVE(2,(#746,#747,#748),
.UNSPECIFIED.,.F.,.F.) B_SPLINE_CURVE_WITH_KNOTS((3,3),(2.37836936639,
2.4608390603),.PIECEWISE_BEZIER_KNOTS.) CURVE() 
GEOMETRIC_REPRESENTATION_ITEM() RATIONAL_B_SPLINE_CURVE((1.,
1.000850276769,1.)) REPRESENTATION_ITEM('') );
#746 = CARTESIAN_POINT('',(5.625,1.752701616704));
#747 = CARTESIAN_POINT('',(5.499789690207,1.52851109952));
#748 = CARTESIAN_POINT('',(5.363636363636,1.285363295957));
#749 = ( GEOMETRIC_REPRESENTATION_CONTEXT(2) 
PARAMETRIC_REPRESENTATION_CONTEXT() REPRESENTATION_CONTEXT('2D SPACE',''
  ) );
#750 = PCURVE('',#751,#756);
#751 = CONICAL_SURFACE('',#752,6.1,1.054101188033);
#752 = AXIS2_PLACEMENT_3D('',#753,#754,#755);
#753 = CARTESIAN_POINT('',(0.,0.,18.85));
#754 = DIRECTION('',(-0.,-0.,-1.));
#755 = DIRECTION('',(1.,0.,-0.));
#756 = DEFINITIONAL_REPRESENTATION('',(#757),#764);
#757 = B_SPLINE_CURVE_WITH_KNOTS('',5,(#758,#759,#760,#761,#762,#763),
  .UNSPECIFIED.,.F.,.F.,(6,6),(2.37836936639,2.4608390603),
  .PIECEWISE_BEZIER_KNOTS.);
#758 = CARTESIAN_POINT('',(-3.32646751559,-0.375));
#759 = CARTESIAN_POINT('',(-3.323435541549,-0.324887493077));
#760 = CARTESIAN_POINT('',(-3.32046501376,-0.273723883849));
#761 = CARTESIAN_POINT('',(-3.317554329916,-0.221480769804));
#762 = CARTESIAN_POINT('',(-3.314701943278,-0.168128557862));
#763 = CARTESIAN_POINT('',(-3.311906360434,-0.113636363636));
#764 = ( GEOMETRIC_REPRESENTATION_CONTEXT(2) 
PARAMETRIC_REPRESENTATION_CONTEXT() REPRESENTATION_CONTEXT('2D SPACE',''
  ) );
#765 = ORIENTED_EDGE('',*,*,#766,.F.);
#766 = EDGE_CURVE('',#767,#735,#769,.T.);
#767 = VERTEX_POINT('',#768);
#768 = CARTESIAN_POINT('',(-5.814636704043,-1.,19.486363636364));
#769 = SURFACE_CURVE('',#770,(#775,#782),.PCURVE_S1.);
#770 = HYPERBOLA('',#771,0.568181818182,1.);
#771 = AXIS2_PLACEMENT_3D('',#772,#773,#774);
#772 = CARTESIAN_POINT('',(0.,-1.,16.134090909091));
#773 = DIRECTION('',(-0.,1.,0.));
#774 = DIRECTION('',(0.,0.,1.));
#775 = PCURVE('',#58,#776);
#776 = DEFINITIONAL_REPRESENTATION('',(#777),#781);
#777 = ( BOUNDED_CURVE() B_SPLINE_CURVE(2,(#778,#779,#780),
.UNSPECIFIED.,.F.,.F.) B_SPLINE_CURVE_WITH_KNOTS((3,3),(-2.4608390603,
-2.37836936639),.PIECEWISE_BEZIER_KNOTS.) CURVE() 
GEOMETRIC_REPRESENTATION_ITEM() RATIONAL_B_SPLINE_CURVE((1.,
1.000850276769,1.)) REPRESENTATION_ITEM('') );
#778 = CARTESIAN_POINT('',(5.886363636364,1.285363295957));
#779 = CARTESIAN_POINT('',(5.750210309793,1.52851109952));
#780 = CARTESIAN_POINT('',(5.625,1.752701616704));
#781 = ( GEOMETRIC_REPRESENTATION_CONTEXT(2) 
PARAMETRIC_REPRESENTATION_CONTEXT() REPRESENTATION_CONTEXT('2D SPACE',''
  ) );
#782 = PCURVE('',#783,#788);
#783 = CONICAL_SURFACE('',#784,5.44,1.054101188033);
#784 = AXIS2_PLACEMENT_3D('',#785,#786,#787);
#785 = CARTESIAN_POINT('',(0.,0.,19.225));
#786 = DIRECTION('',(0.,0.,1.));
#787 = DIRECTION('',(1.,0.,-0.));
#788 = DEFINITIONAL_REPRESENTATION('',(#789),#796);
#789 = B_SPLINE_CURVE_WITH_KNOTS('',5,(#790,#791,#792,#793,#794,#795),
  .UNSPECIFIED.,.F.,.F.,(6,6),(-2.4608390603,-2.37836936639),
  .PIECEWISE_BEZIER_KNOTS.);
#790 = CARTESIAN_POINT('',(3.311906360434,0.261363636364));
#791 = CARTESIAN_POINT('',(3.314701943278,0.206871442138));
#792 = CARTESIAN_POINT('',(3.317554329916,0.153519230196));
#793 = CARTESIAN_POINT('',(3.32046501376,0.101276116151));
#794 = CARTESIAN_POINT('',(3.323435541549,5.011250692257E-02));
#795 = CARTESIAN_POINT('',(3.32646751559,-3.81490145127E-16));
#796 = ( GEOMETRIC_REPRESENTATION_CONTEXT(2) 
PARAMETRIC_REPRESENTATION_CONTEXT() REPRESENTATION_CONTEXT('2D SPACE',''
  ) );
#797 = ORIENTED_EDGE('',*,*,#798,.T.);
#798 = EDGE_CURVE('',#767,#799,#801,.T.);
#799 = VERTEX_POINT('',#800);
#800 = CARTESIAN_POINT('',(-5.814636704043,-1.,19.713636363636));
#801 = SURFACE_CURVE('',#802,(#806,#812),.PCURVE_S1.);
#802 = LINE('',#803,#804);
#803 = CARTESIAN_POINT('',(-5.814636704043,-1.,13.6));
#804 = VECTOR('',#805,1.);
#805 = DIRECTION('',(0.,0.,1.));
#806 = PCURVE('',#58,#807);
#807 = DEFINITIONAL_REPRESENTATION('',(#808),#811);
#808 = B_SPLINE_CURVE_WITH_KNOTS('',1,(#809,#810),.UNSPECIFIED.,.F.,.F.,
  (2,2),(5.886363036364,6.113636963636),.PIECEWISE_BEZIER_KNOTS.);
#809 = CARTESIAN_POINT('',(5.886363036364,1.285363295957));
#810 = CARTESIAN_POINT('',(6.113636963636,1.285363295957));
#811 = ( GEOMETRIC_REPRESENTATION_CONTEXT(2) 
PARAMETRIC_REPRESENTATION_CONTEXT() REPRESENTATION_CONTEXT('2D SPACE',''
  ) );
#812 = PCURVE('',#813,#818);
#813 = CYLINDRICAL_SURFACE('',#814,5.9);
#814 = AXIS2_PLACEMENT_3D('',#815,#816,#817);
#815 = CARTESIAN_POINT('',(0.,0.,13.6));
#816 = DIRECTION('',(0.,0.,1.));
#817 = DIRECTION('',(1.,0.,-0.));
#818 = DEFINITIONAL_REPRESENTATION('',(#819),#822);
#819 = B_SPLINE_CURVE_WITH_KNOTS('',1,(#820,#821),.UNSPECIFIED.,.F.,.F.,
  (2,2),(5.886363636364,6.113636363636),.PIECEWISE_BEZIER_KNOTS.);
#820 = CARTESIAN_POINT('',(3.311906360434,5.886363636364));
#821 = CARTESIAN_POINT('',(3.311906360434,6.113636363636));
#822 = ( GEOMETRIC_REPRESENTATION_CONTEXT(2) 
PARAMETRIC_REPRESENTATION_CONTEXT() REPRESENTATION_CONTEXT('2D SPACE',''
  ) );
#823 = ORIENTED_EDGE('',*,*,#824,.F.);
#824 = EDGE_CURVE('',#825,#799,#827,.T.);
#825 = VERTEX_POINT('',#826);
#826 = CARTESIAN_POINT('',(-5.347298383296,-1.,19.975));
#827 = SURFACE_CURVE('',#828,(#833,#840),.PCURVE_S1.);
#828 = HYPERBOLA('',#829,0.568181818182,1.);
#829 = AXIS2_PLACEMENT_3D('',#830,#831,#832);
#830 = CARTESIAN_POINT('',(0.,-1.,23.065909090909));
#831 = DIRECTION('',(0.,1.,0.));
#832 = DIRECTION('',(-0.,0.,-1.));
#833 = PCURVE('',#58,#834);
#834 = DEFINITIONAL_REPRESENTATION('',(#835),#839);
#835 = ( BOUNDED_CURVE() B_SPLINE_CURVE(2,(#836,#837,#838),
.UNSPECIFIED.,.F.,.F.) B_SPLINE_CURVE_WITH_KNOTS((3,3),(2.37836936639,
2.4608390603),.PIECEWISE_BEZIER_KNOTS.) CURVE() 
GEOMETRIC_REPRESENTATION_ITEM() RATIONAL_B_SPLINE_CURVE((1.,
1.000850276769,1.)) REPRESENTATION_ITEM('') );
#836 = CARTESIAN_POINT('',(6.375,1.752701616704));
#837 = CARTESIAN_POINT('',(6.249789690207,1.52851109952));
#838 = CARTESIAN_POINT('',(6.113636363636,1.285363295957));
#839 = ( GEOMETRIC_REPRESENTATION_CONTEXT(2) 
PARAMETRIC_REPRESENTATION_CONTEXT() REPRESENTATION_CONTEXT('2D SPACE',''
  ) );
#840 = PCURVE('',#841,#846);
#841 = CONICAL_SURFACE('',#842,6.1,1.054101188033);
#842 = AXIS2_PLACEMENT_3D('',#843,#844,#845);
#843 = CARTESIAN_POINT('',(0.,0.,19.6));
#844 = DIRECTION('',(-0.,-0.,-1.));
#845 = DIRECTION('',(1.,0.,-0.));
#846 = DEFINITIONAL_REPRESENTATION('',(#847),#854);
#847 = B_SPLINE_CURVE_WITH_KNOTS('',5,(#848,#849,#850,#851,#852,#853),
  .UNSPECIFIED.,.F.,.F.,(6,6),(2.37836936639,2.4608390603),
  .PIECEWISE_BEZIER_KNOTS.);
#848 = CARTESIAN_POINT('',(-3.32646751559,-0.375));
#849 = CARTESIAN_POINT('',(-3.323435541549,-0.324887493077));
#850 = CARTESIAN_POINT('',(-3.32046501376,-0.273723883849));
#851 = CARTESIAN_POINT('',(-3.317554329916,-0.221480769804));
#852 = CARTESIAN_POINT('',(-3.314701943278,-0.168128557862));
#853 = CARTESIAN_POINT('',(-3.311906360434,-0.113636363636));
#854 = ( GEOMETRIC_REPRESENTATION_CONTEXT(2) 
PARAMETRIC_REPRESENTATION_CONTEXT() REPRESENTATION_CONTEXT('2D SPACE',''
  ) );
#855 = ORIENTED_EDGE('',*,*,#856,.F.);
#856 = EDGE_CURVE('',#857,#825,#859,.T.);
#857 = VERTEX_POINT('',#858);
#858 = CARTESIAN_POINT('',(-5.814636704043,-1.,20.236363636364));
#859 = SURFACE_CURVE('',#860,(#865,#872),.PCURVE_S1.);
#860 = HYPERBOLA('',#861,0.568181818182,1.);
#861 = AXIS2_PLACEMENT_3D('',#862,#863,#864);
#862 = CARTESIAN_POINT('',(0.,-1.,16.884090909091));
#863 = DIRECTION('',(-0.,1.,0.));
#864 = DIRECTION('',(0.,0.,1.));
#865 = PCURVE('',#58,#866);
#866 = DEFINITIONAL_REPRESENTATION('',(#867),#871);
#867 = ( BOUNDED_CURVE() B_SPLINE_CURVE(2,(#868,#869,#870),
.UNSPECIFIED.,.F.,.F.) B_SPLINE_CURVE_WITH_KNOTS((3,3),(-2.4608390603,
-2.37836936639),.PIECEWISE_BEZIER_KNOTS.) CURVE() 
GEOMETRIC_REPRESENTATION_ITEM() RATIONAL_B_SPLINE_CURVE((1.,
1.000850276769,1.)) REPRESENTATION_ITEM('') );
#868 = CARTESIAN_POINT('',(6.636363636364,1.285363295957));
#869 = CARTESIAN_POINT('',(6.500210309793,1.52851109952));
#870 = CARTESIAN_POINT('',(6.375,1.752701616704));
#871 = ( GEOMETRIC_REPRESENTATION_CONTEXT(2) 
PARAMETRIC_REPRESENTATION_CONTEXT() REPRESENTATION_CONTEXT('2D SPACE',''
  ) );
#872 = PCURVE('',#873,#878);
#873 = CONICAL_SURFACE('',#874,5.44,1.054101188033);
#874 = AXIS2_PLACEMENT_3D('',#875,#876,#877);
#875 = CARTESIAN_POINT('',(0.,0.,19.975));
#876 = DIRECTION('',(0.,0.,1.));
#877 = DIRECTION('',(1.,0.,-0.));
#878 = DEFINITIONAL_REPRESENTATION('',(#879),#886);
#879 = B_SPLINE_CURVE_WITH_KNOTS('',5,(#880,#881,#882,#883,#884,#885),
  .UNSPECIFIED.,.F.,.F.,(6,6),(-2.4608390603,-2.37836936639),
  .PIECEWISE_BEZIER_KNOTS.);
#880 = CARTESIAN_POINT('',(3.311906360434,0.261363636364));
#881 = CARTESIAN_POINT('',(3.314701943278,0.206871442138));
#882 = CARTESIAN_POINT('',(3.317554329916,0.153519230196));
#883 = CARTESIAN_POINT('',(3.32046501376,0.101276116151));
#884 = CARTESIAN_POINT('',(3.323435541549,5.011250692257E-02));
#885 = CARTESIAN_POINT('',(3.32646751559,-3.81490145127E-16));
#886 = ( GEOMETRIC_REPRESENTATION_CONTEXT(2) 
PARAMETRIC_REPRESENTATION_CONTEXT() REPRESENTATION_CONTEXT('2D SPACE',''
  ) );
#887 = ORIENTED_EDGE('',*,*,#888,.T.);
#888 = EDGE_CURVE('',#857,#889,#891,.T.);
#889 = VERTEX_POINT('',#890);
#890 = CARTESIAN_POINT('',(-5.814636704043,-1.,20.463636363636));
#891 = SURFACE_CURVE('',#892,(#896,#902),.PCURVE_S1.);
#892 = LINE('',#893,#894);
#893 = CARTESIAN_POINT('',(-5.814636704043,-1.,13.6));
#894 = VECTOR('',#895,1.);
#895 = DIRECTION('',(0.,0.,1.));
#896 = PCURVE('',#58,#897);
#897 = DEFINITIONAL_REPRESENTATION('',(#898),#901);
#898 = B_SPLINE_CURVE_WITH_KNOTS('',1,(#899,#900),.UNSPECIFIED.,.F.,.F.,
  (2,2),(6.636363036364,6.863636963636),.PIECEWISE_BEZIER_KNOTS.);
#899 = CARTESIAN_POINT('',(6.636363036364,1.285363295957));
#900 = CARTESIAN_POINT('',(6.863636963636,1.285363295957));
#901 = ( GEOMETRIC_REPRESENTATION_CONTEXT(2) 
PARAMETRIC_REPRESENTATION_CONTEXT() REPRESENTATION_CONTEXT('2D SPACE',''
  ) );
#902 = PCURVE('',#903,#908);
#903 = CYLINDRICAL_SURFACE('',#904,5.9);
#904 = AXIS2_PLACEMENT_3D('',#905,#906,#907);
#905 = CARTESIAN_POINT('',(0.,0.,13.6));
#906 = DIRECTION('',(0.,0.,1.));
#907 = DIRECTION('',(1.,0.,-0.));
#908 = DEFINITIONAL_REPRESENTATION('',(#909),#912);
#909 = B_SPLINE_CURVE_WITH_KNOTS('',1,(#910,#911),.UNSPECIFIED.,.F.,.F.,
  (2,2),(6.636363636364,6.863636363636),.PIECEWISE_BEZIER_KNOTS.);
#910 = CARTESIAN_POINT('',(3.311906360434,6.636363636364));
#911 = CARTESIAN_POINT('',(3.311906360434,6.863636363636));
#912 = ( GEOMETRIC_REPRESENTATION_CONTEXT(2) 
PARAMETRIC_REPRESENTATION_CONTEXT() REPRESENTATION_CONTEXT('2D SPACE',''
  ) );
#913 = ORIENTED_EDGE('',*,*,#914,.F.);
#914 = EDGE_CURVE('',#915,#889,#917,.T.);
#915 = VERTEX_POINT('',#916);
#916 = CARTESIAN_POINT('',(-5.347298383296,-1.,20.725));
#917 = SURFACE_CURVE('',#918,(#923,#930),.PCURVE_S1.);
#918 = HYPERBOLA('',#919,0.568181818182,1.);
#919 = AXIS2_PLACEMENT_3D('',#920,#921,#922);
#920 = CARTESIAN_POINT('',(0.,-1.,23.815909090909));
#921 = DIRECTION('',(0.,1.,0.));
#922 = DIRECTION('',(-0.,0.,-1.));
#923 = PCURVE('',#58,#924);
#924 = DEFINITIONAL_REPRESENTATION('',(#925),#929);
#925 = ( BOUNDED_CURVE() B_SPLINE_CURVE(2,(#926,#927,#928),
.UNSPECIFIED.,.F.,.F.) B_SPLINE_CURVE_WITH_KNOTS((3,3),(2.37836936639,
2.4608390603),.PIECEWISE_BEZIER_KNOTS.) CURVE() 
GEOMETRIC_REPRESENTATION_ITEM() RATIONAL_B_SPLINE_CURVE((1.,
1.000850276769,1.)) REPRESENTATION_ITEM('') );
#926 = CARTESIAN_POINT('',(7.125,1.752701616704));
#927 = CARTESIAN_POINT('',(6.999789690207,1.52851109952));
#928 = CARTESIAN_POINT('',(6.863636363636,1.285363295957));
#929 = ( GEOMETRIC_REPRESENTATION_CONTEXT(2) 
PARAMETRIC_REPRESENTATION_CONTEXT() REPRESENTATION_CONTEXT('2D SPACE',''
  ) );
#930 = PCURVE('',#931,#936);
#931 = CONICAL_SURFACE('',#932,6.1,1.054101188033);
#932 = AXIS2_PLACEMENT_3D('',#933,#934,#935);
#933 = CARTESIAN_POINT('',(0.,0.,20.35));
#934 = DIRECTION('',(-0.,-0.,-1.));
#935 = DIRECTION('',(1.,0.,-0.));
#936 = DEFINITIONAL_REPRESENTATION('',(#937),#944);
#937 = B_SPLINE_CURVE_WITH_KNOTS('',5,(#938,#939,#940,#941,#942,#943),
  .UNSPECIFIED.,.F.,.F.,(6,6),(2.37836936639,2.4608390603),
  .PIECEWISE_BEZIER_KNOTS.);
#938 = CARTESIAN_POINT('',(-3.32646751559,-0.375));
#939 = CARTESIAN_POINT('',(-3.323435541549,-0.324887493077));
#940 = CARTESIAN_POINT('',(-3.32046501376,-0.273723883849));
#941 = CARTESIAN_POINT('',(-3.317554329916,-0.221480769804));
#942 = CARTESIAN_POINT('',(-3.314701943278,-0.168128557862));
#943 = CARTESIAN_POINT('',(-3.311906360434,-0.113636363636));
#944 = ( GEOMETRIC_REPRESENTATION_CONTEXT(2) 
PARAMETRIC_REPRESENTATION_CONTEXT() REPRESENTATION_CONTEXT('2D SPACE',''
  ) );
#945 = ORIENTED_EDGE('',*,*,#946,.F.);
#946 = EDGE_CURVE('',#947,#915,#949,.T.);
#947 = VERTEX_POINT('',#948);
#948 = CARTESIAN_POINT('',(-5.814636704043,-1.,20.986363636364));
#949 = SURFACE_CURVE('',#950,(#955,#962),.PCURVE_S1.);
#950 = HYPERBOLA('',#951,0.568181818182,1.);
#951 = AXIS2_PLACEMENT_3D('',#952,#953,#954);
#952 = CARTESIAN_POINT('',(0.,-1.,17.634090909091));
#953 = DIRECTION('',(-0.,1.,0.));
#954 = DIRECTION('',(0.,0.,1.));
#955 = PCURVE('',#58,#956);
#956 = DEFINITIONAL_REPRESENTATION('',(#957),#961);
#957 = ( BOUNDED_CURVE() B_SPLINE_CURVE(2,(#958,#959,#960),
.UNSPECIFIED.,.F.,.F.) B_SPLINE_CURVE_WITH_KNOTS((3,3),(-2.4608390603,
-2.37836936639),.PIECEWISE_BEZIER_KNOTS.) CURVE() 
GEOMETRIC_REPRESENTATION_ITEM() RATIONAL_B_SPLINE_CURVE((1.,
1.000850276769,1.)) REPRESENTATION_ITEM('') );
#958 = CARTESIAN_POINT('',(7.386363636364,1.285363295957));
#959 = CARTESIAN_POINT('',(7.250210309793,1.52851109952));
#960 = CARTESIAN_POINT('',(7.125,1.752701616704));
#961 = ( GEOMETRIC_REPRESENTATION_CONTEXT(2) 
PARAMETRIC_REPRESENTATION_CONTEXT() REPRESENTATION_CONTEXT('2D SPACE',''
  ) );
#962 = PCURVE('',#963,#968);
#963 = CONICAL_SURFACE('',#964,5.44,1.054101188033);
#964 = AXIS2_PLACEMENT_3D('',#965,#966,#967);
#965 = CARTESIAN_POINT('',(0.,0.,20.725));
#966 = DIRECTION('',(0.,0.,1.));
#967 = DIRECTION('',(1.,0.,-0.));
#968 = DEFINITIONAL_REPRESENTATION('',(#969),#976);
#969 = B_SPLINE_CURVE_WITH_KNOTS('',5,(#970,#971,#972,#973,#974,#975),
  .UNSPECIFIED.,.F.,.F.,(6,6),(-2.4608390603,-2.37836936639),
  .PIECEWISE_BEZIER_KNOTS.);
#970 = CARTESIAN_POINT('',(3.311906360434,0.261363636364));
#971 = CARTESIAN_POINT('',(3.314701943278,0.206871442138));
#972 = CARTESIAN_POINT('',(3.317554329916,0.153519230196));
#973 = CARTESIAN_POINT('',(3.32046501376,0.101276116151));
#974 = CARTESIAN_POINT('',(3.323435541549,5.011250692257E-02));
#975 = CARTESIAN_POINT('',(3.32646751559,-3.81490145127E-16));
#976 = ( GEOMETRIC_REPRESENTATION_CONTEXT(2) 
PARAMETRIC_REPRESENTATION_CONTEXT() REPRESENTATION_CONTEXT('2D SPACE',''
  ) );
#977 = ORIENTED_EDGE('',*,*,#978,.T.);
#978 = EDGE_CURVE('',#947,#979,#981,.T.);
#979 = VERTEX_POINT('',#980);
#980 = CARTESIAN_POINT('',(-5.814636704043,-1.,21.213636363636));
#981 = SURFACE_CURVE('',#982,(#986,#992),.PCURVE_S1.);
#982 = LINE('',#983,#984);
#983 = CARTESIAN_POINT('',(-5.814636704043,-1.,13.6));
#984 = VECTOR('',#985,1.);
#985 = DIRECTION('',(0.,0.,1.));
#986 = PCURVE('',#58,#987);
#987 = DEFINITIONAL_REPRESENTATION('',(#988),#991);
#988 = B_SPLINE_CURVE_WITH_KNOTS('',1,(#989,#990),.UNSPECIFIED.,.F.,.F.,
  (2,2),(7.386363036364,7.613636963636),.PIECEWISE_BEZIER_KNOTS.);
#989 = CARTESIAN_POINT('',(7.386363036364,1.285363295957));
#990 = CARTESIAN_POINT('',(7.613636963636,1.285363295957));
#991 = ( GEOMETRIC_REPRESENTATION_CONTEXT(2) 
PARAMETRIC_REPRESENTATION_CONTEXT() REPRESENTATION_CONTEXT('2D SPACE',''
  ) );
#992 = PCURVE('',#993,#998);
#993 = CYLINDRICAL_SURFACE('',#994,5.9);
#994 = AXIS2_PLACEMENT_3D('',#995,#996,#997);
#995 = CARTESIAN_POINT('',(0.,0.,13.6));
#996 = DIRECTION('',(0.,0.,1.));
#997 = DIRECTION('',(1.,0.,-0.));
#998 = DEFINITIONAL_REPRESENTATION('',(#999),#1002);
#999 = B_SPLINE_CURVE_WITH_KNOTS('',1,(#1000,#1001),.UNSPECIFIED.,.F.,
  .F.,(2,2),(7.386363636364,7.613636363636),.PIECEWISE_BEZIER_KNOTS.);
#1000 = CARTESIAN_POINT('',(3.311906360434,7.386363636364));
#1001 = CARTESIAN_POINT('',(3.311906360434,7.613636363636));
#1002 = ( GEOMETRIC_REPRESENTATION_CONTEXT(2) 
PARAMETRIC_REPRESENTATION_CONTEXT() REPRESENTATION_CONTEXT('2D SPACE',''
  ) );
#1003 = ORIENTED_EDGE('',*,*,#1004,.F.);
#1004 = EDGE_CURVE('',#1005,#979,#1007,.T.);
#1005 = VERTEX_POINT('',#1006);
#1006 = CARTESIAN_POINT('',(-5.347298383296,-1.,21.475));
#1007 = SURFACE_CURVE('',#1008,(#1013,#1020),.PCURVE_S1.);
#1008 = HYPERBOLA('',#1009,0.568181818182,1.);
#1009 = AXIS2_PLACEMENT_3D('',#1010,#1011,#1012);
#1010 = CARTESIAN_POINT('',(0.,-1.,24.565909090909));
#1011 = DIRECTION('',(0.,1.,0.));
#1012 = DIRECTION('',(-0.,0.,-1.));
#1013 = PCURVE('',#58,#1014);
#1014 = DEFINITIONAL_REPRESENTATION('',(#1015),#1019);
#1015 = ( BOUNDED_CURVE() B_SPLINE_CURVE(2,(#1016,#1017,#1018),
.UNSPECIFIED.,.F.,.F.) B_SPLINE_CURVE_WITH_KNOTS((3,3),(2.37836936639,
2.4608390603),.PIECEWISE_BEZIER_KNOTS.) CURVE() 
GEOMETRIC_REPRESENTATION_ITEM() RATIONAL_B_SPLINE_CURVE((1.,
1.000850276769,1.)) REPRESENTATION_ITEM('') );
#1016 = CARTESIAN_POINT('',(7.875,1.752701616704));
#1017 = CARTESIAN_POINT('',(7.749789690207,1.52851109952));
#1018 = CARTESIAN_POINT('',(7.613636363636,1.285363295957));
#1019 = ( GEOMETRIC_REPRESENTATION_CONTEXT(2) 
PARAMETRIC_REPRESENTATION_CONTEXT() REPRESENTATION_CONTEXT('2D SPACE',''
  ) );
#1020 = PCURVE('',#1021,#1026);
#1021 = CONICAL_SURFACE('',#1022,6.1,1.054101188033);
#1022 = AXIS2_PLACEMENT_3D('',#1023,#1024,#1025);
#1023 = CARTESIAN_POINT('',(0.,0.,21.1));
#1024 = DIRECTION('',(-0.,-0.,-1.));
#1025 = DIRECTION('',(1.,0.,-0.));
#1026 = DEFINITIONAL_REPRESENTATION('',(#1027),#1034);
#1027 = B_SPLINE_CURVE_WITH_KNOTS('',5,(#1028,#1029,#1030,#1031,#1032,
    #1033),.UNSPECIFIED.,.F.,.F.,(6,6),(2.37836936639,2.4608390603),
  .PIECEWISE_BEZIER_KNOTS.);
#1028 = CARTESIAN_POINT('',(-3.32646751559,-0.375));
#1029 = CARTESIAN_POINT('',(-3.323435541549,-0.324887493077));
#1030 = CARTESIAN_POINT('',(-3.32046501376,-0.273723883849));
#1031 = CARTESIAN_POINT('',(-3.317554329916,-0.221480769804));
#1032 = CARTESIAN_POINT('',(-3.314701943278,-0.168128557862));
#1033 = CARTESIAN_POINT('',(-3.311906360434,-0.113636363636));
#1034 = ( GEOMETRIC_REPRESENTATION_CONTEXT(2) 
PARAMETRIC_REPRESENTATION_CONTEXT() REPRESENTATION_CONTEXT('2D SPACE',''
  ) );
#1035 = ORIENTED_EDGE('',*,*,#1036,.F.);
#1036 = EDGE_CURVE('',#1037,#1005,#1039,.T.);
#1037 = VERTEX_POINT('',#1038);
#1038 = CARTESIAN_POINT('',(-5.814636704043,-1.,21.736363636364));
#1039 = SURFACE_CURVE('',#1040,(#1045,#1052),.PCURVE_S1.);
#1040 = HYPERBOLA('',#1041,0.568181818182,1.);
#1041 = AXIS2_PLACEMENT_3D('',#1042,#1043,#1044);
#1042 = CARTESIAN_POINT('',(0.,-1.,18.384090909091));
#1043 = DIRECTION('',(-0.,1.,0.));
#1044 = DIRECTION('',(0.,0.,1.));
#1045 = PCURVE('',#58,#1046);
#1046 = DEFINITIONAL_REPRESENTATION('',(#1047),#1051);
#1047 = ( BOUNDED_CURVE() B_SPLINE_CURVE(2,(#1048,#1049,#1050),
.UNSPECIFIED.,.F.,.F.) B_SPLINE_CURVE_WITH_KNOTS((3,3),(-2.4608390603,
-2.37836936639),.PIECEWISE_BEZIER_KNOTS.) CURVE() 
GEOMETRIC_REPRESENTATION_ITEM() RATIONAL_B_SPLINE_CURVE((1.,
1.000850276769,1.)) REPRESENTATION_ITEM('') );
#1048 = CARTESIAN_POINT('',(8.136363636364,1.285363295957));
#1049 = CARTESIAN_POINT('',(8.000210309793,1.52851109952));
#1050 = CARTESIAN_POINT('',(7.875,1.752701616704));
#1051 = ( GEOMETRIC_REPRESENTATION_CONTEXT(2) 
PARAMETRIC_REPRESENTATION_CONTEXT() REPRESENTATION_CONTEXT('2D SPACE',''
  ) );
#1052 = PCURVE('',#1053,#1058);
#1053 = CONICAL_SURFACE('',#1054,5.44,1.054101188033);
#1054 = AXIS2_PLACEMENT_3D('',#1055,#1056,#1057);
#1055 = CARTESIAN_POINT('',(0.,0.,21.475));
#1056 = DIRECTION('',(0.,0.,1.));
#1057 = DIRECTION('',(1.,0.,-0.));
#1058 = DEFINITIONAL_REPRESENTATION('',(#1059),#1066);
#1059 = B_SPLINE_CURVE_WITH_KNOTS('',5,(#1060,#1061,#1062,#1063,#1064,
    #1065),.UNSPECIFIED.,.F.,.F.,(6,6),(-2.4608390603,-2.37836936639),
  .PIECEWISE_BEZIER_KNOTS.);
#1060 = CARTESIAN_POINT('',(3.311906360434,0.261363636364));
#1061 = CARTESIAN_POINT('',(3.314701943278,0.206871442138));
#1062 = CARTESIAN_POINT('',(3.317554329916,0.153519230196));
#1063 = CARTESIAN_POINT('',(3.32046501376,0.101276116151));
#1064 = CARTESIAN_POINT('',(3.323435541549,5.011250692257E-02));
#1065 = CARTESIAN_POINT('',(3.32646751559,-3.81490145127E-16));
#1066 = ( GEOMETRIC_REPRESENTATION_CONTEXT(2) 
PARAMETRIC_REPRESENTATION_CONTEXT() REPRESENTATION_CONTEXT('2D SPACE',''
  ) );
#1067 = ORIENTED_EDGE('',*,*,#1068,.T.);
#1068 = EDGE_CURVE('',#1037,#1069,#1071,.T.);
#1069 = VERTEX_POINT('',#1070);
#1070 = CARTESIAN_POINT('',(-5.814636704043,-1.,21.963636363636));
#1071 = SURFACE_CURVE('',#1072,(#1076,#1082),.PCURVE_S1.);
#1072 = LINE('',#1073,#1074);
#1073 = CARTESIAN_POINT('',(-5.814636704043,-1.,13.6));
#1074 = VECTOR('',#1075,1.);
#1075 = DIRECTION('',(0.,0.,1.));
#1076 = PCURVE('',#58,#1077);
#1077 = DEFINITIONAL_REPRESENTATION('',(#1078),#1081);
#1078 = B_SPLINE_CURVE_WITH_KNOTS('',1,(#1079,#1080),.UNSPECIFIED.,.F.,
  .F.,(2,2),(8.136363036364,8.363636963636),.PIECEWISE_BEZIER_KNOTS.);
#1079 = CARTESIAN_POINT('',(8.136363036364,1.285363295957));
#1080 = CARTESIAN_POINT('',(8.363636963636,1.285363295957));
#1081 = ( GEOMETRIC_REPRESENTATION_CONTEXT(2) 
PARAMETRIC_REPRESENTATION_CONTEXT() REPRESENTATION_CONTEXT('2D SPACE',''
  ) );
#1082 = PCURVE('',#1083,#1088);
#1083 = CYLINDRICAL_SURFACE('',#1084,5.9);
#1084 = AXIS2_PLACEMENT_3D('',#1085,#1086,#1087);
#1085 = CARTESIAN_POINT('',(0.,0.,13.6));
#1086 = DIRECTION('',(0.,0.,1.));
#1087 = DIRECTION('',(1.,0.,-0.));
#1088 = DEFINITIONAL_REPRESENTATION('',(#1089),#1092);
#1089 = B_SPLINE_CURVE_WITH_KNOTS('',1,(#1090,#1091),.UNSPECIFIED.,.F.,
  .F.,(2,2),(8.136363636364,8.363636363636),.PIECEWISE_BEZIER_KNOTS.);
#1090 = CARTESIAN_POINT('',(3.311906360434,8.136363636364));
#1091 = CARTESIAN_POINT('',(3.311906360434,8.363636363636));
#1092 = ( GEOMETRIC_REPRESENTATION_CONTEXT(2) 
PARAMETRIC_REPRESENTATION_CONTEXT() REPRESENTATION_CONTEXT('2D SPACE',''
  ) );
#1093 = ORIENTED_EDGE('',*,*,#1094,.F.);
#1094 = EDGE_CURVE('',#1095,#1069,#1097,.T.);
#1095 = VERTEX_POINT('',#1096);
#1096 = CARTESIAN_POINT('',(-5.347298383296,-1.,22.225));
#1097 = SURFACE_CURVE('',#1098,(#1103,#1110),.PCURVE_S1.);
#1098 = HYPERBOLA('',#1099,0.568181818182,1.);
#1099 = AXIS2_PLACEMENT_3D('',#1100,#1101,#1102);
#1100 = CARTESIAN_POINT('',(0.,-1.,25.315909090909));
#1101 = DIRECTION('',(0.,1.,0.));
#1102 = DIRECTION('',(-0.,0.,-1.));
#1103 = PCURVE('',#58,#1104);
#1104 = DEFINITIONAL_REPRESENTATION('',(#1105),#1109);
#1105 = ( BOUNDED_CURVE() B_SPLINE_CURVE(2,(#1106,#1107,#1108),
.UNSPECIFIED.,.F.,.F.) B_SPLINE_CURVE_WITH_KNOTS((3,3),(2.37836936639,
2.4608390603),.PIECEWISE_BEZIER_KNOTS.) CURVE() 
GEOMETRIC_REPRESENTATION_ITEM() RATIONAL_B_SPLINE_CURVE((1.,
1.000850276769,1.)) REPRESENTATION_ITEM('') );
#1106 = CARTESIAN_POINT('',(8.625,1.752701616704));
#1107 = CARTESIAN_POINT('',(8.499789690207,1.52851109952));
#1108 = CARTESIAN_POINT('',(8.363636363636,1.285363295957));
#1109 = ( GEOMETRIC_REPRESENTATION_CONTEXT(2) 
PARAMETRIC_REPRESENTATION_CONTEXT() REPRESENTATION_CONTEXT('2D SPACE',''
  ) );
#1110 = PCURVE('',#1111,#1116);
#1111 = CONICAL_SURFACE('',#1112,6.1,1.054101188033);
#1112 = AXIS2_PLACEMENT_3D('',#1113,#1114,#1115);
#1113 = CARTESIAN_POINT('',(0.,0.,21.85));
#1114 = DIRECTION('',(-0.,-0.,-1.));
#1115 = DIRECTION('',(1.,0.,-0.));
#1116 = DEFINITIONAL_REPRESENTATION('',(#1117),#1124);
#1117 = B_SPLINE_CURVE_WITH_KNOTS('',5,(#1118,#1119,#1120,#1121,#1122,
    #1123),.UNSPECIFIED.,.F.,.F.,(6,6),(2.37836936639,2.4608390603),
  .PIECEWISE_BEZIER_KNOTS.);
#1118 = CARTESIAN_POINT('',(-3.32646751559,-0.375));
#1119 = CARTESIAN_POINT('',(-3.323435541549,-0.324887493077));
#1120 = CARTESIAN_POINT('',(-3.32046501376,-0.273723883849));
#1121 = CARTESIAN_POINT('',(-3.317554329916,-0.221480769804));
#1122 = CARTESIAN_POINT('',(-3.314701943278,-0.168128557862));
#1123 = CARTESIAN_POINT('',(-3.311906360434,-0.113636363636));
#1124 = ( GEOMETRIC_REPRESENTATION_CONTEXT(2) 
PARAMETRIC_REPRESENTATION_CONTEXT() REPRESENTATION_CONTEXT('2D SPACE',''
  ) );
#1125 = ORIENTED_EDGE('',*,*,#1126,.F.);
#1126 = EDGE_CURVE('',#1127,#1095,#1129,.T.);
#1127 = VERTEX_POINT('',#1128);
#1128 = CARTESIAN_POINT('',(-5.814636704043,-1.,22.486363636364));
#1129 = SURFACE_CURVE('',#1130,(#1135,#1142),.PCURVE_S1.);
#1130 = HYPERBOLA('',#1131,0.568181818182,1.);
#1131 = AXIS2_PLACEMENT_3D('',#1132,#1133,#1134);
#1132 = CARTESIAN_POINT('',(0.,-1.,19.134090909091));
#1133 = DIRECTION('',(-0.,1.,0.));
#1134 = DIRECTION('',(0.,0.,1.));
#1135 = PCURVE('',#58,#1136);
#1136 = DEFINITIONAL_REPRESENTATION('',(#1137),#1141);
#1137 = ( BOUNDED_CURVE() B_SPLINE_CURVE(2,(#1138,#1139,#1140),
.UNSPECIFIED.,.F.,.F.) B_SPLINE_CURVE_WITH_KNOTS((3,3),(-2.4608390603,
-2.37836936639),.PIECEWISE_BEZIER_KNOTS.) CURVE() 
GEOMETRIC_REPRESENTATION_ITEM() RATIONAL_B_SPLINE_CURVE((1.,
1.000850276769,1.)) REPRESENTATION_ITEM('') );
#1138 = CARTESIAN_POINT('',(8.886363636364,1.285363295957));
#1139 = CARTESIAN_POINT('',(8.750210309793,1.52851109952));
#1140 = CARTESIAN_POINT('',(8.625,1.752701616704));
#1141 = ( GEOMETRIC_REPRESENTATION_CONTEXT(2) 
PARAMETRIC_REPRESENTATION_CONTEXT() REPRESENTATION_CONTEXT('2D SPACE',''
  ) );
#1142 = PCURVE('',#1143,#1148);
#1143 = CONICAL_SURFACE('',#1144,5.44,1.054101188033);
#1144 = AXIS2_PLACEMENT_3D('',#1145,#1146,#1147);
#1145 = CARTESIAN_POINT('',(0.,0.,22.225));
#1146 = DIRECTION('',(0.,0.,1.));
#1147 = DIRECTION('',(1.,0.,-0.));
#1148 = DEFINITIONAL_REPRESENTATION('',(#1149),#1156);
#1149 = B_SPLINE_CURVE_WITH_KNOTS('',5,(#1150,#1151,#1152,#1153,#1154,
    #1155),.UNSPECIFIED.,.F.,.F.,(6,6),(-2.4608390603,-2.37836936639),
  .PIECEWISE_BEZIER_KNOTS.);
#1150 = CARTESIAN_POINT('',(3.311906360434,0.261363636364));
#1151 = CARTESIAN_POINT('',(3.314701943278,0.206871442138));
#1152 = CARTESIAN_POINT('',(3.317554329916,0.153519230196));
#1153 = CARTESIAN_POINT('',(3.32046501376,0.101276116151));
#1154 = CARTESIAN_POINT('',(3.323435541549,5.011250692257E-02));
#1155 = CARTESIAN_POINT('',(3.32646751559,-3.81490145127E-16));
#1156 = ( GEOMETRIC_REPRESENTATION_CONTEXT(2) 
PARAMETRIC_REPRESENTATION_CONTEXT() REPRESENTATION_CONTEXT('2D SPACE',''
  ) );
#1157 = ORIENTED_EDGE('',*,*,#1158,.T.);
#1158 = EDGE_CURVE('',#1127,#1159,#1161,.T.);
#1159 = VERTEX_POINT('',#1160);
#1160 = CARTESIAN_POINT('',(-5.814636704043,-1.,22.713636363636));
#1161 = SURFACE_CURVE('',#1162,(#1166,#1172),.PCURVE_S1.);
#1162 = LINE('',#1163,#1164);
#1163 = CARTESIAN_POINT('',(-5.814636704043,-1.,13.6));
#1164 = VECTOR('',#1165,1.);
#1165 = DIRECTION('',(0.,0.,1.));
#1166 = PCURVE('',#58,#1167);
#1167 = DEFINITIONAL_REPRESENTATION('',(#1168),#1171);
#1168 = B_SPLINE_CURVE_WITH_KNOTS('',1,(#1169,#1170),.UNSPECIFIED.,.F.,
  .F.,(2,2),(8.886363036364,9.113636963636),.PIECEWISE_BEZIER_KNOTS.);
#1169 = CARTESIAN_POINT('',(8.886363036364,1.285363295957));
#1170 = CARTESIAN_POINT('',(9.113636963636,1.285363295957));
#1171 = ( GEOMETRIC_REPRESENTATION_CONTEXT(2) 
PARAMETRIC_REPRESENTATION_CONTEXT() REPRESENTATION_CONTEXT('2D SPACE',''
  ) );
#1172 = PCURVE('',#1173,#1178);
#1173 = CYLINDRICAL_SURFACE('',#1174,5.9);
#1174 = AXIS2_PLACEMENT_3D('',#1175,#1176,#1177);
#1175 = CARTESIAN_POINT('',(0.,0.,13.6));
#1176 = DIRECTION('',(0.,0.,1.));
#1177 = DIRECTION('',(1.,0.,-0.));
#1178 = DEFINITIONAL_REPRESENTATION('',(#1179),#1182);
#1179 = B_SPLINE_CURVE_WITH_KNOTS('',1,(#1180,#1181),.UNSPECIFIED.,.F.,
  .F.,(2,2),(8.886363636364,9.113636363636),.PIECEWISE_BEZIER_KNOTS.);
#1180 = CARTESIAN_POINT('',(3.311906360434,8.886363636364));
#1181 = CARTESIAN_POINT('',(3.311906360434,9.113636363636));
#1182 = ( GEOMETRIC_REPRESENTATION_CONTEXT(2) 
PARAMETRIC_REPRESENTATION_CONTEXT() REPRESENTATION_CONTEXT('2D SPACE',''
  ) );
#1183 = ORIENTED_EDGE('',*,*,#1184,.F.);
#1184 = EDGE_CURVE('',#1185,#1159,#1187,.T.);
#1185 = VERTEX_POINT('',#1186);
#1186 = CARTESIAN_POINT('',(-5.347298383296,-1.,22.975));
#1187 = SURFACE_CURVE('',#1188,(#1193,#1200),.PCURVE_S1.);
#1188 = HYPERBOLA('',#1189,0.568181818182,1.);
#1189 = AXIS2_PLACEMENT_3D('',#1190,#1191,#1192);
#1190 = CARTESIAN_POINT('',(0.,-1.,26.065909090909));
#1191 = DIRECTION('',(0.,1.,0.));
#1192 = DIRECTION('',(-0.,0.,-1.));
#1193 = PCURVE('',#58,#1194);
#1194 = DEFINITIONAL_REPRESENTATION('',(#1195),#1199);
#1195 = ( BOUNDED_CURVE() B_SPLINE_CURVE(2,(#1196,#1197,#1198),
.UNSPECIFIED.,.F.,.F.) B_SPLINE_CURVE_WITH_KNOTS((3,3),(2.37836936639,
2.4608390603),.PIECEWISE_BEZIER_KNOTS.) CURVE() 
GEOMETRIC_REPRESENTATION_ITEM() RATIONAL_B_SPLINE_CURVE((1.,
1.000850276769,1.)) REPRESENTATION_ITEM('') );
#1196 = CARTESIAN_POINT('',(9.375,1.752701616704));
#1197 = CARTESIAN_POINT('',(9.249789690207,1.52851109952));
#1198 = CARTESIAN_POINT('',(9.113636363636,1.285363295957));
#1199 = ( GEOMETRIC_REPRESENTATION_CONTEXT(2) 
PARAMETRIC_REPRESENTATION_CONTEXT() REPRESENTATION_CONTEXT('2D SPACE',''
  ) );
#1200 = PCURVE('',#1201,#1206);
#1201 = CONICAL_SURFACE('',#1202,6.1,1.054101188033);
#1202 = AXIS2_PLACEMENT_3D('',#1203,#1204,#1205);
#1203 = CARTESIAN_POINT('',(0.,0.,22.6));
#1204 = DIRECTION('',(-0.,-0.,-1.));
#1205 = DIRECTION('',(1.,0.,-0.));
#1206 = DEFINITIONAL_REPRESENTATION('',(#1207),#1214);
#1207 = B_SPLINE_CURVE_WITH_KNOTS('',5,(#1208,#1209,#1210,#1211,#1212,
    #1213),.UNSPECIFIED.,.F.,.F.,(6,6),(2.37836936639,2.4608390603),
  .PIECEWISE_BEZIER_KNOTS.);
#1208 = CARTESIAN_POINT('',(-3.32646751559,-0.375));
#1209 = CARTESIAN_POINT('',(-3.323435541549,-0.324887493077));
#1210 = CARTESIAN_POINT('',(-3.32046501376,-0.273723883849));
#1211 = CARTESIAN_POINT('',(-3.317554329916,-0.221480769804));
#1212 = CARTESIAN_POINT('',(-3.314701943278,-0.168128557862));
#1213 = CARTESIAN_POINT('',(-3.311906360434,-0.113636363636));
#1214 = ( GEOMETRIC_REPRESENTATION_CONTEXT(2) 
PARAMETRIC_REPRESENTATION_CONTEXT() REPRESENTATION_CONTEXT('2D SPACE',''
  ) );
#1215 = ORIENTED_EDGE('',*,*,#1216,.F.);
#1216 = EDGE_CURVE('',#1217,#1185,#1219,.T.);
#1217 = VERTEX_POINT('',#1218);
#1218 = CARTESIAN_POINT('',(-5.814636704043,-1.,23.236363636364));
#1219 = SURFACE_CURVE('',#1220,(#1225,#1232),.PCURVE_S1.);
#1220 = HYPERBOLA('',#1221,0.568181818182,1.);
#1221 = AXIS2_PLACEMENT_3D('',#1222,#1223,#1224);
#1222 = CARTESIAN_POINT('',(0.,-1.,19.884090909091));
#1223 = DIRECTION('',(-0.,1.,0.));
#1224 = DIRECTION('',(0.,0.,1.));
#1225 = PCURVE('',#58,#1226);
#1226 = DEFINITIONAL_REPRESENTATION('',(#1227),#1231);
#1227 = ( BOUNDED_CURVE() B_SPLINE_CURVE(2,(#1228,#1229,#1230),
.UNSPECIFIED.,.F.,.F.) B_SPLINE_CURVE_WITH_KNOTS((3,3),(-2.4608390603,
-2.37836936639),.PIECEWISE_BEZIER_KNOTS.) CURVE() 
GEOMETRIC_REPRESENTATION_ITEM() RATIONAL_B_SPLINE_CURVE((1.,
1.000850276769,1.)) REPRESENTATION_ITEM('') );
#1228 = CARTESIAN_POINT('',(9.636363636364,1.285363295957));
#1229 = CARTESIAN_POINT('',(9.500210309793,1.52851109952));
#1230 = CARTESIAN_POINT('',(9.375,1.752701616704));
#1231 = ( GEOMETRIC_REPRESENTATION_CONTEXT(2) 
PARAMETRIC_REPRESENTATION_CONTEXT() REPRESENTATION_CONTEXT('2D SPACE',''
  ) );
#1232 = PCURVE('',#1233,#1238);
#1233 = CONICAL_SURFACE('',#1234,5.44,1.054101188033);
#1234 = AXIS2_PLACEMENT_3D('',#1235,#1236,#1237);
#1235 = CARTESIAN_POINT('',(0.,0.,22.975));
#1236 = DIRECTION('',(0.,0.,1.));
#1237 = DIRECTION('',(1.,0.,-0.));
#1238 = DEFINITIONAL_REPRESENTATION('',(#1239),#1246);
#1239 = B_SPLINE_CURVE_WITH_KNOTS('',5,(#1240,#1241,#1242,#1243,#1244,
    #1245),.UNSPECIFIED.,.F.,.F.,(6,6),(-2.4608390603,-2.37836936639),
  .PIECEWISE_BEZIER_KNOTS.);
#1240 = CARTESIAN_POINT('',(3.311906360434,0.261363636364));
#1241 = CARTESIAN_POINT('',(3.314701943278,0.206871442138));
#1242 = CARTESIAN_POINT('',(3.317554329916,0.153519230196));
#1243 = CARTESIAN_POINT('',(3.32046501376,0.101276116151));
#1244 = CARTESIAN_POINT('',(3.323435541549,5.011250692257E-02));
#1245 = CARTESIAN_POINT('',(3.32646751559,-3.81490145127E-16));
#1246 = ( GEOMETRIC_REPRESENTATION_CONTEXT(2) 
PARAMETRIC_REPRESENTATION_CONTEXT() REPRESENTATION_CONTEXT('2D SPACE',''
  ) );
#1247 = ORIENTED_EDGE('',*,*,#1248,.T.);
#1248 = EDGE_CURVE('',#1217,#1249,#1251,.T.);
#1249 = VERTEX_POINT('',#1250);
#1250 = CARTESIAN_POINT('',(-5.814636704043,-1.,23.463636363636));
#1251 = SURFACE_CURVE('',#1252,(#1256,#1262),.PCURVE_S1.);
#1252 = LINE('',#1253,#1254);
#1253 = CARTESIAN_POINT('',(-5.814636704043,-1.,13.6));
#1254 = VECTOR('',#1255,1.);
#1255 = DIRECTION('',(0.,0.,1.));
#1256 = PCURVE('',#58,#1257);
#1257 = DEFINITIONAL_REPRESENTATION('',(#1258),#1261);
#1258 = B_SPLINE_CURVE_WITH_KNOTS('',1,(#1259,#1260),.UNSPECIFIED.,.F.,
  .F.,(2,2),(9.636363036364,9.863636963636),.PIECEWISE_BEZIER_KNOTS.);
#1259 = CARTESIAN_POINT('',(9.636363036364,1.285363295957));
#1260 = CARTESIAN_POINT('',(9.863636963636,1.285363295957));
#1261 = ( GEOMETRIC_REPRESENTATION_CONTEXT(2) 
PARAMETRIC_REPRESENTATION_CONTEXT() REPRESENTATION_CONTEXT('2D SPACE',''
  ) );
#1262 = PCURVE('',#1263,#1268);
#1263 = CYLINDRICAL_SURFACE('',#1264,5.9);
#1264 = AXIS2_PLACEMENT_3D('',#1265,#1266,#1267);
#1265 = CARTESIAN_POINT('',(0.,0.,13.6));
#1266 = DIRECTION('',(0.,0.,1.));
#1267 = DIRECTION('',(1.,0.,-0.));
#1268 = DEFINITIONAL_REPRESENTATION('',(#1269),#1272);
#1269 = B_SPLINE_CURVE_WITH_KNOTS('',1,(#1270,#1271),.UNSPECIFIED.,.F.,
  .F.,(2,2),(9.636363636364,9.863636363636),.PIECEWISE_BEZIER_KNOTS.);
#1270 = CARTESIAN_POINT('',(3.311906360434,9.636363636364));
#1271 = CARTESIAN_POINT('',(3.311906360434,9.863636363636));
#1272 = ( GEOMETRIC_REPRESENTATION_CONTEXT(2) 
PARAMETRIC_REPRESENTATION_CONTEXT() REPRESENTATION_CONTEXT('2D SPACE',''
  ) );
#1273 = ORIENTED_EDGE('',*,*,#1274,.F.);
#1274 = EDGE_CURVE('',#1275,#1249,#1277,.T.);
#1275 = VERTEX_POINT('',#1276);
#1276 = CARTESIAN_POINT('',(-5.347298383296,-1.,23.725));
#1277 = SURFACE_CURVE('',#1278,(#1283,#1290),.PCURVE_S1.);
#1278 = HYPERBOLA('',#1279,0.568181818182,1.);
#1279 = AXIS2_PLACEMENT_3D('',#1280,#1281,#1282);
#1280 = CARTESIAN_POINT('',(0.,-1.,26.815909090909));
#1281 = DIRECTION('',(0.,1.,0.));
#1282 = DIRECTION('',(-0.,0.,-1.));
#1283 = PCURVE('',#58,#1284);
#1284 = DEFINITIONAL_REPRESENTATION('',(#1285),#1289);
#1285 = ( BOUNDED_CURVE() B_SPLINE_CURVE(2,(#1286,#1287,#1288),
.UNSPECIFIED.,.F.,.F.) B_SPLINE_CURVE_WITH_KNOTS((3,3),(2.37836936639,
2.4608390603),.PIECEWISE_BEZIER_KNOTS.) CURVE() 
GEOMETRIC_REPRESENTATION_ITEM() RATIONAL_B_SPLINE_CURVE((1.,
1.000850276769,1.)) REPRESENTATION_ITEM('') );
#1286 = CARTESIAN_POINT('',(10.125,1.752701616704));
#1287 = CARTESIAN_POINT('',(9.999789690207,1.52851109952));
#1288 = CARTESIAN_POINT('',(9.863636363636,1.285363295957));
#1289 = ( GEOMETRIC_REPRESENTATION_CONTEXT(2) 
PARAMETRIC_REPRESENTATION_CONTEXT() REPRESENTATION_CONTEXT('2D SPACE',''
  ) );
#1290 = PCURVE('',#1291,#1296);
#1291 = CONICAL_SURFACE('',#1292,6.1,1.054101188033);
#1292 = AXIS2_PLACEMENT_3D('',#1293,#1294,#1295);
#1293 = CARTESIAN_POINT('',(0.,0.,23.35));
#1294 = DIRECTION('',(-0.,-0.,-1.));
#1295 = DIRECTION('',(1.,0.,-0.));
#1296 = DEFINITIONAL_REPRESENTATION('',(#1297),#1304);
#1297 = B_SPLINE_CURVE_WITH_KNOTS('',5,(#1298,#1299,#1300,#1301,#1302,
    #1303),.UNSPECIFIED.,.F.,.F.,(6,6),(2.37836936639,2.4608390603),
  .PIECEWISE_BEZIER_KNOTS.);
#1298 = CARTESIAN_POINT('',(-3.32646751559,-0.375));
#1299 = CARTESIAN_POINT('',(-3.323435541549,-0.324887493077));
#1300 = CARTESIAN_POINT('',(-3.32046501376,-0.273723883849));
#1301 = CARTESIAN_POINT('',(-3.317554329916,-0.221480769804));
#1302 = CARTESIAN_POINT('',(-3.314701943278,-0.168128557862));
#1303 = CARTESIAN_POINT('',(-3.311906360434,-0.113636363636));
#1304 = ( GEOMETRIC_REPRESENTATION_CONTEXT(2) 
PARAMETRIC_REPRESENTATION_CONTEXT() REPRESENTATION_CONTEXT('2D SPACE',''
  ) );
#1305 = ORIENTED_EDGE('',*,*,#1306,.F.);
#1306 = EDGE_CURVE('',#1307,#1275,#1309,.T.);
#1307 = VERTEX_POINT('',#1308);
#1308 = CARTESIAN_POINT('',(-5.814636704043,-1.,23.986363636364));
#1309 = SURFACE_CURVE('',#1310,(#1315,#1322),.PCURVE_S1.);
#1310 = HYPERBOLA('',#1311,0.568181818182,1.);
#1311 = AXIS2_PLACEMENT_3D('',#1312,#1313,#1314);
#1312 = CARTESIAN_POINT('',(0.,-1.,20.634090909091));
#1313 = DIRECTION('',(-0.,1.,0.));
#1314 = DIRECTION('',(0.,0.,1.));
#1315 = PCURVE('',#58,#1316);
#1316 = DEFINITIONAL_REPRESENTATION('',(#1317),#1321);
#1317 = ( BOUNDED_CURVE() B_SPLINE_CURVE(2,(#1318,#1319,#1320),
.UNSPECIFIED.,.F.,.F.) B_SPLINE_CURVE_WITH_KNOTS((3,3),(-2.4608390603,
-2.37836936639),.PIECEWISE_BEZIER_KNOTS.) CURVE() 
GEOMETRIC_REPRESENTATION_ITEM() RATIONAL_B_SPLINE_CURVE((1.,
1.000850276769,1.)) REPRESENTATION_ITEM('') );
#1318 = CARTESIAN_POINT('',(10.386363636364,1.285363295957));
#1319 = CARTESIAN_POINT('',(10.250210309793,1.52851109952));
#1320 = CARTESIAN_POINT('',(10.125,1.752701616704));
#1321 = ( GEOMETRIC_REPRESENTATION_CONTEXT(2) 
PARAMETRIC_REPRESENTATION_CONTEXT() REPRESENTATION_CONTEXT('2D SPACE',''
  ) );
#1322 = PCURVE('',#1323,#1328);
#1323 = CONICAL_SURFACE('',#1324,5.44,1.054101188033);
#1324 = AXIS2_PLACEMENT_3D('',#1325,#1326,#1327);
#1325 = CARTESIAN_POINT('',(0.,0.,23.725));
#1326 = DIRECTION('',(0.,0.,1.));
#1327 = DIRECTION('',(1.,0.,-0.));
#1328 = DEFINITIONAL_REPRESENTATION('',(#1329),#1336);
#1329 = B_SPLINE_CURVE_WITH_KNOTS('',5,(#1330,#1331,#1332,#1333,#1334,
    #1335),.UNSPECIFIED.,.F.,.F.,(6,6),(-2.4608390603,-2.37836936639),
  .PIECEWISE_BEZIER_KNOTS.);
#1330 = CARTESIAN_POINT('',(3.311906360434,0.261363636364));
#1331 = CARTESIAN_POINT('',(3.314701943278,0.206871442138));
#1332 = CARTESIAN_POINT('',(3.317554329916,0.153519230196));
#1333 = CARTESIAN_POINT('',(3.32046501376,0.101276116151));
#1334 = CARTESIAN_POINT('',(3.323435541549,5.011250692257E-02));
#1335 = CARTESIAN_POINT('',(3.32646751559,-3.81490145127E-16));
#1336 = ( GEOMETRIC_REPRESENTATION_CONTEXT(2) 
PARAMETRIC_REPRESENTATION_CONTEXT() REPRESENTATION_CONTEXT('2D SPACE',''
  ) );
#1337 = ORIENTED_EDGE('',*,*,#1338,.T.);
#1338 = EDGE_CURVE('',#1307,#1339,#1341,.T.);
#1339 = VERTEX_POINT('',#1340);
#1340 = CARTESIAN_POINT('',(-5.814636704043,-1.,24.213636363636));
#1341 = SURFACE_CURVE('',#1342,(#1346,#1352),.PCURVE_S1.);
#1342 = LINE('',#1343,#1344);
#1343 = CARTESIAN_POINT('',(-5.814636704043,-1.,13.6));
#1344 = VECTOR('',#1345,1.);
#1345 = DIRECTION('',(0.,0.,1.));
#1346 = PCURVE('',#58,#1347);
#1347 = DEFINITIONAL_REPRESENTATION('',(#1348),#1351);
#1348 = B_SPLINE_CURVE_WITH_KNOTS('',1,(#1349,#1350),.UNSPECIFIED.,.F.,
  .F.,(2,2),(10.386363036364,10.613636963636),.PIECEWISE_BEZIER_KNOTS.);
#1349 = CARTESIAN_POINT('',(10.386363036364,1.285363295957));
#1350 = CARTESIAN_POINT('',(10.613636963636,1.285363295957));
#1351 = ( GEOMETRIC_REPRESENTATION_CONTEXT(2) 
PARAMETRIC_REPRESENTATION_CONTEXT() REPRESENTATION_CONTEXT('2D SPACE',''
  ) );
#1352 = PCURVE('',#1353,#1358);
#1353 = CYLINDRICAL_SURFACE('',#1354,5.9);
#1354 = AXIS2_PLACEMENT_3D('',#1355,#1356,#1357);
#1355 = CARTESIAN_POINT('',(0.,0.,13.6));
#1356 = DIRECTION('',(0.,0.,1.));
#1357 = DIRECTION('',(1.,0.,-0.));
#1358 = DEFINITIONAL_REPRESENTATION('',(#1359),#1362);
#1359 = B_SPLINE_CURVE_WITH_KNOTS('',1,(#1360,#1361),.UNSPECIFIED.,.F.,
  .F.,(2,2),(10.386363636364,10.613636363636),.PIECEWISE_BEZIER_KNOTS.);
#1360 = CARTESIAN_POINT('',(3.311906360434,10.386363636364));
#1361 = CARTESIAN_POINT('',(3.311906360434,10.613636363636));
#1362 = ( GEOMETRIC_REPRESENTATION_CONTEXT(2) 
PARAMETRIC_REPRESENTATION_CONTEXT() REPRESENTATION_CONTEXT('2D SPACE',''
  ) );
#1363 = ORIENTED_EDGE('',*,*,#1364,.F.);
#1364 = EDGE_CURVE('',#1365,#1339,#1367,.T.);
#1365 = VERTEX_POINT('',#1366);
#1366 = CARTESIAN_POINT('',(-5.347298383296,-1.,24.475));
#1367 = SURFACE_CURVE('',#1368,(#1373,#1380),.PCURVE_S1.);
#1368 = HYPERBOLA('',#1369,0.568181818182,1.);
#1369 = AXIS2_PLACEMENT_3D('',#1370,#1371,#1372);
#1370 = CARTESIAN_POINT('',(0.,-1.,27.565909090909));
#1371 = DIRECTION('',(0.,1.,0.));
#1372 = DIRECTION('',(-0.,0.,-1.));
#1373 = PCURVE('',#58,#1374);
#1374 = DEFINITIONAL_REPRESENTATION('',(#1375),#1379);
#1375 = ( BOUNDED_CURVE() B_SPLINE_CURVE(2,(#1376,#1377,#1378),
.UNSPECIFIED.,.F.,.F.) B_SPLINE_CURVE_WITH_KNOTS((3,3),(2.37836936639,
2.4608390603),.PIECEWISE_BEZIER_KNOTS.) CURVE() 
GEOMETRIC_REPRESENTATION_ITEM() RATIONAL_B_SPLINE_CURVE((1.,
1.000850276769,1.)) REPRESENTATION_ITEM('') );
#1376 = CARTESIAN_POINT('',(10.875,1.752701616704));
#1377 = CARTESIAN_POINT('',(10.749789690207,1.52851109952));
#1378 = CARTESIAN_POINT('',(10.613636363636,1.285363295957));
#1379 = ( GEOMETRIC_REPRESENTATION_CONTEXT(2) 
PARAMETRIC_REPRESENTATION_CONTEXT() REPRESENTATION_CONTEXT('2D SPACE',''
  ) );
#1380 = PCURVE('',#1381,#1386);
#1381 = CONICAL_SURFACE('',#1382,6.1,1.054101188033);
#1382 = AXIS2_PLACEMENT_3D('',#1383,#1384,#1385);
#1383 = CARTESIAN_POINT('',(0.,0.,24.1));
#1384 = DIRECTION('',(-0.,-0.,-1.));
#1385 = DIRECTION('',(1.,0.,-0.));
#1386 = DEFINITIONAL_REPRESENTATION('',(#1387),#1394);
#1387 = B_SPLINE_CURVE_WITH_KNOTS('',5,(#1388,#1389,#1390,#1391,#1392,
    #1393),.UNSPECIFIED.,.F.,.F.,(6,6),(2.37836936639,2.4608390603),
  .PIECEWISE_BEZIER_KNOTS.);
#1388 = CARTESIAN_POINT('',(-3.32646751559,-0.375));
#1389 = CARTESIAN_POINT('',(-3.323435541549,-0.324887493077));
#1390 = CARTESIAN_POINT('',(-3.32046501376,-0.273723883849));
#1391 = CARTESIAN_POINT('',(-3.317554329916,-0.221480769804));
#1392 = CARTESIAN_POINT('',(-3.314701943278,-0.168128557862));
#1393 = CARTESIAN_POINT('',(-3.311906360434,-0.113636363636));
#1394 = ( GEOMETRIC_REPRESENTATION_CONTEXT(2) 
PARAMETRIC_REPRESENTATION_CONTEXT() REPRESENTATION_CONTEXT('2D SPACE',''
  ) );
#1395 = ORIENTED_EDGE('',*,*,#1396,.F.);
#1396 = EDGE_CURVE('',#1397,#1365,#1399,.T.);
#1397 = VERTEX_POINT('',#1398);
#1398 = CARTESIAN_POINT('',(-5.814636704043,-1.,24.736363636364));
#1399 = SURFACE_CURVE('',#1400,(#1405,#1412),.PCURVE_S1.);
#1400 = HYPERBOLA('',#1401,0.568181818182,1.);
#1401 = AXIS2_PLACEMENT_3D('',#1402,#1403,#1404);
#1402 = CARTESIAN_POINT('',(0.,-1.,21.384090909091));
#1403 = DIRECTION('',(-0.,1.,0.));
#1404 = DIRECTION('',(0.,0.,1.));
#1405 = PCURVE('',#58,#1406);
#1406 = DEFINITIONAL_REPRESENTATION('',(#1407),#1411);
#1407 = ( BOUNDED_CURVE() B_SPLINE_CURVE(2,(#1408,#1409,#1410),
.UNSPECIFIED.,.F.,.F.) B_SPLINE_CURVE_WITH_KNOTS((3,3),(-2.4608390603,
-2.37836936639),.PIECEWISE_BEZIER_KNOTS.) CURVE() 
GEOMETRIC_REPRESENTATION_ITEM() RATIONAL_B_SPLINE_CURVE((1.,
1.000850276769,1.)) REPRESENTATION_ITEM('') );
#1408 = CARTESIAN_POINT('',(11.136363636364,1.285363295957));
#1409 = CARTESIAN_POINT('',(11.000210309793,1.52851109952));
#1410 = CARTESIAN_POINT('',(10.875,1.752701616704));
#1411 = ( GEOMETRIC_REPRESENTATION_CONTEXT(2) 
PARAMETRIC_REPRESENTATION_CONTEXT() REPRESENTATION_CONTEXT('2D SPACE',''
  ) );
#1412 = PCURVE('',#1413,#1418);
#1413 = CONICAL_SURFACE('',#1414,5.44,1.054101188033);
#1414 = AXIS2_PLACEMENT_3D('',#1415,#1416,#1417);
#1415 = CARTESIAN_POINT('',(0.,0.,24.475));
#1416 = DIRECTION('',(0.,0.,1.));
#1417 = DIRECTION('',(1.,0.,-0.));
#1418 = DEFINITIONAL_REPRESENTATION('',(#1419),#1426);
#1419 = B_SPLINE_CURVE_WITH_KNOTS('',5,(#1420,#1421,#1422,#1423,#1424,
    #1425),.UNSPECIFIED.,.F.,.F.,(6,6),(-2.4608390603,-2.37836936639),
  .PIECEWISE_BEZIER_KNOTS.);
#1420 = CARTESIAN_POINT('',(3.311906360434,0.261363636364));
#1421 = CARTESIAN_POINT('',(3.314701943278,0.206871442138));
#1422 = CARTESIAN_POINT('',(3.317554329916,0.153519230196));
#1423 = CARTESIAN_POINT('',(3.32046501376,0.101276116151));
#1424 = CARTESIAN_POINT('',(3.323435541549,5.011250692257E-02));
#1425 = CARTESIAN_POINT('',(3.32646751559,-3.81490145127E-16));
#1426 = ( GEOMETRIC_REPRESENTATION_CONTEXT(2) 
PARAMETRIC_REPRESENTATION_CONTEXT() REPRESENTATION_CONTEXT('2D SPACE',''
  ) );
#1427 = ORIENTED_EDGE('',*,*,#1428,.T.);
#1428 = EDGE_CURVE('',#1397,#1429,#1431,.T.);
#1429 = VERTEX_POINT('',#1430);
#1430 = CARTESIAN_POINT('',(-5.814636704043,-1.,24.963636363636));
#1431 = SURFACE_CURVE('',#1432,(#1436,#1442),.PCURVE_S1.);
#1432 = LINE('',#1433,#1434);
#1433 = CARTESIAN_POINT('',(-5.814636704043,-1.,13.6));
#1434 = VECTOR('',#1435,1.);
#1435 = DIRECTION('',(0.,0.,1.));
#1436 = PCURVE('',#58,#1437);
#1437 = DEFINITIONAL_REPRESENTATION('',(#1438),#1441);
#1438 = B_SPLINE_CURVE_WITH_KNOTS('',1,(#1439,#1440),.UNSPECIFIED.,.F.,
  .F.,(2,2),(11.136363036364,11.363636963636),.PIECEWISE_BEZIER_KNOTS.);
#1439 = CARTESIAN_POINT('',(11.136363036364,1.285363295957));
#1440 = CARTESIAN_POINT('',(11.363636963636,1.285363295957));
#1441 = ( GEOMETRIC_REPRESENTATION_CONTEXT(2) 
PARAMETRIC_REPRESENTATION_CONTEXT() REPRESENTATION_CONTEXT('2D SPACE',''
  ) );
#1442 = PCURVE('',#1443,#1448);
#1443 = CYLINDRICAL_SURFACE('',#1444,5.9);
#1444 = AXIS2_PLACEMENT_3D('',#1445,#1446,#1447);
#1445 = CARTESIAN_POINT('',(0.,0.,13.6));
#1446 = DIRECTION('',(0.,0.,1.));
#1447 = DIRECTION('',(1.,0.,-0.));
#1448 = DEFINITIONAL_REPRESENTATION('',(#1449),#1452);
#1449 = B_SPLINE_CURVE_WITH_KNOTS('',1,(#1450,#1451),.UNSPECIFIED.,.F.,
  .F.,(2,2),(11.136363636364,11.363636363636),.PIECEWISE_BEZIER_KNOTS.);
#1450 = CARTESIAN_POINT('',(3.311906360434,11.136363636364));
#1451 = CARTESIAN_POINT('',(3.311906360434,11.363636363636));
#1452 = ( GEOMETRIC_REPRESENTATION_CONTEXT(2) 
PARAMETRIC_REPRESENTATION_CONTEXT() REPRESENTATION_CONTEXT('2D SPACE',''
  ) );
#1453 = ORIENTED_EDGE('',*,*,#1454,.F.);
#1454 = EDGE_CURVE('',#1455,#1429,#1457,.T.);
#1455 = VERTEX_POINT('',#1456);
#1456 = CARTESIAN_POINT('',(-5.347298383296,-1.,25.225));
#1457 = SURFACE_CURVE('',#1458,(#1463,#1470),.PCURVE_S1.);
#1458 = HYPERBOLA('',#1459,0.568181818182,1.);
#1459 = AXIS2_PLACEMENT_3D('',#1460,#1461,#1462);
#1460 = CARTESIAN_POINT('',(0.,-1.,28.315909090909));
#1461 = DIRECTION('',(0.,1.,0.));
#1462 = DIRECTION('',(-0.,0.,-1.));
#1463 = PCURVE('',#58,#1464);
#1464 = DEFINITIONAL_REPRESENTATION('',(#1465),#1469);
#1465 = ( BOUNDED_CURVE() B_SPLINE_CURVE(2,(#1466,#1467,#1468),
.UNSPECIFIED.,.F.,.F.) B_SPLINE_CURVE_WITH_KNOTS((3,3),(2.37836936639,
2.4608390603),.PIECEWISE_BEZIER_KNOTS.) CURVE() 
GEOMETRIC_REPRESENTATION_ITEM() RATIONAL_B_SPLINE_CURVE((1.,
1.000850276769,1.)) REPRESENTATION_ITEM('') );
#1466 = CARTESIAN_POINT('',(11.625,1.752701616704));
#1467 = CARTESIAN_POINT('',(11.499789690207,1.52851109952));
#1468 = CARTESIAN_POINT('',(11.363636363636,1.285363295957));
#1469 = ( GEOMETRIC_REPRESENTATION_CONTEXT(2) 
PARAMETRIC_REPRESENTATION_CONTEXT() REPRESENTATION_CONTEXT('2D SPACE',''
  ) );
#1470 = PCURVE('',#1471,#1476);
#1471 = CONICAL_SURFACE('',#1472,6.1,1.054101188033);
#1472 = AXIS2_PLACEMENT_3D('',#1473,#1474,#1475);
#1473 = CARTESIAN_POINT('',(0.,0.,24.85));
#1474 = DIRECTION('',(-0.,-0.,-1.));
#1475 = DIRECTION('',(1.,0.,-0.));
#1476 = DEFINITIONAL_REPRESENTATION('',(#1477),#1484);
#1477 = B_SPLINE_CURVE_WITH_KNOTS('',5,(#1478,#1479,#1480,#1481,#1482,
    #1483),.UNSPECIFIED.,.F.,.F.,(6,6),(2.37836936639,2.4608390603),
  .PIECEWISE_BEZIER_KNOTS.);
#1478 = CARTESIAN_POINT('',(-3.32646751559,-0.375));
#1479 = CARTESIAN_POINT('',(-3.323435541549,-0.324887493077));
#1480 = CARTESIAN_POINT('',(-3.32046501376,-0.273723883849));
#1481 = CARTESIAN_POINT('',(-3.317554329916,-0.221480769804));
#1482 = CARTESIAN_POINT('',(-3.314701943278,-0.168128557862));
#1483 = CARTESIAN_POINT('',(-3.311906360434,-0.113636363636));
#1484 = ( GEOMETRIC_REPRESENTATION_CONTEXT(2) 
PARAMETRIC_REPRESENTATION_CONTEXT() REPRESENTATION_CONTEXT('2D SPACE',''
  ) );
#1485 = ORIENTED_EDGE('',*,*,#1486,.F.);
#1486 = EDGE_CURVE('',#1487,#1455,#1489,.T.);
#1487 = VERTEX_POINT('',#1488);
#1488 = CARTESIAN_POINT('',(-5.814636704043,-1.,25.486363636364));
#1489 = SURFACE_CURVE('',#1490,(#1495,#1502),.PCURVE_S1.);
#1490 = HYPERBOLA('',#1491,0.568181818182,1.);
#1491 = AXIS2_PLACEMENT_3D('',#1492,#1493,#1494);
#1492 = CARTESIAN_POINT('',(0.,-1.,22.134090909091));
#1493 = DIRECTION('',(-0.,1.,0.));
#1494 = DIRECTION('',(0.,0.,1.));
#1495 = PCURVE('',#58,#1496);
#1496 = DEFINITIONAL_REPRESENTATION('',(#1497),#1501);
#1497 = ( BOUNDED_CURVE() B_SPLINE_CURVE(2,(#1498,#1499,#1500),
.UNSPECIFIED.,.F.,.F.) B_SPLINE_CURVE_WITH_KNOTS((3,3),(-2.4608390603,
-2.37836936639),.PIECEWISE_BEZIER_KNOTS.) CURVE() 
GEOMETRIC_REPRESENTATION_ITEM() RATIONAL_B_SPLINE_CURVE((1.,
1.000850276769,1.)) REPRESENTATION_ITEM('') );
#1498 = CARTESIAN_POINT('',(11.886363636364,1.285363295957));
#1499 = CARTESIAN_POINT('',(11.750210309793,1.52851109952));
#1500 = CARTESIAN_POINT('',(11.625,1.752701616704));
#1501 = ( GEOMETRIC_REPRESENTATION_CONTEXT(2) 
PARAMETRIC_REPRESENTATION_CONTEXT() REPRESENTATION_CONTEXT('2D SPACE',''
  ) );
#1502 = PCURVE('',#1503,#1508);
#1503 = CONICAL_SURFACE('',#1504,5.44,1.054101188033);
#1504 = AXIS2_PLACEMENT_3D('',#1505,#1506,#1507);
#1505 = CARTESIAN_POINT('',(0.,0.,25.225));
#1506 = DIRECTION('',(0.,0.,1.));
#1507 = DIRECTION('',(1.,0.,-0.));
#1508 = DEFINITIONAL_REPRESENTATION('',(#1509),#1516);
#1509 = B_SPLINE_CURVE_WITH_KNOTS('',5,(#1510,#1511,#1512,#1513,#1514,
    #1515),.UNSPECIFIED.,.F.,.F.,(6,6),(-2.4608390603,-2.37836936639),
  .PIECEWISE_BEZIER_KNOTS.);
#1510 = CARTESIAN_POINT('',(3.311906360434,0.261363636364));
#1511 = CARTESIAN_POINT('',(3.314701943278,0.206871442138));
#1512 = CARTESIAN_POINT('',(3.317554329916,0.153519230196));
#1513 = CARTESIAN_POINT('',(3.32046501376,0.101276116151));
#1514 = CARTESIAN_POINT('',(3.323435541549,5.011250692257E-02));
#1515 = CARTESIAN_POINT('',(3.32646751559,-3.81490145127E-16));
#1516 = ( GEOMETRIC_REPRESENTATION_CONTEXT(2) 
PARAMETRIC_REPRESENTATION_CONTEXT() REPRESENTATION_CONTEXT('2D SPACE',''
  ) );
#1517 = ORIENTED_EDGE('',*,*,#1518,.T.);
#1518 = EDGE_CURVE('',#1487,#1519,#1521,.T.);
#1519 = VERTEX_POINT('',#1520);
#1520 = CARTESIAN_POINT('',(-5.814636704043,-1.,25.713636363636));
#1521 = SURFACE_CURVE('',#1522,(#1526,#1532),.PCURVE_S1.);
#1522 = LINE('',#1523,#1524);
#1523 = CARTESIAN_POINT('',(-5.814636704043,-1.,13.6));
#1524 = VECTOR('',#1525,1.);
#1525 = DIRECTION('',(0.,0.,1.));
#1526 = PCURVE('',#58,#1527);
#1527 = DEFINITIONAL_REPRESENTATION('',(#1528),#1531);
#1528 = B_SPLINE_CURVE_WITH_KNOTS('',1,(#1529,#1530),.UNSPECIFIED.,.F.,
  .F.,(2,2),(11.886363036364,12.113636963636),.PIECEWISE_BEZIER_KNOTS.);
#1529 = CARTESIAN_POINT('',(11.886363036364,1.285363295957));
#1530 = CARTESIAN_POINT('',(12.113636963636,1.285363295957));
#1531 = ( GEOMETRIC_REPRESENTATION_CONTEXT(2) 
PARAMETRIC_REPRESENTATION_CONTEXT() REPRESENTATION_CONTEXT('2D SPACE',''
  ) );
#1532 = PCURVE('',#1533,#1538);
#1533 = CYLINDRICAL_SURFACE('',#1534,5.9);
#1534 = AXIS2_PLACEMENT_3D('',#1535,#1536,#1537);
#1535 = CARTESIAN_POINT('',(0.,0.,13.6));
#1536 = DIRECTION('',(0.,0.,1.));
#1537 = DIRECTION('',(1.,0.,-0.));
#1538 = DEFINITIONAL_REPRESENTATION('',(#1539),#1542);
#1539 = B_SPLINE_CURVE_WITH_KNOTS('',1,(#1540,#1541),.UNSPECIFIED.,.F.,
  .F.,(2,2),(11.886363636364,12.113636363636),.PIECEWISE_BEZIER_KNOTS.);
#1540 = CARTESIAN_POINT('',(3.311906360434,11.886363636364));
#1541 = CARTESIAN_POINT('',(3.311906360434,12.113636363636));
#1542 = ( GEOMETRIC_REPRESENTATION_CONTEXT(2) 
PARAMETRIC_REPRESENTATION_CONTEXT() REPRESENTATION_CONTEXT('2D SPACE',''
  ) );
#1543 = ORIENTED_EDGE('',*,*,#1544,.F.);
#1544 = EDGE_CURVE('',#1545,#1519,#1547,.T.);
#1545 = VERTEX_POINT('',#1546);
#1546 = CARTESIAN_POINT('',(-5.347298383296,-1.,25.975));
#1547 = SURFACE_CURVE('',#1548,(#1553,#1560),.PCURVE_S1.);
#1548 = HYPERBOLA('',#1549,0.568181818182,1.);
#1549 = AXIS2_PLACEMENT_3D('',#1550,#1551,#1552);
#1550 = CARTESIAN_POINT('',(0.,-1.,29.065909090909));
#1551 = DIRECTION('',(0.,1.,0.));
#1552 = DIRECTION('',(-0.,0.,-1.));
#1553 = PCURVE('',#58,#1554);
#1554 = DEFINITIONAL_REPRESENTATION('',(#1555),#1559);
#1555 = ( BOUNDED_CURVE() B_SPLINE_CURVE(2,(#1556,#1557,#1558),
.UNSPECIFIED.,.F.,.F.) B_SPLINE_CURVE_WITH_KNOTS((3,3),(2.37836936639,
2.4608390603),.PIECEWISE_BEZIER_KNOTS.) CURVE() 
GEOMETRIC_REPRESENTATION_ITEM() RATIONAL_B_SPLINE_CURVE((1.,
1.000850276769,1.)) REPRESENTATION_ITEM('') );
#1556 = CARTESIAN_POINT('',(12.375,1.752701616704));
#1557 = CARTESIAN_POINT('',(12.249789690207,1.52851109952));
#1558 = CARTESIAN_POINT('',(12.113636363636,1.285363295957));
#1559 = ( GEOMETRIC_REPRESENTATION_CONTEXT(2) 
PARAMETRIC_REPRESENTATION_CONTEXT() REPRESENTATION_CONTEXT('2D SPACE',''
  ) );
#1560 = PCURVE('',#1561,#1566);
#1561 = CONICAL_SURFACE('',#1562,6.1,1.054101188033);
#1562 = AXIS2_PLACEMENT_3D('',#1563,#1564,#1565);
#1563 = CARTESIAN_POINT('',(0.,0.,25.6));
#1564 = DIRECTION('',(-0.,-0.,-1.));
#1565 = DIRECTION('',(1.,0.,-0.));
#1566 = DEFINITIONAL_REPRESENTATION('',(#1567),#1574);
#1567 = B_SPLINE_CURVE_WITH_KNOTS('',5,(#1568,#1569,#1570,#1571,#1572,
    #1573),.UNSPECIFIED.,.F.,.F.,(6,6),(2.37836936639,2.4608390603),
  .PIECEWISE_BEZIER_KNOTS.);
#1568 = CARTESIAN_POINT('',(-3.32646751559,-0.375));
#1569 = CARTESIAN_POINT('',(-3.323435541549,-0.324887493077));
#1570 = CARTESIAN_POINT('',(-3.32046501376,-0.273723883849));
#1571 = CARTESIAN_POINT('',(-3.317554329916,-0.221480769804));
#1572 = CARTESIAN_POINT('',(-3.314701943278,-0.168128557862));
#1573 = CARTESIAN_POINT('',(-3.311906360434,-0.113636363636));
#1574 = ( GEOMETRIC_REPRESENTATION_CONTEXT(2) 
PARAMETRIC_REPRESENTATION_CONTEXT() REPRESENTATION_CONTEXT('2D SPACE',''
  ) );
#1575 = ORIENTED_EDGE('',*,*,#1576,.F.);
#1576 = EDGE_CURVE('',#1577,#1545,#1579,.T.);
#1577 = VERTEX_POINT('',#1578);
#1578 = CARTESIAN_POINT('',(-5.814636704043,-1.,26.236363636364));
#1579 = SURFACE_CURVE('',#1580,(#1585,#1592),.PCURVE_S1.);
#1580 = HYPERBOLA('',#1581,0.568181818182,1.);
#1581 = AXIS2_PLACEMENT_3D('',#1582,#1583,#1584);
#1582 = CARTESIAN_POINT('',(0.,-1.,22.884090909091));
#1583 = DIRECTION('',(-0.,1.,0.));
#1584 = DIRECTION('',(0.,0.,1.));
#1585 = PCURVE('',#58,#1586);
#1586 = DEFINITIONAL_REPRESENTATION('',(#1587),#1591);
#1587 = ( BOUNDED_CURVE() B_SPLINE_CURVE(2,(#1588,#1589,#1590),
.UNSPECIFIED.,.F.,.F.) B_SPLINE_CURVE_WITH_KNOTS((3,3),(-2.4608390603,
-2.37836936639),.PIECEWISE_BEZIER_KNOTS.) CURVE() 
GEOMETRIC_REPRESENTATION_ITEM() RATIONAL_B_SPLINE_CURVE((1.,
1.000850276769,1.)) REPRESENTATION_ITEM('') );
#1588 = CARTESIAN_POINT('',(12.636363636364,1.285363295957));
#1589 = CARTESIAN_POINT('',(12.500210309793,1.52851109952));
#1590 = CARTESIAN_POINT('',(12.375,1.752701616704));
#1591 = ( GEOMETRIC_REPRESENTATION_CONTEXT(2) 
PARAMETRIC_REPRESENTATION_CONTEXT() REPRESENTATION_CONTEXT('2D SPACE',''
  ) );
#1592 = PCURVE('',#1593,#1598);
#1593 = CONICAL_SURFACE('',#1594,5.44,1.054101188033);
#1594 = AXIS2_PLACEMENT_3D('',#1595,#1596,#1597);
#1595 = CARTESIAN_POINT('',(0.,0.,25.975));
#1596 = DIRECTION('',(0.,0.,1.));
#1597 = DIRECTION('',(1.,0.,-0.));
#1598 = DEFINITIONAL_REPRESENTATION('',(#1599),#1606);
#1599 = B_SPLINE_CURVE_WITH_KNOTS('',5,(#1600,#1601,#1602,#1603,#1604,
    #1605),.UNSPECIFIED.,.F.,.F.,(6,6),(-2.4608390603,-2.37836936639),
  .PIECEWISE_BEZIER_KNOTS.);
#1600 = CARTESIAN_POINT('',(3.311906360434,0.261363636364));
#1601 = CARTESIAN_POINT('',(3.314701943278,0.206871442138));
#1602 = CARTESIAN_POINT('',(3.317554329916,0.153519230196));
#1603 = CARTESIAN_POINT('',(3.32046501376,0.101276116151));
#1604 = CARTESIAN_POINT('',(3.323435541549,5.011250692257E-02));
#1605 = CARTESIAN_POINT('',(3.32646751559,-3.81490145127E-16));
#1606 = ( GEOMETRIC_REPRESENTATION_CONTEXT(2) 
PARAMETRIC_REPRESENTATION_CONTEXT() REPRESENTATION_CONTEXT('2D SPACE',''
  ) );
#1607 = ORIENTED_EDGE('',*,*,#1608,.T.);
#1608 = EDGE_CURVE('',#1577,#1609,#1611,.T.);
#1609 = VERTEX_POINT('',#1610);
#1610 = CARTESIAN_POINT('',(-5.814636704043,-1.,26.463636363636));
#1611 = SURFACE_CURVE('',#1612,(#1616,#1622),.PCURVE_S1.);
#1612 = LINE('',#1613,#1614);
#1613 = CARTESIAN_POINT('',(-5.814636704043,-1.,13.6));
#1614 = VECTOR('',#1615,1.);
#1615 = DIRECTION('',(0.,0.,1.));
#1616 = PCURVE('',#58,#1617);
#1617 = DEFINITIONAL_REPRESENTATION('',(#1618),#1621);
#1618 = B_SPLINE_CURVE_WITH_KNOTS('',1,(#1619,#1620),.UNSPECIFIED.,.F.,
  .F.,(2,2),(12.636363036364,12.863636963636),.PIECEWISE_BEZIER_KNOTS.);
#1619 = CARTESIAN_POINT('',(12.636363036364,1.285363295957));
#1620 = CARTESIAN_POINT('',(12.863636963636,1.285363295957));
#1621 = ( GEOMETRIC_REPRESENTATION_CONTEXT(2) 
PARAMETRIC_REPRESENTATION_CONTEXT() REPRESENTATION_CONTEXT('2D SPACE',''
  ) );
#1622 = PCURVE('',#1623,#1628);
#1623 = CYLINDRICAL_SURFACE('',#1624,5.9);
#1624 = AXIS2_PLACEMENT_3D('',#1625,#1626,#1627);
#1625 = CARTESIAN_POINT('',(0.,0.,13.6));
#1626 = DIRECTION('',(0.,0.,1.));
#1627 = DIRECTION('',(1.,0.,-0.));
#1628 = DEFINITIONAL_REPRESENTATION('',(#1629),#1632);
#1629 = B_SPLINE_CURVE_WITH_KNOTS('',1,(#1630,#1631),.UNSPECIFIED.,.F.,
  .F.,(2,2),(12.636363636364,12.863636363636),.PIECEWISE_BEZIER_KNOTS.);
#1630 = CARTESIAN_POINT('',(3.311906360434,12.636363636364));
#1631 = CARTESIAN_POINT('',(3.311906360434,12.863636363636));
#1632 = ( GEOMETRIC_REPRESENTATION_CONTEXT(2) 
PARAMETRIC_REPRESENTATION_CONTEXT() REPRESENTATION_CONTEXT('2D SPACE',''
  ) );
#1633 = ORIENTED_EDGE('',*,*,#1634,.F.);
#1634 = EDGE_CURVE('',#1635,#1609,#1637,.T.);
#1635 = VERTEX_POINT('',#1636);
#1636 = CARTESIAN_POINT('',(-5.347298383296,-1.,26.725));
#1637 = SURFACE_CURVE('',#1638,(#1643,#1650),.PCURVE_S1.);
#1638 = HYPERBOLA('',#1639,0.568181818182,1.);
#1639 = AXIS2_PLACEMENT_3D('',#1640,#1641,#1642);
#1640 = CARTESIAN_POINT('',(0.,-1.,29.815909090909));
#1641 = DIRECTION('',(0.,1.,0.));
#1642 = DIRECTION('',(-0.,0.,-1.));
#1643 = PCURVE('',#58,#1644);
#1644 = DEFINITIONAL_REPRESENTATION('',(#1645),#1649);
#1645 = ( BOUNDED_CURVE() B_SPLINE_CURVE(2,(#1646,#1647,#1648),
.UNSPECIFIED.,.F.,.F.) B_SPLINE_CURVE_WITH_KNOTS((3,3),(2.37836936639,
2.4608390603),.PIECEWISE_BEZIER_KNOTS.) CURVE() 
GEOMETRIC_REPRESENTATION_ITEM() RATIONAL_B_SPLINE_CURVE((1.,
1.000850276769,1.)) REPRESENTATION_ITEM('') );
#1646 = CARTESIAN_POINT('',(13.125,1.752701616704));
#1647 = CARTESIAN_POINT('',(12.999789690207,1.52851109952));
#1648 = CARTESIAN_POINT('',(12.863636363636,1.285363295957));
#1649 = ( GEOMETRIC_REPRESENTATION_CONTEXT(2) 
PARAMETRIC_REPRESENTATION_CONTEXT() REPRESENTATION_CONTEXT('2D SPACE',''
  ) );
#1650 = PCURVE('',#1651,#1656);
#1651 = CONICAL_SURFACE('',#1652,6.1,1.054101188033);
#1652 = AXIS2_PLACEMENT_3D('',#1653,#1654,#1655);
#1653 = CARTESIAN_POINT('',(0.,0.,26.35));
#1654 = DIRECTION('',(-0.,-0.,-1.));
#1655 = DIRECTION('',(1.,0.,-0.));
#1656 = DEFINITIONAL_REPRESENTATION('',(#1657),#1664);
#1657 = B_SPLINE_CURVE_WITH_KNOTS('',5,(#1658,#1659,#1660,#1661,#1662,
    #1663),.UNSPECIFIED.,.F.,.F.,(6,6),(2.37836936639,2.4608390603),
  .PIECEWISE_BEZIER_KNOTS.);
#1658 = CARTESIAN_POINT('',(-3.32646751559,-0.375));
#1659 = CARTESIAN_POINT('',(-3.323435541549,-0.324887493077));
#1660 = CARTESIAN_POINT('',(-3.32046501376,-0.273723883849));
#1661 = CARTESIAN_POINT('',(-3.317554329916,-0.221480769804));
#1662 = CARTESIAN_POINT('',(-3.314701943278,-0.168128557862));
#1663 = CARTESIAN_POINT('',(-3.311906360434,-0.113636363636));
#1664 = ( GEOMETRIC_REPRESENTATION_CONTEXT(2) 
PARAMETRIC_REPRESENTATION_CONTEXT() REPRESENTATION_CONTEXT('2D SPACE',''
  ) );
#1665 = ORIENTED_EDGE('',*,*,#1666,.F.);
#1666 = EDGE_CURVE('',#1667,#1635,#1669,.T.);
#1667 = VERTEX_POINT('',#1668);
#1668 = CARTESIAN_POINT('',(-5.814636704043,-1.,26.986363636364));
#1669 = SURFACE_CURVE('',#1670,(#1675,#1682),.PCURVE_S1.);
#1670 = HYPERBOLA('',#1671,0.568181818182,1.);
#1671 = AXIS2_PLACEMENT_3D('',#1672,#1673,#1674);
#1672 = CARTESIAN_POINT('',(0.,-1.,23.634090909091));
#1673 = DIRECTION('',(-0.,1.,0.));
#1674 = DIRECTION('',(0.,0.,1.));
#1675 = PCURVE('',#58,#1676);
#1676 = DEFINITIONAL_REPRESENTATION('',(#1677),#1681);
#1677 = ( BOUNDED_CURVE() B_SPLINE_CURVE(2,(#1678,#1679,#1680),
.UNSPECIFIED.,.F.,.F.) B_SPLINE_CURVE_WITH_KNOTS((3,3),(-2.4608390603,
-2.37836936639),.PIECEWISE_BEZIER_KNOTS.) CURVE() 
GEOMETRIC_REPRESENTATION_ITEM() RATIONAL_B_SPLINE_CURVE((1.,
1.000850276769,1.)) REPRESENTATION_ITEM('') );
#1678 = CARTESIAN_POINT('',(13.386363636364,1.285363295957));
#1679 = CARTESIAN_POINT('',(13.250210309793,1.52851109952));
#1680 = CARTESIAN_POINT('',(13.125,1.752701616704));
#1681 = ( GEOMETRIC_REPRESENTATION_CONTEXT(2) 
PARAMETRIC_REPRESENTATION_CONTEXT() REPRESENTATION_CONTEXT('2D SPACE',''
  ) );
#1682 = PCURVE('',#1683,#1688);
#1683 = CONICAL_SURFACE('',#1684,5.44,1.054101188033);
#1684 = AXIS2_PLACEMENT_3D('',#1685,#1686,#1687);
#1685 = CARTESIAN_POINT('',(0.,0.,26.725));
#1686 = DIRECTION('',(0.,0.,1.));
#1687 = DIRECTION('',(1.,0.,-0.));
#1688 = DEFINITIONAL_REPRESENTATION('',(#1689),#1696);
#1689 = B_SPLINE_CURVE_WITH_KNOTS('',5,(#1690,#1691,#1692,#1693,#1694,
    #1695),.UNSPECIFIED.,.F.,.F.,(6,6),(-2.4608390603,-2.37836936639),
  .PIECEWISE_BEZIER_KNOTS.);
#1690 = CARTESIAN_POINT('',(3.311906360434,0.261363636364));
#1691 = CARTESIAN_POINT('',(3.314701943278,0.206871442138));
#1692 = CARTESIAN_POINT('',(3.317554329916,0.153519230196));
#1693 = CARTESIAN_POINT('',(3.32046501376,0.101276116151));
#1694 = CARTESIAN_POINT('',(3.323435541549,5.011250692257E-02));
#1695 = CARTESIAN_POINT('',(3.32646751559,-3.81490145127E-16));
#1696 = ( GEOMETRIC_REPRESENTATION_CONTEXT(2) 
PARAMETRIC_REPRESENTATION_CONTEXT() REPRESENTATION_CONTEXT('2D SPACE',''
  ) );
#1697 = ORIENTED_EDGE('',*,*,#1698,.T.);
#1698 = EDGE_CURVE('',#1667,#1699,#1701,.T.);
#1699 = VERTEX_POINT('',#1700);
#1700 = CARTESIAN_POINT('',(-5.814636704043,-1.,27.213636363636));
#1701 = SURFACE_CURVE('',#1702,(#1706,#1712),.PCURVE_S1.);
#1702 = LINE('',#1703,#1704);
#1703 = CARTESIAN_POINT('',(-5.814636704043,-1.,13.6));
#1704 = VECTOR('',#1705,1.);
#1705 = DIRECTION('',(0.,0.,1.));
#1706 = PCURVE('',#58,#1707);
#1707 = DEFINITIONAL_REPRESENTATION('',(#1708),#1711);
#1708 = B_SPLINE_CURVE_WITH_KNOTS('',1,(#1709,#1710),.UNSPECIFIED.,.F.,
  .F.,(2,2),(13.386363036364,13.613636963636),.PIECEWISE_BEZIER_KNOTS.);
#1709 = CARTESIAN_POINT('',(13.386363036364,1.285363295957));
#1710 = CARTESIAN_POINT('',(13.613636963636,1.285363295957));
#1711 = ( GEOMETRIC_REPRESENTATION_CONTEXT(2) 
PARAMETRIC_REPRESENTATION_CONTEXT() REPRESENTATION_CONTEXT('2D SPACE',''
  ) );
#1712 = PCURVE('',#1713,#1718);
#1713 = CYLINDRICAL_SURFACE('',#1714,5.9);
#1714 = AXIS2_PLACEMENT_3D('',#1715,#1716,#1717);
#1715 = CARTESIAN_POINT('',(0.,0.,13.6));
#1716 = DIRECTION('',(0.,0.,1.));
#1717 = DIRECTION('',(1.,0.,-0.));
#1718 = DEFINITIONAL_REPRESENTATION('',(#1719),#1722);
#1719 = B_SPLINE_CURVE_WITH_KNOTS('',1,(#1720,#1721),.UNSPECIFIED.,.F.,
  .F.,(2,2),(13.386363636364,13.613636363636),.PIECEWISE_BEZIER_KNOTS.);
#1720 = CARTESIAN_POINT('',(3.311906360434,13.386363636364));
#1721 = CARTESIAN_POINT('',(3.311906360434,13.613636363636));
#1722 = ( GEOMETRIC_REPRESENTATION_CONTEXT(2) 
PARAMETRIC_REPRESENTATION_CONTEXT() REPRESENTATION_CONTEXT('2D SPACE',''
  ) );
#1723 = ORIENTED_EDGE('',*,*,#1724,.F.);
#1724 = EDGE_CURVE('',#1725,#1699,#1727,.T.);
#1725 = VERTEX_POINT('',#1726);
#1726 = CARTESIAN_POINT('',(-5.347298383296,-1.,27.475));
#1727 = SURFACE_CURVE('',#1728,(#1733,#1740),.PCURVE_S1.);
#1728 = HYPERBOLA('',#1729,0.568181818182,1.);
#1729 = AXIS2_PLACEMENT_3D('',#1730,#1731,#1732);
#1730 = CARTESIAN_POINT('',(0.,-1.,30.565909090909));
#1731 = DIRECTION('',(0.,1.,0.));
#1732 = DIRECTION('',(-0.,0.,-1.));
#1733 = PCURVE('',#58,#1734);
#1734 = DEFINITIONAL_REPRESENTATION('',(#1735),#1739);
#1735 = ( BOUNDED_CURVE() B_SPLINE_CURVE(2,(#1736,#1737,#1738),
.UNSPECIFIED.,.F.,.F.) B_SPLINE_CURVE_WITH_KNOTS((3,3),(2.37836936639,
2.4608390603),.PIECEWISE_BEZIER_KNOTS.) CURVE() 
GEOMETRIC_REPRESENTATION_ITEM() RATIONAL_B_SPLINE_CURVE((1.,
1.000850276769,1.)) REPRESENTATION_ITEM('') );
#1736 = CARTESIAN_POINT('',(13.875,1.752701616704));
#1737 = CARTESIAN_POINT('',(13.749789690207,1.52851109952));
#1738 = CARTESIAN_POINT('',(13.613636363636,1.285363295957));
#1739 = ( GEOMETRIC_REPRESENTATION_CONTEXT(2) 
PARAMETRIC_REPRESENTATION_CONTEXT() REPRESENTATION_CONTEXT('2D SPACE',''
  ) );
#1740 = PCURVE('',#1741,#1746);
#1741 = CONICAL_SURFACE('',#1742,6.1,1.054101188033);
#1742 = AXIS2_PLACEMENT_3D('',#1743,#1744,#1745);
#1743 = CARTESIAN_POINT('',(0.,0.,27.1));
#1744 = DIRECTION('',(-0.,-0.,-1.));
#1745 = DIRECTION('',(1.,0.,-0.));
#1746 = DEFINITIONAL_REPRESENTATION('',(#1747),#1754);
#1747 = B_SPLINE_CURVE_WITH_KNOTS('',5,(#1748,#1749,#1750,#1751,#1752,
    #1753),.UNSPECIFIED.,.F.,.F.,(6,6),(2.37836936639,2.4608390603),
  .PIECEWISE_BEZIER_KNOTS.);
#1748 = CARTESIAN_POINT('',(-3.32646751559,-0.375));
#1749 = CARTESIAN_POINT('',(-3.323435541549,-0.324887493077));
#1750 = CARTESIAN_POINT('',(-3.32046501376,-0.273723883849));
#1751 = CARTESIAN_POINT('',(-3.317554329916,-0.221480769804));
#1752 = CARTESIAN_POINT('',(-3.314701943278,-0.168128557862));
#1753 = CARTESIAN_POINT('',(-3.311906360434,-0.113636363636));
#1754 = ( GEOMETRIC_REPRESENTATION_CONTEXT(2) 
PARAMETRIC_REPRESENTATION_CONTEXT() REPRESENTATION_CONTEXT('2D SPACE',''
  ) );
#1755 = ORIENTED_EDGE('',*,*,#1756,.F.);
#1756 = EDGE_CURVE('',#1757,#1725,#1759,.T.);
#1757 = VERTEX_POINT('',#1758);
#1758 = CARTESIAN_POINT('',(-5.814636704043,-1.,27.736363636364));
#1759 = SURFACE_CURVE('',#1760,(#1765,#1772),.PCURVE_S1.);
#1760 = HYPERBOLA('',#1761,0.568181818182,1.);
#1761 = AXIS2_PLACEMENT_3D('',#1762,#1763,#1764);
#1762 = CARTESIAN_POINT('',(0.,-1.,24.384090909091));
#1763 = DIRECTION('',(-0.,1.,0.));
#1764 = DIRECTION('',(0.,0.,1.));
#1765 = PCURVE('',#58,#1766);
#1766 = DEFINITIONAL_REPRESENTATION('',(#1767),#1771);
#1767 = ( BOUNDED_CURVE() B_SPLINE_CURVE(2,(#1768,#1769,#1770),
.UNSPECIFIED.,.F.,.F.) B_SPLINE_CURVE_WITH_KNOTS((3,3),(-2.4608390603,
-2.37836936639),.PIECEWISE_BEZIER_KNOTS.) CURVE() 
GEOMETRIC_REPRESENTATION_ITEM() RATIONAL_B_SPLINE_CURVE((1.,
1.000850276769,1.)) REPRESENTATION_ITEM('') );
#1768 = CARTESIAN_POINT('',(14.136363636364,1.285363295957));
#1769 = CARTESIAN_POINT('',(14.000210309793,1.52851109952));
#1770 = CARTESIAN_POINT('',(13.875,1.752701616704));
#1771 = ( GEOMETRIC_REPRESENTATION_CONTEXT(2) 
PARAMETRIC_REPRESENTATION_CONTEXT() REPRESENTATION_CONTEXT('2D SPACE',''
  ) );
#1772 = PCURVE('',#1773,#1778);
#1773 = CONICAL_SURFACE('',#1774,5.44,1.054101188033);
#1774 = AXIS2_PLACEMENT_3D('',#1775,#1776,#1777);
#1775 = CARTESIAN_POINT('',(0.,0.,27.475));
#1776 = DIRECTION('',(0.,0.,1.));
#1777 = DIRECTION('',(1.,0.,-0.));
#1778 = DEFINITIONAL_REPRESENTATION('',(#1779),#1786);
#1779 = B_SPLINE_CURVE_WITH_KNOTS('',5,(#1780,#1781,#1782,#1783,#1784,
    #1785),.UNSPECIFIED.,.F.,.F.,(6,6),(-2.4608390603,-2.37836936639),
  .PIECEWISE_BEZIER_KNOTS.);
#1780 = CARTESIAN_POINT('',(3.311906360434,0.261363636364));
#1781 = CARTESIAN_POINT('',(3.314701943278,0.206871442138));
#1782 = CARTESIAN_POINT('',(3.317554329916,0.153519230196));
#1783 = CARTESIAN_POINT('',(3.32046501376,0.101276116151));
#1784 = CARTESIAN_POINT('',(3.323435541549,5.011250692257E-02));
#1785 = CARTESIAN_POINT('',(3.32646751559,-3.81490145127E-16));
#1786 = ( GEOMETRIC_REPRESENTATION_CONTEXT(2) 
PARAMETRIC_REPRESENTATION_CONTEXT() REPRESENTATION_CONTEXT('2D SPACE',''
  ) );
#1787 = ORIENTED_EDGE('',*,*,#1788,.T.);
#1788 = EDGE_CURVE('',#1757,#1789,#1791,.T.);
#1789 = VERTEX_POINT('',#1790);
#1790 = CARTESIAN_POINT('',(-5.814636704043,-1.,28.1));
#1791 = SURFACE_CURVE('',#1792,(#1796,#1802),.PCURVE_S1.);
#1792 = LINE('',#1793,#1794);
#1793 = CARTESIAN_POINT('',(-5.814636704043,-1.,13.6));
#1794 = VECTOR('',#1795,1.);
#1795 = DIRECTION('',(0.,0.,1.));
#1796 = PCURVE('',#58,#1797);
#1797 = DEFINITIONAL_REPRESENTATION('',(#1798),#1801);
#1798 = B_SPLINE_CURVE_WITH_KNOTS('',1,(#1799,#1800),.UNSPECIFIED.,.F.,
  .F.,(2,2),(14.136363036364,15.0000006),.PIECEWISE_BEZIER_KNOTS.);
#1799 = CARTESIAN_POINT('',(14.136363036364,1.285363295957));
#1800 = CARTESIAN_POINT('',(15.0000006,1.285363295957));
#1801 = ( GEOMETRIC_REPRESENTATION_CONTEXT(2) 
PARAMETRIC_REPRESENTATION_CONTEXT() REPRESENTATION_CONTEXT('2D SPACE',''
  ) );
#1802 = PCURVE('',#1803,#1808);
#1803 = CYLINDRICAL_SURFACE('',#1804,5.9);
#1804 = AXIS2_PLACEMENT_3D('',#1805,#1806,#1807);
#1805 = CARTESIAN_POINT('',(0.,0.,13.6));
#1806 = DIRECTION('',(0.,0.,1.));
#1807 = DIRECTION('',(1.,0.,-0.));
#1808 = DEFINITIONAL_REPRESENTATION('',(#1809),#1812);
#1809 = B_SPLINE_CURVE_WITH_KNOTS('',1,(#1810,#1811),.UNSPECIFIED.,.F.,
  .F.,(2,2),(14.136363636364,15.),.PIECEWISE_BEZIER_KNOTS.);
#1810 = CARTESIAN_POINT('',(3.311906360434,14.136363636364));
#1811 = CARTESIAN_POINT('',(3.311906360434,15.));
#1812 = ( GEOMETRIC_REPRESENTATION_CONTEXT(2) 
PARAMETRIC_REPRESENTATION_CONTEXT() REPRESENTATION_CONTEXT('2D SPACE',''
  ) );
#1813 = ORIENTED_EDGE('',*,*,#1814,.F.);
#1814 = EDGE_CURVE('',#48,#1789,#1815,.T.);
#1815 = SURFACE_CURVE('',#1816,(#1821,#1828),.PCURVE_S1.);
#1816 = HYPERBOLA('',#1817,1.,1.);
#1817 = AXIS2_PLACEMENT_3D('',#1818,#1819,#1820);
#1818 = CARTESIAN_POINT('',(0.,-1.,34.));
#1819 = DIRECTION('',(0.,1.,0.));
#1820 = DIRECTION('',(0.,0.,-1.));
#1821 = PCURVE('',#58,#1822);
#1822 = DEFINITIONAL_REPRESENTATION('',(#1823),#1827);
#1823 = ( BOUNDED_CURVE() B_SPLINE_CURVE(2,(#1824,#1825,#1826),
.UNSPECIFIED.,.F.,.F.) B_SPLINE_CURVE_WITH_KNOTS((3,3),(2.370860342412,
2.4608390603),.PIECEWISE_BEZIER_KNOTS.) CURVE() 
GEOMETRIC_REPRESENTATION_ITEM() RATIONAL_B_SPLINE_CURVE((1.,
1.001012191918,1.)) REPRESENTATION_ITEM('') );
#1824 = CARTESIAN_POINT('',(15.,1.793400335431));
#1825 = CARTESIAN_POINT('',(14.76142042626,1.550621573205));
#1826 = CARTESIAN_POINT('',(14.5,1.285363295957));
#1827 = ( GEOMETRIC_REPRESENTATION_CONTEXT(2) 
PARAMETRIC_REPRESENTATION_CONTEXT() REPRESENTATION_CONTEXT('2D SPACE',''
  ) );
#1828 = PCURVE('',#1829,#1834);
#1829 = CONICAL_SURFACE('',#1830,5.9,0.785398163397);
#1830 = AXIS2_PLACEMENT_3D('',#1831,#1832,#1833);
#1831 = CARTESIAN_POINT('',(0.,0.,28.1));
#1832 = DIRECTION('',(-0.,-0.,-1.));
#1833 = DIRECTION('',(-0.985531644753,-0.169491525424,0.));
#1834 = DEFINITIONAL_REPRESENTATION('',(#1835),#1842);
#1835 = B_SPLINE_CURVE_WITH_KNOTS('',5,(#1836,#1837,#1838,#1839,#1840,
    #1841),.UNSPECIFIED.,.F.,.F.,(6,6),(2.370860342412,2.4608390603),
  .PIECEWISE_BEZIER_KNOTS.);
#1836 = CARTESIAN_POINT('',(-1.594659673268E-02,-0.5));
#1837 = CARTESIAN_POINT('',(-1.26140516257E-02,-0.404503793167));
#1838 = CARTESIAN_POINT('',(-9.355174441517E-03,-0.306821620612));
#1839 = CARTESIAN_POINT('',(-6.167870972611E-03,-0.206889052285));
#1840 = CARTESIAN_POINT('',(-3.050126030119E-03,-0.104638711124));
#1841 = CARTESIAN_POINT('',(6.217248937901E-15,4.440892098501E-16));
#1842 = ( GEOMETRIC_REPRESENTATION_CONTEXT(2) 
PARAMETRIC_REPRESENTATION_CONTEXT() REPRESENTATION_CONTEXT('2D SPACE',''
  ) );
#1843 = ADVANCED_FACE('',(#1844,#1920),#70,.T.);
#1844 = FACE_BOUND('',#1845,.T.);
#1845 = EDGE_LOOP('',(#1846,#1847,#1871,#1899));
#1846 = ORIENTED_EDGE('',*,*,#47,.F.);
#1847 = ORIENTED_EDGE('',*,*,#1848,.T.);
#1848 = EDGE_CURVE('',#48,#1849,#1851,.T.);
#1849 = VERTEX_POINT('',#1850);
#1850 = CARTESIAN_POINT('',(-5.306599664569,1.,28.6));
#1851 = SURFACE_CURVE('',#1852,(#1857,#1864),.PCURVE_S1.);
#1852 = CIRCLE('',#1853,5.4);
#1853 = AXIS2_PLACEMENT_3D('',#1854,#1855,#1856);
#1854 = CARTESIAN_POINT('',(0.,0.,28.6));
#1855 = DIRECTION('',(0.,0.,1.));
#1856 = DIRECTION('',(-0.985531644753,-0.169491525424,0.));
#1857 = PCURVE('',#70,#1858);
#1858 = DEFINITIONAL_REPRESENTATION('',(#1859),#1863);
#1859 = CIRCLE('',#1860,5.4);
#1860 = AXIS2_PLACEMENT_2D('',#1861,#1862);
#1861 = CARTESIAN_POINT('',(0.,0.));
#1862 = DIRECTION('',(-0.985531644753,-0.169491525424));
#1863 = ( GEOMETRIC_REPRESENTATION_CONTEXT(2) 
PARAMETRIC_REPRESENTATION_CONTEXT() REPRESENTATION_CONTEXT('2D SPACE',''
  ) );
#1864 = PCURVE('',#1829,#1865);
#1865 = DEFINITIONAL_REPRESENTATION('',(#1866),#1870);
#1866 = LINE('',#1867,#1868);
#1867 = CARTESIAN_POINT('',(-0.,-0.5));
#1868 = VECTOR('',#1869,1.);
#1869 = DIRECTION('',(-1.,0.));
#1870 = ( GEOMETRIC_REPRESENTATION_CONTEXT(2) 
PARAMETRIC_REPRESENTATION_CONTEXT() REPRESENTATION_CONTEXT('2D SPACE',''
  ) );
#1871 = ORIENTED_EDGE('',*,*,#1872,.T.);
#1872 = EDGE_CURVE('',#1849,#1873,#1875,.T.);
#1873 = VERTEX_POINT('',#1874);
#1874 = CARTESIAN_POINT('',(-4.9,1.,28.6));
#1875 = SURFACE_CURVE('',#1876,(#1880,#1887),.PCURVE_S1.);
#1876 = LINE('',#1877,#1878);
#1877 = CARTESIAN_POINT('',(-7.1,1.,28.6));
#1878 = VECTOR('',#1879,1.);
#1879 = DIRECTION('',(1.,0.,-0.));
#1880 = PCURVE('',#70,#1881);
#1881 = DEFINITIONAL_REPRESENTATION('',(#1882),#1886);
#1882 = LINE('',#1883,#1884);
#1883 = CARTESIAN_POINT('',(-7.1,1.));
#1884 = VECTOR('',#1885,1.);
#1885 = DIRECTION('',(1.,0.));
#1886 = ( GEOMETRIC_REPRESENTATION_CONTEXT(2) 
PARAMETRIC_REPRESENTATION_CONTEXT() REPRESENTATION_CONTEXT('2D SPACE',''
  ) );
#1887 = PCURVE('',#1888,#1893);
#1888 = PLANE('',#1889);
#1889 = AXIS2_PLACEMENT_3D('',#1890,#1891,#1892);
#1890 = CARTESIAN_POINT('',(-7.1,1.,13.6));
#1891 = DIRECTION('',(-0.,1.,0.));
#1892 = DIRECTION('',(0.,0.,1.));
#1893 = DEFINITIONAL_REPRESENTATION('',(#1894),#1898);
#1894 = LINE('',#1895,#1896);
#1895 = CARTESIAN_POINT('',(15.,0.));
#1896 = VECTOR('',#1897,1.);
#1897 = DIRECTION('',(0.,1.));
#1898 = ( GEOMETRIC_REPRESENTATION_CONTEXT(2) 
PARAMETRIC_REPRESENTATION_CONTEXT() REPRESENTATION_CONTEXT('2D SPACE',''
  ) );
#1899 = ORIENTED_EDGE('',*,*,#1900,.F.);
#1900 = EDGE_CURVE('',#50,#1873,#1901,.T.);
#1901 = SURFACE_CURVE('',#1902,(#1906,#1913),.PCURVE_S1.);
#1902 = LINE('',#1903,#1904);
#1903 = CARTESIAN_POINT('',(-4.9,-1.,28.6));
#1904 = VECTOR('',#1905,1.);
#1905 = DIRECTION('',(-0.,1.,0.));
#1906 = PCURVE('',#70,#1907);
#1907 = DEFINITIONAL_REPRESENTATION('',(#1908),#1912);
#1908 = LINE('',#1909,#1910);
#1909 = CARTESIAN_POINT('',(-4.9,-1.));
#1910 = VECTOR('',#1911,1.);
#1911 = DIRECTION('',(0.,1.));
#1912 = ( GEOMETRIC_REPRESENTATION_CONTEXT(2) 
PARAMETRIC_REPRESENTATION_CONTEXT() REPRESENTATION_CONTEXT('2D SPACE',''
  ) );
#1913 = PCURVE('',#98,#1914);
#1914 = DEFINITIONAL_REPRESENTATION('',(#1915),#1919);
#1915 = LINE('',#1916,#1917);
#1916 = CARTESIAN_POINT('',(15.,0.));
#1917 = VECTOR('',#1918,1.);
#1918 = DIRECTION('',(0.,-1.));
#1919 = ( GEOMETRIC_REPRESENTATION_CONTEXT(2) 
PARAMETRIC_REPRESENTATION_CONTEXT() REPRESENTATION_CONTEXT('2D SPACE',''
  ) );
#1920 = FACE_BOUND('',#1921,.T.);
#1921 = EDGE_LOOP('',(#1922));
#1922 = ORIENTED_EDGE('',*,*,#1923,.F.);
#1923 = EDGE_CURVE('',#1924,#1924,#1926,.T.);
#1924 = VERTEX_POINT('',#1925);
#1925 = CARTESIAN_POINT('',(4.,-9.797174393179E-16,28.6));
#1926 = SURFACE_CURVE('',#1927,(#1932,#1939),.PCURVE_S1.);
#1927 = CIRCLE('',#1928,4.);
#1928 = AXIS2_PLACEMENT_3D('',#1929,#1930,#1931);
#1929 = CARTESIAN_POINT('',(0.,0.,28.6));
#1930 = DIRECTION('',(0.,0.,1.));
#1931 = DIRECTION('',(1.,0.,-0.));
#1932 = PCURVE('',#70,#1933);
#1933 = DEFINITIONAL_REPRESENTATION('',(#1934),#1938);
#1934 = CIRCLE('',#1935,4.);
#1935 = AXIS2_PLACEMENT_2D('',#1936,#1937);
#1936 = CARTESIAN_POINT('',(0.,0.));
#1937 = DIRECTION('',(1.,0.));
#1938 = ( GEOMETRIC_REPRESENTATION_CONTEXT(2) 
PARAMETRIC_REPRESENTATION_CONTEXT() REPRESENTATION_CONTEXT('2D SPACE',''
  ) );
#1939 = PCURVE('',#1940,#1945);
#1940 = CYLINDRICAL_SURFACE('',#1941,4.);
#1941 = AXIS2_PLACEMENT_3D('',#1942,#1943,#1944);
#1942 = CARTESIAN_POINT('',(0.,0.,15.));
#1943 = DIRECTION('',(0.,0.,1.));
#1944 = DIRECTION('',(1.,0.,-0.));
#1945 = DEFINITIONAL_REPRESENTATION('',(#1946),#1950);
#1946 = LINE('',#1947,#1948);
#1947 = CARTESIAN_POINT('',(0.,13.6));
#1948 = VECTOR('',#1949,1.);
#1949 = DIRECTION('',(1.,0.));
#1950 = ( GEOMETRIC_REPRESENTATION_CONTEXT(2) 
PARAMETRIC_REPRESENTATION_CONTEXT() REPRESENTATION_CONTEXT('2D SPACE',''
  ) );
#1951 = ADVANCED_FACE('',(#1952),#1829,.T.);
#1952 = FACE_BOUND('',#1953,.F.);
#1953 = EDGE_LOOP('',(#1954,#1955,#1956,#1983));
#1954 = ORIENTED_EDGE('',*,*,#1814,.F.);
#1955 = ORIENTED_EDGE('',*,*,#1848,.T.);
#1956 = ORIENTED_EDGE('',*,*,#1957,.T.);
#1957 = EDGE_CURVE('',#1849,#1958,#1960,.T.);
#1958 = VERTEX_POINT('',#1959);
#1959 = CARTESIAN_POINT('',(-5.814636704043,1.,28.1));
#1960 = SURFACE_CURVE('',#1961,(#1966,#1976),.PCURVE_S1.);
#1961 = HYPERBOLA('',#1962,1.,1.);
#1962 = AXIS2_PLACEMENT_3D('',#1963,#1964,#1965);
#1963 = CARTESIAN_POINT('',(0.,1.,34.));
#1964 = DIRECTION('',(0.,1.,0.));
#1965 = DIRECTION('',(0.,0.,-1.));
#1966 = PCURVE('',#1829,#1967);
#1967 = DEFINITIONAL_REPRESENTATION('',(#1968),#1975);
#1968 = B_SPLINE_CURVE_WITH_KNOTS('',5,(#1969,#1970,#1971,#1972,#1973,
    #1974),.UNSPECIFIED.,.F.,.F.,(6,6),(2.370860342412,2.4608390603),
  .PIECEWISE_BEZIER_KNOTS.);
#1969 = CARTESIAN_POINT('',(-5.926611296759,-0.5));
#1970 = CARTESIAN_POINT('',(-5.929943841866,-0.404503793167));
#1971 = CARTESIAN_POINT('',(-5.93320271905,-0.306821620612));
#1972 = CARTESIAN_POINT('',(-5.936390022519,-0.206889052285));
#1973 = CARTESIAN_POINT('',(-5.939507767462,-0.104638711124));
#1974 = CARTESIAN_POINT('',(-5.942557893492,0.));
#1975 = ( GEOMETRIC_REPRESENTATION_CONTEXT(2) 
PARAMETRIC_REPRESENTATION_CONTEXT() REPRESENTATION_CONTEXT('2D SPACE',''
  ) );
#1976 = PCURVE('',#1888,#1977);
#1977 = DEFINITIONAL_REPRESENTATION('',(#1978),#1982);
#1978 = ( BOUNDED_CURVE() B_SPLINE_CURVE(2,(#1979,#1980,#1981),
.UNSPECIFIED.,.F.,.F.) B_SPLINE_CURVE_WITH_KNOTS((3,3),(2.370860342412,
2.4608390603),.PIECEWISE_BEZIER_KNOTS.) CURVE() 
GEOMETRIC_REPRESENTATION_ITEM() RATIONAL_B_SPLINE_CURVE((1.,
1.001012191918,1.)) REPRESENTATION_ITEM('') );
#1979 = CARTESIAN_POINT('',(15.,1.793400335431));
#1980 = CARTESIAN_POINT('',(14.76142042626,1.550621573205));
#1981 = CARTESIAN_POINT('',(14.5,1.285363295957));
#1982 = ( GEOMETRIC_REPRESENTATION_CONTEXT(2) 
PARAMETRIC_REPRESENTATION_CONTEXT() REPRESENTATION_CONTEXT('2D SPACE',''
  ) );
#1983 = ORIENTED_EDGE('',*,*,#1984,.F.);
#1984 = EDGE_CURVE('',#1789,#1958,#1985,.T.);
#1985 = SURFACE_CURVE('',#1986,(#1991,#1998),.PCURVE_S1.);
#1986 = CIRCLE('',#1987,5.9);
#1987 = AXIS2_PLACEMENT_3D('',#1988,#1989,#1990);
#1988 = CARTESIAN_POINT('',(0.,0.,28.1));
#1989 = DIRECTION('',(0.,0.,1.));
#1990 = DIRECTION('',(-0.985531644753,-0.169491525424,0.));
#1991 = PCURVE('',#1829,#1992);
#1992 = DEFINITIONAL_REPRESENTATION('',(#1993),#1997);
#1993 = LINE('',#1994,#1995);
#1994 = CARTESIAN_POINT('',(-0.,0.));
#1995 = VECTOR('',#1996,1.);
#1996 = DIRECTION('',(-1.,0.));
#1997 = ( GEOMETRIC_REPRESENTATION_CONTEXT(2) 
PARAMETRIC_REPRESENTATION_CONTEXT() REPRESENTATION_CONTEXT('2D SPACE',''
  ) );
#1998 = PCURVE('',#1803,#1999);
#1999 = DEFINITIONAL_REPRESENTATION('',(#2000),#2004);
#2000 = LINE('',#2001,#2002);
#2001 = CARTESIAN_POINT('',(3.311906360434,14.5));
#2002 = VECTOR('',#2003,1.);
#2003 = DIRECTION('',(1.,0.));
#2004 = ( GEOMETRIC_REPRESENTATION_CONTEXT(2) 
PARAMETRIC_REPRESENTATION_CONTEXT() REPRESENTATION_CONTEXT('2D SPACE',''
  ) );
#2005 = ADVANCED_FACE('',(#2006),#98,.F.);
#2006 = FACE_BOUND('',#2007,.F.);
#2007 = EDGE_LOOP('',(#2008,#2009,#2030,#2051));
#2008 = ORIENTED_EDGE('',*,*,#82,.F.);
#2009 = ORIENTED_EDGE('',*,*,#2010,.F.);
#2010 = EDGE_CURVE('',#2011,#83,#2013,.T.);
#2011 = VERTEX_POINT('',#2012);
#2012 = CARTESIAN_POINT('',(-4.9,1.,14.));
#2013 = SURFACE_CURVE('',#2014,(#2018,#2024),.PCURVE_S1.);
#2014 = LINE('',#2015,#2016);
#2015 = CARTESIAN_POINT('',(-4.9,-3.5,14.));
#2016 = VECTOR('',#2017,1.);
#2017 = DIRECTION('',(0.,-1.,0.));
#2018 = PCURVE('',#98,#2019);
#2019 = DEFINITIONAL_REPRESENTATION('',(#2020),#2023);
#2020 = B_SPLINE_CURVE_WITH_KNOTS('',1,(#2021,#2022),.UNSPECIFIED.,.F.,
  .F.,(2,2),(-4.5,-2.5),.PIECEWISE_BEZIER_KNOTS.);
#2021 = CARTESIAN_POINT('',(0.4,-2.));
#2022 = CARTESIAN_POINT('',(0.4,0.));
#2023 = ( GEOMETRIC_REPRESENTATION_CONTEXT(2) 
PARAMETRIC_REPRESENTATION_CONTEXT() REPRESENTATION_CONTEXT('2D SPACE',''
  ) );
#2024 = PCURVE('',#125,#2025);
#2025 = DEFINITIONAL_REPRESENTATION('',(#2026),#2029);
#2026 = B_SPLINE_CURVE_WITH_KNOTS('',1,(#2027,#2028),.UNSPECIFIED.,.F.,
  .F.,(2,2),(-4.5,-2.5),.PIECEWISE_BEZIER_KNOTS.);
#2027 = CARTESIAN_POINT('',(1.1,7.));
#2028 = CARTESIAN_POINT('',(1.1,5.));
#2029 = ( GEOMETRIC_REPRESENTATION_CONTEXT(2) 
PARAMETRIC_REPRESENTATION_CONTEXT() REPRESENTATION_CONTEXT('2D SPACE',''
  ) );
#2030 = ORIENTED_EDGE('',*,*,#2031,.T.);
#2031 = EDGE_CURVE('',#2011,#1873,#2032,.T.);
#2032 = SURFACE_CURVE('',#2033,(#2037,#2044),.PCURVE_S1.);
#2033 = LINE('',#2034,#2035);
#2034 = CARTESIAN_POINT('',(-4.9,1.,13.6));
#2035 = VECTOR('',#2036,1.);
#2036 = DIRECTION('',(0.,0.,1.));
#2037 = PCURVE('',#98,#2038);
#2038 = DEFINITIONAL_REPRESENTATION('',(#2039),#2043);
#2039 = LINE('',#2040,#2041);
#2040 = CARTESIAN_POINT('',(0.,-2.));
#2041 = VECTOR('',#2042,1.);
#2042 = DIRECTION('',(1.,0.));
#2043 = ( GEOMETRIC_REPRESENTATION_CONTEXT(2) 
PARAMETRIC_REPRESENTATION_CONTEXT() REPRESENTATION_CONTEXT('2D SPACE',''
  ) );
#2044 = PCURVE('',#1888,#2045);
#2045 = DEFINITIONAL_REPRESENTATION('',(#2046),#2050);
#2046 = LINE('',#2047,#2048);
#2047 = CARTESIAN_POINT('',(0.,2.2));
#2048 = VECTOR('',#2049,1.);
#2049 = DIRECTION('',(1.,0.));
#2050 = ( GEOMETRIC_REPRESENTATION_CONTEXT(2) 
PARAMETRIC_REPRESENTATION_CONTEXT() REPRESENTATION_CONTEXT('2D SPACE',''
  ) );
#2051 = ORIENTED_EDGE('',*,*,#1900,.F.);
#2052 = ADVANCED_FACE('',(#2053),#1803,.T.);
#2053 = FACE_BOUND('',#2054,.T.);
#2054 = EDGE_LOOP('',(#2055,#2056,#2080,#2099));
#2055 = ORIENTED_EDGE('',*,*,#1788,.F.);
#2056 = ORIENTED_EDGE('',*,*,#2057,.T.);
#2057 = EDGE_CURVE('',#1757,#2058,#2060,.T.);
#2058 = VERTEX_POINT('',#2059);
#2059 = CARTESIAN_POINT('',(-5.814636704043,1.,27.736363636364));
#2060 = SURFACE_CURVE('',#2061,(#2066,#2073),.PCURVE_S1.);
#2061 = CIRCLE('',#2062,5.9);
#2062 = AXIS2_PLACEMENT_3D('',#2063,#2064,#2065);
#2063 = CARTESIAN_POINT('',(0.,0.,27.736363636364));
#2064 = DIRECTION('',(0.,0.,1.));
#2065 = DIRECTION('',(-0.985531644753,-0.169491525424,0.));
#2066 = PCURVE('',#1803,#2067);
#2067 = DEFINITIONAL_REPRESENTATION('',(#2068),#2072);
#2068 = LINE('',#2069,#2070);
#2069 = CARTESIAN_POINT('',(3.311906360434,14.136363636364));
#2070 = VECTOR('',#2071,1.);
#2071 = DIRECTION('',(1.,0.));
#2072 = ( GEOMETRIC_REPRESENTATION_CONTEXT(2) 
PARAMETRIC_REPRESENTATION_CONTEXT() REPRESENTATION_CONTEXT('2D SPACE',''
  ) );
#2073 = PCURVE('',#1773,#2074);
#2074 = DEFINITIONAL_REPRESENTATION('',(#2075),#2079);
#2075 = LINE('',#2076,#2077);
#2076 = CARTESIAN_POINT('',(3.311906360434,0.261363636364));
#2077 = VECTOR('',#2078,1.);
#2078 = DIRECTION('',(1.,0.));
#2079 = ( GEOMETRIC_REPRESENTATION_CONTEXT(2) 
PARAMETRIC_REPRESENTATION_CONTEXT() REPRESENTATION_CONTEXT('2D SPACE',''
  ) );
#2080 = ORIENTED_EDGE('',*,*,#2081,.T.);
#2081 = EDGE_CURVE('',#2058,#1958,#2082,.T.);
#2082 = SURFACE_CURVE('',#2083,(#2087,#2093),.PCURVE_S1.);
#2083 = LINE('',#2084,#2085);
#2084 = CARTESIAN_POINT('',(-5.814636704043,1.,13.6));
#2085 = VECTOR('',#2086,1.);
#2086 = DIRECTION('',(0.,0.,1.));
#2087 = PCURVE('',#1803,#2088);
#2088 = DEFINITIONAL_REPRESENTATION('',(#2089),#2092);
#2089 = B_SPLINE_CURVE_WITH_KNOTS('',1,(#2090,#2091),.UNSPECIFIED.,.F.,
  .F.,(2,2),(14.136363636364,15.),.PIECEWISE_BEZIER_KNOTS.);
#2090 = CARTESIAN_POINT('',(9.254464253926,14.136363636364));
#2091 = CARTESIAN_POINT('',(9.254464253926,15.));
#2092 = ( GEOMETRIC_REPRESENTATION_CONTEXT(2) 
PARAMETRIC_REPRESENTATION_CONTEXT() REPRESENTATION_CONTEXT('2D SPACE',''
  ) );
#2093 = PCURVE('',#1888,#2094);
#2094 = DEFINITIONAL_REPRESENTATION('',(#2095),#2098);
#2095 = B_SPLINE_CURVE_WITH_KNOTS('',1,(#2096,#2097),.UNSPECIFIED.,.F.,
  .F.,(2,2),(14.136363036364,15.0000006),.PIECEWISE_BEZIER_KNOTS.);
#2096 = CARTESIAN_POINT('',(14.136363036364,1.285363295957));
#2097 = CARTESIAN_POINT('',(15.0000006,1.285363295957));
#2098 = ( GEOMETRIC_REPRESENTATION_CONTEXT(2) 
PARAMETRIC_REPRESENTATION_CONTEXT() REPRESENTATION_CONTEXT('2D SPACE',''
  ) );
#2099 = ORIENTED_EDGE('',*,*,#1984,.F.);
#2100 = ADVANCED_FACE('',(#2101,#2215),#125,.T.);
#2101 = FACE_BOUND('',#2102,.T.);
#2102 = EDGE_LOOP('',(#2103,#2133,#2161,#2189));
#2103 = ORIENTED_EDGE('',*,*,#2104,.F.);
#2104 = EDGE_CURVE('',#2105,#2107,#2109,.T.);
#2105 = VERTEX_POINT('',#2106);
#2106 = CARTESIAN_POINT('',(-6.,-6.,14.));
#2107 = VERTEX_POINT('',#2108);
#2108 = CARTESIAN_POINT('',(-6.,6.,14.));
#2109 = SURFACE_CURVE('',#2110,(#2114,#2121),.PCURVE_S1.);
#2110 = LINE('',#2111,#2112);
#2111 = CARTESIAN_POINT('',(-6.,-6.,14.));
#2112 = VECTOR('',#2113,1.);
#2113 = DIRECTION('',(-0.,1.,0.));
#2114 = PCURVE('',#125,#2115);
#2115 = DEFINITIONAL_REPRESENTATION('',(#2116),#2120);
#2116 = LINE('',#2117,#2118);
#2117 = CARTESIAN_POINT('',(0.,0.));
#2118 = VECTOR('',#2119,1.);
#2119 = DIRECTION('',(0.,1.));
#2120 = ( GEOMETRIC_REPRESENTATION_CONTEXT(2) 
PARAMETRIC_REPRESENTATION_CONTEXT() REPRESENTATION_CONTEXT('2D SPACE',''
  ) );
#2121 = PCURVE('',#2122,#2127);
#2122 = PLANE('',#2123);
#2123 = AXIS2_PLACEMENT_3D('',#2124,#2125,#2126);
#2124 = CARTESIAN_POINT('',(-6.,-6.,13.2));
#2125 = DIRECTION('',(1.,0.,-0.));
#2126 = DIRECTION('',(0.,0.,1.));
#2127 = DEFINITIONAL_REPRESENTATION('',(#2128),#2132);
#2128 = LINE('',#2129,#2130);
#2129 = CARTESIAN_POINT('',(0.8,0.));
#2130 = VECTOR('',#2131,1.);
#2131 = DIRECTION('',(0.,-1.));
#2132 = ( GEOMETRIC_REPRESENTATION_CONTEXT(2) 
PARAMETRIC_REPRESENTATION_CONTEXT() REPRESENTATION_CONTEXT('2D SPACE',''
  ) );
#2133 = ORIENTED_EDGE('',*,*,#2134,.T.);
#2134 = EDGE_CURVE('',#2105,#2135,#2137,.T.);
#2135 = VERTEX_POINT('',#2136);
#2136 = CARTESIAN_POINT('',(6.,-6.,14.));
#2137 = SURFACE_CURVE('',#2138,(#2142,#2149),.PCURVE_S1.);
#2138 = LINE('',#2139,#2140);
#2139 = CARTESIAN_POINT('',(-6.,-6.,14.));
#2140 = VECTOR('',#2141,1.);
#2141 = DIRECTION('',(1.,0.,-0.));
#2142 = PCURVE('',#125,#2143);
#2143 = DEFINITIONAL_REPRESENTATION('',(#2144),#2148);
#2144 = LINE('',#2145,#2146);
#2145 = CARTESIAN_POINT('',(0.,0.));
#2146 = VECTOR('',#2147,1.);
#2147 = DIRECTION('',(1.,0.));
#2148 = ( GEOMETRIC_REPRESENTATION_CONTEXT(2) 
PARAMETRIC_REPRESENTATION_CONTEXT() REPRESENTATION_CONTEXT('2D SPACE',''
  ) );
#2149 = PCURVE('',#2150,#2155);
#2150 = PLANE('',#2151);
#2151 = AXIS2_PLACEMENT_3D('',#2152,#2153,#2154);
#2152 = CARTESIAN_POINT('',(-6.,-6.,13.2));
#2153 = DIRECTION('',(-0.,1.,0.));
#2154 = DIRECTION('',(0.,0.,1.));
#2155 = DEFINITIONAL_REPRESENTATION('',(#2156),#2160);
#2156 = LINE('',#2157,#2158);
#2157 = CARTESIAN_POINT('',(0.8,0.));
#2158 = VECTOR('',#2159,1.);
#2159 = DIRECTION('',(0.,1.));
#2160 = ( GEOMETRIC_REPRESENTATION_CONTEXT(2) 
PARAMETRIC_REPRESENTATION_CONTEXT() REPRESENTATION_CONTEXT('2D SPACE',''
  ) );
#2161 = ORIENTED_EDGE('',*,*,#2162,.T.);
#2162 = EDGE_CURVE('',#2135,#2163,#2165,.T.);
#2163 = VERTEX_POINT('',#2164);
#2164 = CARTESIAN_POINT('',(6.,6.,14.));
#2165 = SURFACE_CURVE('',#2166,(#2170,#2177),.PCURVE_S1.);
#2166 = LINE('',#2167,#2168);
#2167 = CARTESIAN_POINT('',(6.,-6.,14.));
#2168 = VECTOR('',#2169,1.);
#2169 = DIRECTION('',(-0.,1.,0.));
#2170 = PCURVE('',#125,#2171);
#2171 = DEFINITIONAL_REPRESENTATION('',(#2172),#2176);
#2172 = LINE('',#2173,#2174);
#2173 = CARTESIAN_POINT('',(12.,0.));
#2174 = VECTOR('',#2175,1.);
#2175 = DIRECTION('',(0.,1.));
#2176 = ( GEOMETRIC_REPRESENTATION_CONTEXT(2) 
PARAMETRIC_REPRESENTATION_CONTEXT() REPRESENTATION_CONTEXT('2D SPACE',''
  ) );
#2177 = PCURVE('',#2178,#2183);
#2178 = PLANE('',#2179);
#2179 = AXIS2_PLACEMENT_3D('',#2180,#2181,#2182);
#2180 = CARTESIAN_POINT('',(6.,-6.,13.2));
#2181 = DIRECTION('',(1.,0.,-0.));
#2182 = DIRECTION('',(0.,0.,1.));
#2183 = DEFINITIONAL_REPRESENTATION('',(#2184),#2188);
#2184 = LINE('',#2185,#2186);
#2185 = CARTESIAN_POINT('',(0.8,0.));
#2186 = VECTOR('',#2187,1.);
#2187 = DIRECTION('',(0.,-1.));
#2188 = ( GEOMETRIC_REPRESENTATION_CONTEXT(2) 
PARAMETRIC_REPRESENTATION_CONTEXT() REPRESENTATION_CONTEXT('2D SPACE',''
  ) );
#2189 = ORIENTED_EDGE('',*,*,#2190,.F.);
#2190 = EDGE_CURVE('',#2107,#2163,#2191,.T.);
#2191 = SURFACE_CURVE('',#2192,(#2196,#2203),.PCURVE_S1.);
#2192 = LINE('',#2193,#2194);
#2193 = CARTESIAN_POINT('',(-6.,6.,14.));
#2194 = VECTOR('',#2195,1.);
#2195 = DIRECTION('',(1.,0.,-0.));
#2196 = PCURVE('',#125,#2197);
#2197 = DEFINITIONAL_REPRESENTATION('',(#2198),#2202);
#2198 = LINE('',#2199,#2200);
#2199 = CARTESIAN_POINT('',(0.,12.));
#2200 = VECTOR('',#2201,1.);
#2201 = DIRECTION('',(1.,0.));
#2202 = ( GEOMETRIC_REPRESENTATION_CONTEXT(2) 
PARAMETRIC_REPRESENTATION_CONTEXT() REPRESENTATION_CONTEXT('2D SPACE',''
  ) );
#2203 = PCURVE('',#2204,#2209);
#2204 = PLANE('',#2205);
#2205 = AXIS2_PLACEMENT_3D('',#2206,#2207,#2208);
#2206 = CARTESIAN_POINT('',(-6.,6.,13.2));
#2207 = DIRECTION('',(-0.,1.,0.));
#2208 = DIRECTION('',(0.,0.,1.));
#2209 = DEFINITIONAL_REPRESENTATION('',(#2210),#2214);
#2210 = LINE('',#2211,#2212);
#2211 = CARTESIAN_POINT('',(0.8,0.));
#2212 = VECTOR('',#2213,1.);
#2213 = DIRECTION('',(0.,1.));
#2214 = ( GEOMETRIC_REPRESENTATION_CONTEXT(2) 
PARAMETRIC_REPRESENTATION_CONTEXT() REPRESENTATION_CONTEXT('2D SPACE',''
  ) );
#2215 = FACE_BOUND('',#2216,.T.);
#2216 = EDGE_LOOP('',(#2217,#2241,#2242,#2243));
#2217 = ORIENTED_EDGE('',*,*,#2218,.F.);
#2218 = EDGE_CURVE('',#111,#2219,#2221,.T.);
#2219 = VERTEX_POINT('',#2220);
#2220 = CARTESIAN_POINT('',(-5.392054895863,1.,14.));
#2221 = SURFACE_CURVE('',#2222,(#2227,#2234),.PCURVE_S1.);
#2222 = CIRCLE('',#2223,5.484);
#2223 = AXIS2_PLACEMENT_3D('',#2224,#2225,#2226);
#2224 = CARTESIAN_POINT('',(0.,0.,14.));
#2225 = DIRECTION('',(0.,0.,1.));
#2226 = DIRECTION('',(1.,0.,-0.));
#2227 = PCURVE('',#125,#2228);
#2228 = DEFINITIONAL_REPRESENTATION('',(#2229),#2233);
#2229 = CIRCLE('',#2230,5.484);
#2230 = AXIS2_PLACEMENT_2D('',#2231,#2232);
#2231 = CARTESIAN_POINT('',(6.,6.));
#2232 = DIRECTION('',(1.,0.));
#2233 = ( GEOMETRIC_REPRESENTATION_CONTEXT(2) 
PARAMETRIC_REPRESENTATION_CONTEXT() REPRESENTATION_CONTEXT('2D SPACE',''
  ) );
#2234 = PCURVE('',#153,#2235);
#2235 = DEFINITIONAL_REPRESENTATION('',(#2236),#2240);
#2236 = LINE('',#2237,#2238);
#2237 = CARTESIAN_POINT('',(0.,2.5E-02));
#2238 = VECTOR('',#2239,1.);
#2239 = DIRECTION('',(1.,0.));
#2240 = ( GEOMETRIC_REPRESENTATION_CONTEXT(2) 
PARAMETRIC_REPRESENTATION_CONTEXT() REPRESENTATION_CONTEXT('2D SPACE',''
  ) );
#2241 = ORIENTED_EDGE('',*,*,#110,.T.);
#2242 = ORIENTED_EDGE('',*,*,#2010,.F.);
#2243 = ORIENTED_EDGE('',*,*,#2244,.F.);
#2244 = EDGE_CURVE('',#2219,#2011,#2245,.T.);
#2245 = SURFACE_CURVE('',#2246,(#2250,#2256),.PCURVE_S1.);
#2246 = LINE('',#2247,#2248);
#2247 = CARTESIAN_POINT('',(-6.55,1.,14.));
#2248 = VECTOR('',#2249,1.);
#2249 = DIRECTION('',(1.,0.,-0.));
#2250 = PCURVE('',#125,#2251);
#2251 = DEFINITIONAL_REPRESENTATION('',(#2252),#2255);
#2252 = B_SPLINE_CURVE_WITH_KNOTS('',1,(#2253,#2254),.UNSPECIFIED.,.F.,
  .F.,(2,2),(0.735363295957,1.65),.PIECEWISE_BEZIER_KNOTS.);
#2253 = CARTESIAN_POINT('',(0.185363295957,7.));
#2254 = CARTESIAN_POINT('',(1.1,7.));
#2255 = ( GEOMETRIC_REPRESENTATION_CONTEXT(2) 
PARAMETRIC_REPRESENTATION_CONTEXT() REPRESENTATION_CONTEXT('2D SPACE',''
  ) );
#2256 = PCURVE('',#1888,#2257);
#2257 = DEFINITIONAL_REPRESENTATION('',(#2258),#2261);
#2258 = B_SPLINE_CURVE_WITH_KNOTS('',1,(#2259,#2260),.UNSPECIFIED.,.F.,
  .F.,(2,2),(0.735363295957,1.65),.PIECEWISE_BEZIER_KNOTS.);
#2259 = CARTESIAN_POINT('',(0.4,1.285363295957));
#2260 = CARTESIAN_POINT('',(0.4,2.2));
#2261 = ( GEOMETRIC_REPRESENTATION_CONTEXT(2) 
PARAMETRIC_REPRESENTATION_CONTEXT() REPRESENTATION_CONTEXT('2D SPACE',''
  ) );
#2262 = ADVANCED_FACE('',(#2263),#1773,.T.);
#2263 = FACE_BOUND('',#2264,.T.);
#2264 = EDGE_LOOP('',(#2265,#2266,#2267,#2291));
#2265 = ORIENTED_EDGE('',*,*,#2057,.F.);
#2266 = ORIENTED_EDGE('',*,*,#1756,.T.);
#2267 = ORIENTED_EDGE('',*,*,#2268,.T.);
#2268 = EDGE_CURVE('',#1725,#2269,#2271,.T.);
#2269 = VERTEX_POINT('',#2270);
#2270 = CARTESIAN_POINT('',(-5.347298383296,1.,27.475));
#2271 = SURFACE_CURVE('',#2272,(#2277,#2284),.PCURVE_S1.);
#2272 = CIRCLE('',#2273,5.44);
#2273 = AXIS2_PLACEMENT_3D('',#2274,#2275,#2276);
#2274 = CARTESIAN_POINT('',(0.,0.,27.475));
#2275 = DIRECTION('',(0.,0.,1.));
#2276 = DIRECTION('',(-0.982959261635,-0.183823529412,0.));
#2277 = PCURVE('',#1773,#2278);
#2278 = DEFINITIONAL_REPRESENTATION('',(#2279),#2283);
#2279 = LINE('',#2280,#2281);
#2280 = CARTESIAN_POINT('',(3.32646751559,0.));
#2281 = VECTOR('',#2282,1.);
#2282 = DIRECTION('',(1.,0.));
#2283 = ( GEOMETRIC_REPRESENTATION_CONTEXT(2) 
PARAMETRIC_REPRESENTATION_CONTEXT() REPRESENTATION_CONTEXT('2D SPACE',''
  ) );
#2284 = PCURVE('',#1741,#2285);
#2285 = DEFINITIONAL_REPRESENTATION('',(#2286),#2290);
#2286 = LINE('',#2287,#2288);
#2287 = CARTESIAN_POINT('',(-3.32646751559,-0.375));
#2288 = VECTOR('',#2289,1.);
#2289 = DIRECTION('',(-1.,-0.));
#2290 = ( GEOMETRIC_REPRESENTATION_CONTEXT(2) 
PARAMETRIC_REPRESENTATION_CONTEXT() REPRESENTATION_CONTEXT('2D SPACE',''
  ) );
#2291 = ORIENTED_EDGE('',*,*,#2292,.F.);
#2292 = EDGE_CURVE('',#2058,#2269,#2293,.T.);
#2293 = SURFACE_CURVE('',#2294,(#2299,#2309),.PCURVE_S1.);
#2294 = HYPERBOLA('',#2295,0.568181818182,1.);
#2295 = AXIS2_PLACEMENT_3D('',#2296,#2297,#2298);
#2296 = CARTESIAN_POINT('',(0.,1.,24.384090909091));
#2297 = DIRECTION('',(-0.,1.,0.));
#2298 = DIRECTION('',(0.,0.,1.));
#2299 = PCURVE('',#1773,#2300);
#2300 = DEFINITIONAL_REPRESENTATION('',(#2301),#2308);
#2301 = B_SPLINE_CURVE_WITH_KNOTS('',5,(#2302,#2303,#2304,#2305,#2306,
    #2307),.UNSPECIFIED.,.F.,.F.,(6,6),(-2.4608390603,-2.37836936639),
  .PIECEWISE_BEZIER_KNOTS.);
#2302 = CARTESIAN_POINT('',(9.254464253926,0.261363636364));
#2303 = CARTESIAN_POINT('',(9.251668671081,0.206871442138));
#2304 = CARTESIAN_POINT('',(9.248816284443,0.153519230196));
#2305 = CARTESIAN_POINT('',(9.245905600599,0.101276116151));
#2306 = CARTESIAN_POINT('',(9.24293507281,5.011250692257E-02));
#2307 = CARTESIAN_POINT('',(9.239903098769,-3.81490145127E-16));
#2308 = ( GEOMETRIC_REPRESENTATION_CONTEXT(2) 
PARAMETRIC_REPRESENTATION_CONTEXT() REPRESENTATION_CONTEXT('2D SPACE',''
  ) );
#2309 = PCURVE('',#1888,#2310);
#2310 = DEFINITIONAL_REPRESENTATION('',(#2311),#2315);
#2311 = ( BOUNDED_CURVE() B_SPLINE_CURVE(2,(#2312,#2313,#2314),
.UNSPECIFIED.,.F.,.F.) B_SPLINE_CURVE_WITH_KNOTS((3,3),(-2.4608390603,
-2.37836936639),.PIECEWISE_BEZIER_KNOTS.) CURVE() 
GEOMETRIC_REPRESENTATION_ITEM() RATIONAL_B_SPLINE_CURVE((1.,
1.000850276769,1.)) REPRESENTATION_ITEM('') );
#2312 = CARTESIAN_POINT('',(14.136363636364,1.285363295957));
#2313 = CARTESIAN_POINT('',(14.000210309793,1.52851109952));
#2314 = CARTESIAN_POINT('',(13.875,1.752701616704));
#2315 = ( GEOMETRIC_REPRESENTATION_CONTEXT(2) 
PARAMETRIC_REPRESENTATION_CONTEXT() REPRESENTATION_CONTEXT('2D SPACE',''
  ) );
#2316 = ADVANCED_FACE('',(#2317),#153,.T.);
#2317 = FACE_BOUND('',#2318,.T.);
#2318 = EDGE_LOOP('',(#2319,#2343,#2344,#2345));
#2319 = ORIENTED_EDGE('',*,*,#2320,.F.);
#2320 = EDGE_CURVE('',#137,#2321,#2323,.T.);
#2321 = VERTEX_POINT('',#2322);
#2322 = CARTESIAN_POINT('',(-5.814636704043,1.,14.236363636364));
#2323 = SURFACE_CURVE('',#2324,(#2329,#2336),.PCURVE_S1.);
#2324 = CIRCLE('',#2325,5.9);
#2325 = AXIS2_PLACEMENT_3D('',#2326,#2327,#2328);
#2326 = CARTESIAN_POINT('',(0.,0.,14.236363636364));
#2327 = DIRECTION('',(0.,0.,1.));
#2328 = DIRECTION('',(-0.985531644753,-0.169491525424,0.));
#2329 = PCURVE('',#153,#2330);
#2330 = DEFINITIONAL_REPRESENTATION('',(#2331),#2335);
#2331 = LINE('',#2332,#2333);
#2332 = CARTESIAN_POINT('',(3.311906360434,0.261363636364));
#2333 = VECTOR('',#2334,1.);
#2334 = DIRECTION('',(1.,0.));
#2335 = ( GEOMETRIC_REPRESENTATION_CONTEXT(2) 
PARAMETRIC_REPRESENTATION_CONTEXT() REPRESENTATION_CONTEXT('2D SPACE',''
  ) );
#2336 = PCURVE('',#183,#2337);
#2337 = DEFINITIONAL_REPRESENTATION('',(#2338),#2342);
#2338 = LINE('',#2339,#2340);
#2339 = CARTESIAN_POINT('',(3.311906360434,0.636363636364));
#2340 = VECTOR('',#2341,1.);
#2341 = DIRECTION('',(1.,0.));
#2342 = ( GEOMETRIC_REPRESENTATION_CONTEXT(2) 
PARAMETRIC_REPRESENTATION_CONTEXT() REPRESENTATION_CONTEXT('2D SPACE',''
  ) );
#2343 = ORIENTED_EDGE('',*,*,#136,.T.);
#2344 = ORIENTED_EDGE('',*,*,#2218,.T.);
#2345 = ORIENTED_EDGE('',*,*,#2346,.F.);
#2346 = EDGE_CURVE('',#2321,#2219,#2347,.T.);
#2347 = SURFACE_CURVE('',#2348,(#2353,#2363),.PCURVE_S1.);
#2348 = HYPERBOLA('',#2349,0.568181818182,1.);
#2349 = AXIS2_PLACEMENT_3D('',#2350,#2351,#2352);
#2350 = CARTESIAN_POINT('',(0.,1.,10.884090909091));
#2351 = DIRECTION('',(-0.,1.,0.));
#2352 = DIRECTION('',(0.,0.,1.));
#2353 = PCURVE('',#153,#2354);
#2354 = DEFINITIONAL_REPRESENTATION('',(#2355),#2362);
#2355 = B_SPLINE_CURVE_WITH_KNOTS('',5,(#2356,#2357,#2358,#2359,#2360,
    #2361),.UNSPECIFIED.,.F.,.F.,(6,6),(-2.4608390603,-2.37836936639),
  .PIECEWISE_BEZIER_KNOTS.);
#2356 = CARTESIAN_POINT('',(9.254464253926,0.261363636364));
#2357 = CARTESIAN_POINT('',(9.251668671081,0.206871442138));
#2358 = CARTESIAN_POINT('',(9.248816284443,0.153519230196));
#2359 = CARTESIAN_POINT('',(9.245905600599,0.101276116151));
#2360 = CARTESIAN_POINT('',(9.24293507281,5.011250692256E-02));
#2361 = CARTESIAN_POINT('',(9.239903098769,-8.150016736803E-16));
#2362 = ( GEOMETRIC_REPRESENTATION_CONTEXT(2) 
PARAMETRIC_REPRESENTATION_CONTEXT() REPRESENTATION_CONTEXT('2D SPACE',''
  ) );
#2363 = PCURVE('',#1888,#2364);
#2364 = DEFINITIONAL_REPRESENTATION('',(#2365),#2369);
#2365 = ( BOUNDED_CURVE() B_SPLINE_CURVE(2,(#2366,#2367,#2368),
.UNSPECIFIED.,.F.,.F.) B_SPLINE_CURVE_WITH_KNOTS((3,3),(-2.4608390603,
-2.37836936639),.PIECEWISE_BEZIER_KNOTS.) CURVE() 
GEOMETRIC_REPRESENTATION_ITEM() RATIONAL_B_SPLINE_CURVE((1.,
1.000850276769,1.)) REPRESENTATION_ITEM('') );
#2366 = CARTESIAN_POINT('',(0.636363636364,1.285363295957));
#2367 = CARTESIAN_POINT('',(0.500210309793,1.52851109952));
#2368 = CARTESIAN_POINT('',(0.375,1.752701616704));
#2369 = ( GEOMETRIC_REPRESENTATION_CONTEXT(2) 
PARAMETRIC_REPRESENTATION_CONTEXT() REPRESENTATION_CONTEXT('2D SPACE',''
  ) );
#2370 = ADVANCED_FACE('',(#2371),#1741,.T.);
#2371 = FACE_BOUND('',#2372,.T.);
#2372 = EDGE_LOOP('',(#2373,#2374,#2375,#2399));
#2373 = ORIENTED_EDGE('',*,*,#2268,.F.);
#2374 = ORIENTED_EDGE('',*,*,#1724,.T.);
#2375 = ORIENTED_EDGE('',*,*,#2376,.T.);
#2376 = EDGE_CURVE('',#1699,#2377,#2379,.T.);
#2377 = VERTEX_POINT('',#2378);
#2378 = CARTESIAN_POINT('',(-5.814636704043,1.,27.213636363636));
#2379 = SURFACE_CURVE('',#2380,(#2385,#2392),.PCURVE_S1.);
#2380 = CIRCLE('',#2381,5.9);
#2381 = AXIS2_PLACEMENT_3D('',#2382,#2383,#2384);
#2382 = CARTESIAN_POINT('',(0.,0.,27.213636363636));
#2383 = DIRECTION('',(0.,0.,1.));
#2384 = DIRECTION('',(-0.985531644753,-0.169491525424,0.));
#2385 = PCURVE('',#1741,#2386);
#2386 = DEFINITIONAL_REPRESENTATION('',(#2387),#2391);
#2387 = LINE('',#2388,#2389);
#2388 = CARTESIAN_POINT('',(-3.311906360434,-0.113636363636));
#2389 = VECTOR('',#2390,1.);
#2390 = DIRECTION('',(-1.,-0.));
#2391 = ( GEOMETRIC_REPRESENTATION_CONTEXT(2) 
PARAMETRIC_REPRESENTATION_CONTEXT() REPRESENTATION_CONTEXT('2D SPACE',''
  ) );
#2392 = PCURVE('',#1713,#2393);
#2393 = DEFINITIONAL_REPRESENTATION('',(#2394),#2398);
#2394 = LINE('',#2395,#2396);
#2395 = CARTESIAN_POINT('',(3.311906360434,13.613636363636));
#2396 = VECTOR('',#2397,1.);
#2397 = DIRECTION('',(1.,0.));
#2398 = ( GEOMETRIC_REPRESENTATION_CONTEXT(2) 
PARAMETRIC_REPRESENTATION_CONTEXT() REPRESENTATION_CONTEXT('2D SPACE',''
  ) );
#2399 = ORIENTED_EDGE('',*,*,#2400,.F.);
#2400 = EDGE_CURVE('',#2269,#2377,#2401,.T.);
#2401 = SURFACE_CURVE('',#2402,(#2407,#2417),.PCURVE_S1.);
#2402 = HYPERBOLA('',#2403,0.568181818182,1.);
#2403 = AXIS2_PLACEMENT_3D('',#2404,#2405,#2406);
#2404 = CARTESIAN_POINT('',(0.,1.,30.565909090909));
#2405 = DIRECTION('',(0.,1.,0.));
#2406 = DIRECTION('',(-0.,0.,-1.));
#2407 = PCURVE('',#1741,#2408);
#2408 = DEFINITIONAL_REPRESENTATION('',(#2409),#2416);
#2409 = B_SPLINE_CURVE_WITH_KNOTS('',5,(#2410,#2411,#2412,#2413,#2414,
    #2415),.UNSPECIFIED.,.F.,.F.,(6,6),(2.37836936639,2.4608390603),
  .PIECEWISE_BEZIER_KNOTS.);
#2410 = CARTESIAN_POINT('',(-9.239903098769,-0.375));
#2411 = CARTESIAN_POINT('',(-9.24293507281,-0.324887493077));
#2412 = CARTESIAN_POINT('',(-9.245905600599,-0.273723883849));
#2413 = CARTESIAN_POINT('',(-9.248816284443,-0.221480769804));
#2414 = CARTESIAN_POINT('',(-9.251668671081,-0.168128557862));
#2415 = CARTESIAN_POINT('',(-9.254464253926,-0.113636363636));
#2416 = ( GEOMETRIC_REPRESENTATION_CONTEXT(2) 
PARAMETRIC_REPRESENTATION_CONTEXT() REPRESENTATION_CONTEXT('2D SPACE',''
  ) );
#2417 = PCURVE('',#1888,#2418);
#2418 = DEFINITIONAL_REPRESENTATION('',(#2419),#2423);
#2419 = ( BOUNDED_CURVE() B_SPLINE_CURVE(2,(#2420,#2421,#2422),
.UNSPECIFIED.,.F.,.F.) B_SPLINE_CURVE_WITH_KNOTS((3,3),(2.37836936639,
2.4608390603),.PIECEWISE_BEZIER_KNOTS.) CURVE() 
GEOMETRIC_REPRESENTATION_ITEM() RATIONAL_B_SPLINE_CURVE((1.,
1.000850276769,1.)) REPRESENTATION_ITEM('') );
#2420 = CARTESIAN_POINT('',(13.875,1.752701616704));
#2421 = CARTESIAN_POINT('',(13.749789690207,1.52851109952));
#2422 = CARTESIAN_POINT('',(13.613636363636,1.285363295957));
#2423 = ( GEOMETRIC_REPRESENTATION_CONTEXT(2) 
PARAMETRIC_REPRESENTATION_CONTEXT() REPRESENTATION_CONTEXT('2D SPACE',''
  ) );
#2424 = ADVANCED_FACE('',(#2425),#183,.T.);
#2425 = FACE_BOUND('',#2426,.T.);
#2426 = EDGE_LOOP('',(#2427,#2451,#2452,#2453));
#2427 = ORIENTED_EDGE('',*,*,#2428,.T.);
#2428 = EDGE_CURVE('',#2429,#169,#2431,.T.);
#2429 = VERTEX_POINT('',#2430);
#2430 = CARTESIAN_POINT('',(-5.814636704043,1.,14.463636363636));
#2431 = SURFACE_CURVE('',#2432,(#2437,#2444),.PCURVE_S1.);
#2432 = CIRCLE('',#2433,5.9);
#2433 = AXIS2_PLACEMENT_3D('',#2434,#2435,#2436);
#2434 = CARTESIAN_POINT('',(0.,0.,14.463636363636));
#2435 = DIRECTION('',(0.,0.,-1.));
#2436 = DIRECTION('',(-0.985531644753,0.169491525424,0.));
#2437 = PCURVE('',#183,#2438);
#2438 = DEFINITIONAL_REPRESENTATION('',(#2439),#2443);
#2439 = LINE('',#2440,#2441);
#2440 = CARTESIAN_POINT('',(9.254464253926,0.863636363636));
#2441 = VECTOR('',#2442,1.);
#2442 = DIRECTION('',(-1.,-0.));
#2443 = ( GEOMETRIC_REPRESENTATION_CONTEXT(2) 
PARAMETRIC_REPRESENTATION_CONTEXT() REPRESENTATION_CONTEXT('2D SPACE',''
  ) );
#2444 = PCURVE('',#211,#2445);
#2445 = DEFINITIONAL_REPRESENTATION('',(#2446),#2450);
#2446 = LINE('',#2447,#2448);
#2447 = CARTESIAN_POINT('',(-9.254464253926,-0.113636363636));
#2448 = VECTOR('',#2449,1.);
#2449 = DIRECTION('',(1.,-0.));
#2450 = ( GEOMETRIC_REPRESENTATION_CONTEXT(2) 
PARAMETRIC_REPRESENTATION_CONTEXT() REPRESENTATION_CONTEXT('2D SPACE',''
  ) );
#2451 = ORIENTED_EDGE('',*,*,#168,.F.);
#2452 = ORIENTED_EDGE('',*,*,#2320,.T.);
#2453 = ORIENTED_EDGE('',*,*,#2454,.T.);
#2454 = EDGE_CURVE('',#2321,#2429,#2455,.T.);
#2455 = SURFACE_CURVE('',#2456,(#2460,#2466),.PCURVE_S1.);
#2456 = LINE('',#2457,#2458);
#2457 = CARTESIAN_POINT('',(-5.814636704043,1.,13.6));
#2458 = VECTOR('',#2459,1.);
#2459 = DIRECTION('',(0.,0.,1.));
#2460 = PCURVE('',#183,#2461);
#2461 = DEFINITIONAL_REPRESENTATION('',(#2462),#2465);
#2462 = B_SPLINE_CURVE_WITH_KNOTS('',1,(#2463,#2464),.UNSPECIFIED.,.F.,
  .F.,(2,2),(0.636363636364,0.863636363636),.PIECEWISE_BEZIER_KNOTS.);
#2463 = CARTESIAN_POINT('',(9.254464253926,0.636363636364));
#2464 = CARTESIAN_POINT('',(9.254464253926,0.863636363636));
#2465 = ( GEOMETRIC_REPRESENTATION_CONTEXT(2) 
PARAMETRIC_REPRESENTATION_CONTEXT() REPRESENTATION_CONTEXT('2D SPACE',''
  ) );
#2466 = PCURVE('',#1888,#2467);
#2467 = DEFINITIONAL_REPRESENTATION('',(#2468),#2471);
#2468 = B_SPLINE_CURVE_WITH_KNOTS('',1,(#2469,#2470),.UNSPECIFIED.,.F.,
  .F.,(2,2),(0.636363036364,0.863636963636),.PIECEWISE_BEZIER_KNOTS.);
#2469 = CARTESIAN_POINT('',(0.636363036364,1.285363295957));
#2470 = CARTESIAN_POINT('',(0.863636963636,1.285363295957));
#2471 = ( GEOMETRIC_REPRESENTATION_CONTEXT(2) 
PARAMETRIC_REPRESENTATION_CONTEXT() REPRESENTATION_CONTEXT('2D SPACE',''
  ) );
#2472 = ADVANCED_FACE('',(#2473),#1713,.T.);
#2473 = FACE_BOUND('',#2474,.T.);
#2474 = EDGE_LOOP('',(#2475,#2476,#2477,#2501));
#2475 = ORIENTED_EDGE('',*,*,#2376,.F.);
#2476 = ORIENTED_EDGE('',*,*,#1698,.F.);
#2477 = ORIENTED_EDGE('',*,*,#2478,.T.);
#2478 = EDGE_CURVE('',#1667,#2479,#2481,.T.);
#2479 = VERTEX_POINT('',#2480);
#2480 = CARTESIAN_POINT('',(-5.814636704043,1.,26.986363636364));
#2481 = SURFACE_CURVE('',#2482,(#2487,#2494),.PCURVE_S1.);
#2482 = CIRCLE('',#2483,5.9);
#2483 = AXIS2_PLACEMENT_3D('',#2484,#2485,#2486);
#2484 = CARTESIAN_POINT('',(0.,0.,26.986363636364));
#2485 = DIRECTION('',(0.,0.,1.));
#2486 = DIRECTION('',(-0.985531644753,-0.169491525424,0.));
#2487 = PCURVE('',#1713,#2488);
#2488 = DEFINITIONAL_REPRESENTATION('',(#2489),#2493);
#2489 = LINE('',#2490,#2491);
#2490 = CARTESIAN_POINT('',(3.311906360434,13.386363636364));
#2491 = VECTOR('',#2492,1.);
#2492 = DIRECTION('',(1.,0.));
#2493 = ( GEOMETRIC_REPRESENTATION_CONTEXT(2) 
PARAMETRIC_REPRESENTATION_CONTEXT() REPRESENTATION_CONTEXT('2D SPACE',''
  ) );
#2494 = PCURVE('',#1683,#2495);
#2495 = DEFINITIONAL_REPRESENTATION('',(#2496),#2500);
#2496 = LINE('',#2497,#2498);
#2497 = CARTESIAN_POINT('',(3.311906360434,0.261363636364));
#2498 = VECTOR('',#2499,1.);
#2499 = DIRECTION('',(1.,0.));
#2500 = ( GEOMETRIC_REPRESENTATION_CONTEXT(2) 
PARAMETRIC_REPRESENTATION_CONTEXT() REPRESENTATION_CONTEXT('2D SPACE',''
  ) );
#2501 = ORIENTED_EDGE('',*,*,#2502,.T.);
#2502 = EDGE_CURVE('',#2479,#2377,#2503,.T.);
#2503 = SURFACE_CURVE('',#2504,(#2508,#2514),.PCURVE_S1.);
#2504 = LINE('',#2505,#2506);
#2505 = CARTESIAN_POINT('',(-5.814636704043,1.,13.6));
#2506 = VECTOR('',#2507,1.);
#2507 = DIRECTION('',(0.,0.,1.));
#2508 = PCURVE('',#1713,#2509);
#2509 = DEFINITIONAL_REPRESENTATION('',(#2510),#2513);
#2510 = B_SPLINE_CURVE_WITH_KNOTS('',1,(#2511,#2512),.UNSPECIFIED.,.F.,
  .F.,(2,2),(13.386363636364,13.613636363636),.PIECEWISE_BEZIER_KNOTS.);
#2511 = CARTESIAN_POINT('',(9.254464253926,13.386363636364));
#2512 = CARTESIAN_POINT('',(9.254464253926,13.613636363636));
#2513 = ( GEOMETRIC_REPRESENTATION_CONTEXT(2) 
PARAMETRIC_REPRESENTATION_CONTEXT() REPRESENTATION_CONTEXT('2D SPACE',''
  ) );
#2514 = PCURVE('',#1888,#2515);
#2515 = DEFINITIONAL_REPRESENTATION('',(#2516),#2519);
#2516 = B_SPLINE_CURVE_WITH_KNOTS('',1,(#2517,#2518),.UNSPECIFIED.,.F.,
  .F.,(2,2),(13.386363036364,13.613636963636),.PIECEWISE_BEZIER_KNOTS.);
#2517 = CARTESIAN_POINT('',(13.386363036364,1.285363295957));
#2518 = CARTESIAN_POINT('',(13.613636963636,1.285363295957));
#2519 = ( GEOMETRIC_REPRESENTATION_CONTEXT(2) 
PARAMETRIC_REPRESENTATION_CONTEXT() REPRESENTATION_CONTEXT('2D SPACE',''
  ) );
#2520 = ADVANCED_FACE('',(#2521),#211,.T.);
#2521 = FACE_BOUND('',#2522,.T.);
#2522 = EDGE_LOOP('',(#2523,#2547,#2548,#2549));
#2523 = ORIENTED_EDGE('',*,*,#2524,.T.);
#2524 = EDGE_CURVE('',#2525,#195,#2527,.T.);
#2525 = VERTEX_POINT('',#2526);
#2526 = CARTESIAN_POINT('',(-5.347298383296,1.,14.725));
#2527 = SURFACE_CURVE('',#2528,(#2533,#2540),.PCURVE_S1.);
#2528 = CIRCLE('',#2529,5.44);
#2529 = AXIS2_PLACEMENT_3D('',#2530,#2531,#2532);
#2530 = CARTESIAN_POINT('',(0.,0.,14.725));
#2531 = DIRECTION('',(0.,0.,-1.));
#2532 = DIRECTION('',(-0.982959261635,0.183823529412,0.));
#2533 = PCURVE('',#211,#2534);
#2534 = DEFINITIONAL_REPRESENTATION('',(#2535),#2539);
#2535 = LINE('',#2536,#2537);
#2536 = CARTESIAN_POINT('',(-9.239903098769,-0.375));
#2537 = VECTOR('',#2538,1.);
#2538 = DIRECTION('',(1.,-0.));
#2539 = ( GEOMETRIC_REPRESENTATION_CONTEXT(2) 
PARAMETRIC_REPRESENTATION_CONTEXT() REPRESENTATION_CONTEXT('2D SPACE',''
  ) );
#2540 = PCURVE('',#243,#2541);
#2541 = DEFINITIONAL_REPRESENTATION('',(#2542),#2546);
#2542 = LINE('',#2543,#2544);
#2543 = CARTESIAN_POINT('',(9.239903098769,0.));
#2544 = VECTOR('',#2545,1.);
#2545 = DIRECTION('',(-1.,-0.));
#2546 = ( GEOMETRIC_REPRESENTATION_CONTEXT(2) 
PARAMETRIC_REPRESENTATION_CONTEXT() REPRESENTATION_CONTEXT('2D SPACE',''
  ) );
#2547 = ORIENTED_EDGE('',*,*,#194,.T.);
#2548 = ORIENTED_EDGE('',*,*,#2428,.F.);
#2549 = ORIENTED_EDGE('',*,*,#2550,.F.);
#2550 = EDGE_CURVE('',#2525,#2429,#2551,.T.);
#2551 = SURFACE_CURVE('',#2552,(#2557,#2567),.PCURVE_S1.);
#2552 = HYPERBOLA('',#2553,0.568181818182,1.);
#2553 = AXIS2_PLACEMENT_3D('',#2554,#2555,#2556);
#2554 = CARTESIAN_POINT('',(0.,1.,17.815909090909));
#2555 = DIRECTION('',(0.,1.,0.));
#2556 = DIRECTION('',(-0.,0.,-1.));
#2557 = PCURVE('',#211,#2558);
#2558 = DEFINITIONAL_REPRESENTATION('',(#2559),#2566);
#2559 = B_SPLINE_CURVE_WITH_KNOTS('',5,(#2560,#2561,#2562,#2563,#2564,
    #2565),.UNSPECIFIED.,.F.,.F.,(6,6),(2.37836936639,2.4608390603),
  .PIECEWISE_BEZIER_KNOTS.);
#2560 = CARTESIAN_POINT('',(-9.239903098769,-0.375));
#2561 = CARTESIAN_POINT('',(-9.24293507281,-0.324887493077));
#2562 = CARTESIAN_POINT('',(-9.245905600599,-0.273723883849));
#2563 = CARTESIAN_POINT('',(-9.248816284443,-0.221480769804));
#2564 = CARTESIAN_POINT('',(-9.251668671081,-0.168128557862));
#2565 = CARTESIAN_POINT('',(-9.254464253926,-0.113636363636));
#2566 = ( GEOMETRIC_REPRESENTATION_CONTEXT(2) 
PARAMETRIC_REPRESENTATION_CONTEXT() REPRESENTATION_CONTEXT('2D SPACE',''
  ) );
#2567 = PCURVE('',#1888,#2568);
#2568 = DEFINITIONAL_REPRESENTATION('',(#2569),#2573);
#2569 = ( BOUNDED_CURVE() B_SPLINE_CURVE(2,(#2570,#2571,#2572),
.UNSPECIFIED.,.F.,.F.) B_SPLINE_CURVE_WITH_KNOTS((3,3),(2.37836936639,
2.4608390603),.PIECEWISE_BEZIER_KNOTS.) CURVE() 
GEOMETRIC_REPRESENTATION_ITEM() RATIONAL_B_SPLINE_CURVE((1.,
1.000850276769,1.)) REPRESENTATION_ITEM('') );
#2570 = CARTESIAN_POINT('',(1.125,1.752701616704));
#2571 = CARTESIAN_POINT('',(0.999789690207,1.52851109952));
#2572 = CARTESIAN_POINT('',(0.863636363636,1.285363295957));
#2573 = ( GEOMETRIC_REPRESENTATION_CONTEXT(2) 
PARAMETRIC_REPRESENTATION_CONTEXT() REPRESENTATION_CONTEXT('2D SPACE',''
  ) );
#2574 = ADVANCED_FACE('',(#2575),#1683,.T.);
#2575 = FACE_BOUND('',#2576,.T.);
#2576 = EDGE_LOOP('',(#2577,#2578,#2579,#2603));
#2577 = ORIENTED_EDGE('',*,*,#2478,.F.);
#2578 = ORIENTED_EDGE('',*,*,#1666,.T.);
#2579 = ORIENTED_EDGE('',*,*,#2580,.T.);
#2580 = EDGE_CURVE('',#1635,#2581,#2583,.T.);
#2581 = VERTEX_POINT('',#2582);
#2582 = CARTESIAN_POINT('',(-5.347298383296,1.,26.725));
#2583 = SURFACE_CURVE('',#2584,(#2589,#2596),.PCURVE_S1.);
#2584 = CIRCLE('',#2585,5.44);
#2585 = AXIS2_PLACEMENT_3D('',#2586,#2587,#2588);
#2586 = CARTESIAN_POINT('',(0.,0.,26.725));
#2587 = DIRECTION('',(0.,0.,1.));
#2588 = DIRECTION('',(-0.982959261635,-0.183823529412,0.));
#2589 = PCURVE('',#1683,#2590);
#2590 = DEFINITIONAL_REPRESENTATION('',(#2591),#2595);
#2591 = LINE('',#2592,#2593);
#2592 = CARTESIAN_POINT('',(3.32646751559,0.));
#2593 = VECTOR('',#2594,1.);
#2594 = DIRECTION('',(1.,0.));
#2595 = ( GEOMETRIC_REPRESENTATION_CONTEXT(2) 
PARAMETRIC_REPRESENTATION_CONTEXT() REPRESENTATION_CONTEXT('2D SPACE',''
  ) );
#2596 = PCURVE('',#1651,#2597);
#2597 = DEFINITIONAL_REPRESENTATION('',(#2598),#2602);
#2598 = LINE('',#2599,#2600);
#2599 = CARTESIAN_POINT('',(-3.32646751559,-0.375));
#2600 = VECTOR('',#2601,1.);
#2601 = DIRECTION('',(-1.,-0.));
#2602 = ( GEOMETRIC_REPRESENTATION_CONTEXT(2) 
PARAMETRIC_REPRESENTATION_CONTEXT() REPRESENTATION_CONTEXT('2D SPACE',''
  ) );
#2603 = ORIENTED_EDGE('',*,*,#2604,.F.);
#2604 = EDGE_CURVE('',#2479,#2581,#2605,.T.);
#2605 = SURFACE_CURVE('',#2606,(#2611,#2621),.PCURVE_S1.);
#2606 = HYPERBOLA('',#2607,0.568181818182,1.);
#2607 = AXIS2_PLACEMENT_3D('',#2608,#2609,#2610);
#2608 = CARTESIAN_POINT('',(0.,1.,23.634090909091));
#2609 = DIRECTION('',(-0.,1.,0.));
#2610 = DIRECTION('',(0.,0.,1.));
#2611 = PCURVE('',#1683,#2612);
#2612 = DEFINITIONAL_REPRESENTATION('',(#2613),#2620);
#2613 = B_SPLINE_CURVE_WITH_KNOTS('',5,(#2614,#2615,#2616,#2617,#2618,
    #2619),.UNSPECIFIED.,.F.,.F.,(6,6),(-2.4608390603,-2.37836936639),
  .PIECEWISE_BEZIER_KNOTS.);
#2614 = CARTESIAN_POINT('',(9.254464253926,0.261363636364));
#2615 = CARTESIAN_POINT('',(9.251668671081,0.206871442138));
#2616 = CARTESIAN_POINT('',(9.248816284443,0.153519230196));
#2617 = CARTESIAN_POINT('',(9.245905600599,0.101276116151));
#2618 = CARTESIAN_POINT('',(9.24293507281,5.011250692257E-02));
#2619 = CARTESIAN_POINT('',(9.239903098769,-3.81490145127E-16));
#2620 = ( GEOMETRIC_REPRESENTATION_CONTEXT(2) 
PARAMETRIC_REPRESENTATION_CONTEXT() REPRESENTATION_CONTEXT('2D SPACE',''
  ) );
#2621 = PCURVE('',#1888,#2622);
#2622 = DEFINITIONAL_REPRESENTATION('',(#2623),#2627);
#2623 = ( BOUNDED_CURVE() B_SPLINE_CURVE(2,(#2624,#2625,#2626),
.UNSPECIFIED.,.F.,.F.) B_SPLINE_CURVE_WITH_KNOTS((3,3),(-2.4608390603,
-2.37836936639),.PIECEWISE_BEZIER_KNOTS.) CURVE() 
GEOMETRIC_REPRESENTATION_ITEM() RATIONAL_B_SPLINE_CURVE((1.,
1.000850276769,1.)) REPRESENTATION_ITEM('') );
#2624 = CARTESIAN_POINT('',(13.386363636364,1.285363295957));
#2625 = CARTESIAN_POINT('',(13.250210309793,1.52851109952));
#2626 = CARTESIAN_POINT('',(13.125,1.752701616704));
#2627 = ( GEOMETRIC_REPRESENTATION_CONTEXT(2) 
PARAMETRIC_REPRESENTATION_CONTEXT() REPRESENTATION_CONTEXT('2D SPACE',''
  ) );
#2628 = ADVANCED_FACE('',(#2629),#243,.T.);
#2629 = FACE_BOUND('',#2630,.T.);
#2630 = EDGE_LOOP('',(#2631,#2655,#2656,#2657));
#2631 = ORIENTED_EDGE('',*,*,#2632,.T.);
#2632 = EDGE_CURVE('',#2633,#227,#2635,.T.);
#2633 = VERTEX_POINT('',#2634);
#2634 = CARTESIAN_POINT('',(-5.814636704043,1.,14.986363636364));
#2635 = SURFACE_CURVE('',#2636,(#2641,#2648),.PCURVE_S1.);
#2636 = CIRCLE('',#2637,5.9);
#2637 = AXIS2_PLACEMENT_3D('',#2638,#2639,#2640);
#2638 = CARTESIAN_POINT('',(0.,0.,14.986363636364));
#2639 = DIRECTION('',(0.,0.,-1.));
#2640 = DIRECTION('',(-0.985531644753,0.169491525424,0.));
#2641 = PCURVE('',#243,#2642);
#2642 = DEFINITIONAL_REPRESENTATION('',(#2643),#2647);
#2643 = LINE('',#2644,#2645);
#2644 = CARTESIAN_POINT('',(9.254464253926,0.261363636364));
#2645 = VECTOR('',#2646,1.);
#2646 = DIRECTION('',(-1.,-0.));
#2647 = ( GEOMETRIC_REPRESENTATION_CONTEXT(2) 
PARAMETRIC_REPRESENTATION_CONTEXT() REPRESENTATION_CONTEXT('2D SPACE',''
  ) );
#2648 = PCURVE('',#273,#2649);
#2649 = DEFINITIONAL_REPRESENTATION('',(#2650),#2654);
#2650 = LINE('',#2651,#2652);
#2651 = CARTESIAN_POINT('',(9.254464253926,1.386363636364));
#2652 = VECTOR('',#2653,1.);
#2653 = DIRECTION('',(-1.,-0.));
#2654 = ( GEOMETRIC_REPRESENTATION_CONTEXT(2) 
PARAMETRIC_REPRESENTATION_CONTEXT() REPRESENTATION_CONTEXT('2D SPACE',''
  ) );
#2655 = ORIENTED_EDGE('',*,*,#226,.T.);
#2656 = ORIENTED_EDGE('',*,*,#2524,.F.);
#2657 = ORIENTED_EDGE('',*,*,#2658,.F.);
#2658 = EDGE_CURVE('',#2633,#2525,#2659,.T.);
#2659 = SURFACE_CURVE('',#2660,(#2665,#2675),.PCURVE_S1.);
#2660 = HYPERBOLA('',#2661,0.568181818182,1.);
#2661 = AXIS2_PLACEMENT_3D('',#2662,#2663,#2664);
#2662 = CARTESIAN_POINT('',(0.,1.,11.634090909091));
#2663 = DIRECTION('',(-0.,1.,0.));
#2664 = DIRECTION('',(0.,0.,1.));
#2665 = PCURVE('',#243,#2666);
#2666 = DEFINITIONAL_REPRESENTATION('',(#2667),#2674);
#2667 = B_SPLINE_CURVE_WITH_KNOTS('',5,(#2668,#2669,#2670,#2671,#2672,
    #2673),.UNSPECIFIED.,.F.,.F.,(6,6),(-2.4608390603,-2.37836936639),
  .PIECEWISE_BEZIER_KNOTS.);
#2668 = CARTESIAN_POINT('',(9.254464253926,0.261363636364));
#2669 = CARTESIAN_POINT('',(9.251668671081,0.206871442138));
#2670 = CARTESIAN_POINT('',(9.248816284443,0.153519230196));
#2671 = CARTESIAN_POINT('',(9.245905600599,0.101276116151));
#2672 = CARTESIAN_POINT('',(9.24293507281,5.011250692256E-02));
#2673 = CARTESIAN_POINT('',(9.239903098769,-8.150016736803E-16));
#2674 = ( GEOMETRIC_REPRESENTATION_CONTEXT(2) 
PARAMETRIC_REPRESENTATION_CONTEXT() REPRESENTATION_CONTEXT('2D SPACE',''
  ) );
#2675 = PCURVE('',#1888,#2676);
#2676 = DEFINITIONAL_REPRESENTATION('',(#2677),#2681);
#2677 = ( BOUNDED_CURVE() B_SPLINE_CURVE(2,(#2678,#2679,#2680),
.UNSPECIFIED.,.F.,.F.) B_SPLINE_CURVE_WITH_KNOTS((3,3),(-2.4608390603,
-2.37836936639),.PIECEWISE_BEZIER_KNOTS.) CURVE() 
GEOMETRIC_REPRESENTATION_ITEM() RATIONAL_B_SPLINE_CURVE((1.,
1.000850276769,1.)) REPRESENTATION_ITEM('') );
#2678 = CARTESIAN_POINT('',(1.386363636364,1.285363295957));
#2679 = CARTESIAN_POINT('',(1.250210309793,1.52851109952));
#2680 = CARTESIAN_POINT('',(1.125,1.752701616704));
#2681 = ( GEOMETRIC_REPRESENTATION_CONTEXT(2) 
PARAMETRIC_REPRESENTATION_CONTEXT() REPRESENTATION_CONTEXT('2D SPACE',''
  ) );
#2682 = ADVANCED_FACE('',(#2683),#1651,.T.);
#2683 = FACE_BOUND('',#2684,.T.);
#2684 = EDGE_LOOP('',(#2685,#2686,#2687,#2711));
#2685 = ORIENTED_EDGE('',*,*,#2580,.F.);
#2686 = ORIENTED_EDGE('',*,*,#1634,.T.);
#2687 = ORIENTED_EDGE('',*,*,#2688,.T.);
#2688 = EDGE_CURVE('',#1609,#2689,#2691,.T.);
#2689 = VERTEX_POINT('',#2690);
#2690 = CARTESIAN_POINT('',(-5.814636704043,1.,26.463636363636));
#2691 = SURFACE_CURVE('',#2692,(#2697,#2704),.PCURVE_S1.);
#2692 = CIRCLE('',#2693,5.9);
#2693 = AXIS2_PLACEMENT_3D('',#2694,#2695,#2696);
#2694 = CARTESIAN_POINT('',(0.,0.,26.463636363636));
#2695 = DIRECTION('',(0.,0.,1.));
#2696 = DIRECTION('',(-0.985531644753,-0.169491525424,0.));
#2697 = PCURVE('',#1651,#2698);
#2698 = DEFINITIONAL_REPRESENTATION('',(#2699),#2703);
#2699 = LINE('',#2700,#2701);
#2700 = CARTESIAN_POINT('',(-3.311906360434,-0.113636363636));
#2701 = VECTOR('',#2702,1.);
#2702 = DIRECTION('',(-1.,-0.));
#2703 = ( GEOMETRIC_REPRESENTATION_CONTEXT(2) 
PARAMETRIC_REPRESENTATION_CONTEXT() REPRESENTATION_CONTEXT('2D SPACE',''
  ) );
#2704 = PCURVE('',#1623,#2705);
#2705 = DEFINITIONAL_REPRESENTATION('',(#2706),#2710);
#2706 = LINE('',#2707,#2708);
#2707 = CARTESIAN_POINT('',(3.311906360434,12.863636363636));
#2708 = VECTOR('',#2709,1.);
#2709 = DIRECTION('',(1.,0.));
#2710 = ( GEOMETRIC_REPRESENTATION_CONTEXT(2) 
PARAMETRIC_REPRESENTATION_CONTEXT() REPRESENTATION_CONTEXT('2D SPACE',''
  ) );
#2711 = ORIENTED_EDGE('',*,*,#2712,.F.);
#2712 = EDGE_CURVE('',#2581,#2689,#2713,.T.);
#2713 = SURFACE_CURVE('',#2714,(#2719,#2729),.PCURVE_S1.);
#2714 = HYPERBOLA('',#2715,0.568181818182,1.);
#2715 = AXIS2_PLACEMENT_3D('',#2716,#2717,#2718);
#2716 = CARTESIAN_POINT('',(0.,1.,29.815909090909));
#2717 = DIRECTION('',(0.,1.,0.));
#2718 = DIRECTION('',(-0.,0.,-1.));
#2719 = PCURVE('',#1651,#2720);
#2720 = DEFINITIONAL_REPRESENTATION('',(#2721),#2728);
#2721 = B_SPLINE_CURVE_WITH_KNOTS('',5,(#2722,#2723,#2724,#2725,#2726,
    #2727),.UNSPECIFIED.,.F.,.F.,(6,6),(2.37836936639,2.4608390603),
  .PIECEWISE_BEZIER_KNOTS.);
#2722 = CARTESIAN_POINT('',(-9.239903098769,-0.375));
#2723 = CARTESIAN_POINT('',(-9.24293507281,-0.324887493077));
#2724 = CARTESIAN_POINT('',(-9.245905600599,-0.273723883849));
#2725 = CARTESIAN_POINT('',(-9.248816284443,-0.221480769804));
#2726 = CARTESIAN_POINT('',(-9.251668671081,-0.168128557862));
#2727 = CARTESIAN_POINT('',(-9.254464253926,-0.113636363636));
#2728 = ( GEOMETRIC_REPRESENTATION_CONTEXT(2) 
PARAMETRIC_REPRESENTATION_CONTEXT() REPRESENTATION_CONTEXT('2D SPACE',''
  ) );
#2729 = PCURVE('',#1888,#2730);
#2730 = DEFINITIONAL_REPRESENTATION('',(#2731),#2735);
#2731 = ( BOUNDED_CURVE() B_SPLINE_CURVE(2,(#2732,#2733,#2734),
.UNSPECIFIED.,.F.,.F.) B_SPLINE_CURVE_WITH_KNOTS((3,3),(2.37836936639,
2.4608390603),.PIECEWISE_BEZIER_KNOTS.) CURVE() 
GEOMETRIC_REPRESENTATION_ITEM() RATIONAL_B_SPLINE_CURVE((1.,
1.000850276769,1.)) REPRESENTATION_ITEM('') );
#2732 = CARTESIAN_POINT('',(13.125,1.752701616704));
#2733 = CARTESIAN_POINT('',(12.999789690207,1.52851109952));
#2734 = CARTESIAN_POINT('',(12.863636363636,1.285363295957));
#2735 = ( GEOMETRIC_REPRESENTATION_CONTEXT(2) 
PARAMETRIC_REPRESENTATION_CONTEXT() REPRESENTATION_CONTEXT('2D SPACE',''
  ) );
#2736 = ADVANCED_FACE('',(#2737),#273,.T.);
#2737 = FACE_BOUND('',#2738,.T.);
#2738 = EDGE_LOOP('',(#2739,#2763,#2764,#2765));
#2739 = ORIENTED_EDGE('',*,*,#2740,.F.);
#2740 = EDGE_CURVE('',#259,#2741,#2743,.T.);
#2741 = VERTEX_POINT('',#2742);
#2742 = CARTESIAN_POINT('',(-5.814636704043,1.,15.213636363636));
#2743 = SURFACE_CURVE('',#2744,(#2749,#2756),.PCURVE_S1.);
#2744 = CIRCLE('',#2745,5.9);
#2745 = AXIS2_PLACEMENT_3D('',#2746,#2747,#2748);
#2746 = CARTESIAN_POINT('',(0.,0.,15.213636363636));
#2747 = DIRECTION('',(0.,0.,1.));
#2748 = DIRECTION('',(-0.985531644753,-0.169491525424,0.));
#2749 = PCURVE('',#273,#2750);
#2750 = DEFINITIONAL_REPRESENTATION('',(#2751),#2755);
#2751 = LINE('',#2752,#2753);
#2752 = CARTESIAN_POINT('',(3.311906360434,1.613636363636));
#2753 = VECTOR('',#2754,1.);
#2754 = DIRECTION('',(1.,0.));
#2755 = ( GEOMETRIC_REPRESENTATION_CONTEXT(2) 
PARAMETRIC_REPRESENTATION_CONTEXT() REPRESENTATION_CONTEXT('2D SPACE',''
  ) );
#2756 = PCURVE('',#301,#2757);
#2757 = DEFINITIONAL_REPRESENTATION('',(#2758),#2762);
#2758 = LINE('',#2759,#2760);
#2759 = CARTESIAN_POINT('',(-3.311906360434,-0.113636363636));
#2760 = VECTOR('',#2761,1.);
#2761 = DIRECTION('',(-1.,-0.));
#2762 = ( GEOMETRIC_REPRESENTATION_CONTEXT(2) 
PARAMETRIC_REPRESENTATION_CONTEXT() REPRESENTATION_CONTEXT('2D SPACE',''
  ) );
#2763 = ORIENTED_EDGE('',*,*,#258,.F.);
#2764 = ORIENTED_EDGE('',*,*,#2632,.F.);
#2765 = ORIENTED_EDGE('',*,*,#2766,.T.);
#2766 = EDGE_CURVE('',#2633,#2741,#2767,.T.);
#2767 = SURFACE_CURVE('',#2768,(#2772,#2778),.PCURVE_S1.);
#2768 = LINE('',#2769,#2770);
#2769 = CARTESIAN_POINT('',(-5.814636704043,1.,13.6));
#2770 = VECTOR('',#2771,1.);
#2771 = DIRECTION('',(0.,0.,1.));
#2772 = PCURVE('',#273,#2773);
#2773 = DEFINITIONAL_REPRESENTATION('',(#2774),#2777);
#2774 = B_SPLINE_CURVE_WITH_KNOTS('',1,(#2775,#2776),.UNSPECIFIED.,.F.,
  .F.,(2,2),(1.386363636364,1.613636363636),.PIECEWISE_BEZIER_KNOTS.);
#2775 = CARTESIAN_POINT('',(9.254464253926,1.386363636364));
#2776 = CARTESIAN_POINT('',(9.254464253926,1.613636363636));
#2777 = ( GEOMETRIC_REPRESENTATION_CONTEXT(2) 
PARAMETRIC_REPRESENTATION_CONTEXT() REPRESENTATION_CONTEXT('2D SPACE',''
  ) );
#2778 = PCURVE('',#1888,#2779);
#2779 = DEFINITIONAL_REPRESENTATION('',(#2780),#2783);
#2780 = B_SPLINE_CURVE_WITH_KNOTS('',1,(#2781,#2782),.UNSPECIFIED.,.F.,
  .F.,(2,2),(1.386363036364,1.613636963636),.PIECEWISE_BEZIER_KNOTS.);
#2781 = CARTESIAN_POINT('',(1.386363036364,1.285363295957));
#2782 = CARTESIAN_POINT('',(1.613636963636,1.285363295957));
#2783 = ( GEOMETRIC_REPRESENTATION_CONTEXT(2) 
PARAMETRIC_REPRESENTATION_CONTEXT() REPRESENTATION_CONTEXT('2D SPACE',''
  ) );
#2784 = ADVANCED_FACE('',(#2785),#1623,.T.);
#2785 = FACE_BOUND('',#2786,.T.);
#2786 = EDGE_LOOP('',(#2787,#2788,#2789,#2813));
#2787 = ORIENTED_EDGE('',*,*,#2688,.F.);
#2788 = ORIENTED_EDGE('',*,*,#1608,.F.);
#2789 = ORIENTED_EDGE('',*,*,#2790,.T.);
#2790 = EDGE_CURVE('',#1577,#2791,#2793,.T.);
#2791 = VERTEX_POINT('',#2792);
#2792 = CARTESIAN_POINT('',(-5.814636704043,1.,26.236363636364));
#2793 = SURFACE_CURVE('',#2794,(#2799,#2806),.PCURVE_S1.);
#2794 = CIRCLE('',#2795,5.9);
#2795 = AXIS2_PLACEMENT_3D('',#2796,#2797,#2798);
#2796 = CARTESIAN_POINT('',(0.,0.,26.236363636364));
#2797 = DIRECTION('',(0.,0.,1.));
#2798 = DIRECTION('',(-0.985531644753,-0.169491525424,0.));
#2799 = PCURVE('',#1623,#2800);
#2800 = DEFINITIONAL_REPRESENTATION('',(#2801),#2805);
#2801 = LINE('',#2802,#2803);
#2802 = CARTESIAN_POINT('',(3.311906360434,12.636363636364));
#2803 = VECTOR('',#2804,1.);
#2804 = DIRECTION('',(1.,0.));
#2805 = ( GEOMETRIC_REPRESENTATION_CONTEXT(2) 
PARAMETRIC_REPRESENTATION_CONTEXT() REPRESENTATION_CONTEXT('2D SPACE',''
  ) );
#2806 = PCURVE('',#1593,#2807);
#2807 = DEFINITIONAL_REPRESENTATION('',(#2808),#2812);
#2808 = LINE('',#2809,#2810);
#2809 = CARTESIAN_POINT('',(3.311906360434,0.261363636364));
#2810 = VECTOR('',#2811,1.);
#2811 = DIRECTION('',(1.,0.));
#2812 = ( GEOMETRIC_REPRESENTATION_CONTEXT(2) 
PARAMETRIC_REPRESENTATION_CONTEXT() REPRESENTATION_CONTEXT('2D SPACE',''
  ) );
#2813 = ORIENTED_EDGE('',*,*,#2814,.T.);
#2814 = EDGE_CURVE('',#2791,#2689,#2815,.T.);
#2815 = SURFACE_CURVE('',#2816,(#2820,#2826),.PCURVE_S1.);
#2816 = LINE('',#2817,#2818);
#2817 = CARTESIAN_POINT('',(-5.814636704043,1.,13.6));
#2818 = VECTOR('',#2819,1.);
#2819 = DIRECTION('',(0.,0.,1.));
#2820 = PCURVE('',#1623,#2821);
#2821 = DEFINITIONAL_REPRESENTATION('',(#2822),#2825);
#2822 = B_SPLINE_CURVE_WITH_KNOTS('',1,(#2823,#2824),.UNSPECIFIED.,.F.,
  .F.,(2,2),(12.636363636364,12.863636363636),.PIECEWISE_BEZIER_KNOTS.);
#2823 = CARTESIAN_POINT('',(9.254464253926,12.636363636364));
#2824 = CARTESIAN_POINT('',(9.254464253926,12.863636363636));
#2825 = ( GEOMETRIC_REPRESENTATION_CONTEXT(2) 
PARAMETRIC_REPRESENTATION_CONTEXT() REPRESENTATION_CONTEXT('2D SPACE',''
  ) );
#2826 = PCURVE('',#1888,#2827);
#2827 = DEFINITIONAL_REPRESENTATION('',(#2828),#2831);
#2828 = B_SPLINE_CURVE_WITH_KNOTS('',1,(#2829,#2830),.UNSPECIFIED.,.F.,
  .F.,(2,2),(12.636363036364,12.863636963636),.PIECEWISE_BEZIER_KNOTS.);
#2829 = CARTESIAN_POINT('',(12.636363036364,1.285363295957));
#2830 = CARTESIAN_POINT('',(12.863636963636,1.285363295957));
#2831 = ( GEOMETRIC_REPRESENTATION_CONTEXT(2) 
PARAMETRIC_REPRESENTATION_CONTEXT() REPRESENTATION_CONTEXT('2D SPACE',''
  ) );
#2832 = ADVANCED_FACE('',(#2833),#301,.T.);
#2833 = FACE_BOUND('',#2834,.T.);
#2834 = EDGE_LOOP('',(#2835,#2859,#2860,#2861));
#2835 = ORIENTED_EDGE('',*,*,#2836,.F.);
#2836 = EDGE_CURVE('',#285,#2837,#2839,.T.);
#2837 = VERTEX_POINT('',#2838);
#2838 = CARTESIAN_POINT('',(-5.347298383296,1.,15.475));
#2839 = SURFACE_CURVE('',#2840,(#2845,#2852),.PCURVE_S1.);
#2840 = CIRCLE('',#2841,5.44);
#2841 = AXIS2_PLACEMENT_3D('',#2842,#2843,#2844);
#2842 = CARTESIAN_POINT('',(0.,0.,15.475));
#2843 = DIRECTION('',(0.,0.,1.));
#2844 = DIRECTION('',(-0.982959261635,-0.183823529412,0.));
#2845 = PCURVE('',#301,#2846);
#2846 = DEFINITIONAL_REPRESENTATION('',(#2847),#2851);
#2847 = LINE('',#2848,#2849);
#2848 = CARTESIAN_POINT('',(-3.32646751559,-0.375));
#2849 = VECTOR('',#2850,1.);
#2850 = DIRECTION('',(-1.,-0.));
#2851 = ( GEOMETRIC_REPRESENTATION_CONTEXT(2) 
PARAMETRIC_REPRESENTATION_CONTEXT() REPRESENTATION_CONTEXT('2D SPACE',''
  ) );
#2852 = PCURVE('',#333,#2853);
#2853 = DEFINITIONAL_REPRESENTATION('',(#2854),#2858);
#2854 = LINE('',#2855,#2856);
#2855 = CARTESIAN_POINT('',(3.32646751559,0.));
#2856 = VECTOR('',#2857,1.);
#2857 = DIRECTION('',(1.,0.));
#2858 = ( GEOMETRIC_REPRESENTATION_CONTEXT(2) 
PARAMETRIC_REPRESENTATION_CONTEXT() REPRESENTATION_CONTEXT('2D SPACE',''
  ) );
#2859 = ORIENTED_EDGE('',*,*,#284,.T.);
#2860 = ORIENTED_EDGE('',*,*,#2740,.T.);
#2861 = ORIENTED_EDGE('',*,*,#2862,.F.);
#2862 = EDGE_CURVE('',#2837,#2741,#2863,.T.);
#2863 = SURFACE_CURVE('',#2864,(#2869,#2879),.PCURVE_S1.);
#2864 = HYPERBOLA('',#2865,0.568181818182,1.);
#2865 = AXIS2_PLACEMENT_3D('',#2866,#2867,#2868);
#2866 = CARTESIAN_POINT('',(0.,1.,18.565909090909));
#2867 = DIRECTION('',(0.,1.,0.));
#2868 = DIRECTION('',(-0.,0.,-1.));
#2869 = PCURVE('',#301,#2870);
#2870 = DEFINITIONAL_REPRESENTATION('',(#2871),#2878);
#2871 = B_SPLINE_CURVE_WITH_KNOTS('',5,(#2872,#2873,#2874,#2875,#2876,
    #2877),.UNSPECIFIED.,.F.,.F.,(6,6),(2.37836936639,2.4608390603),
  .PIECEWISE_BEZIER_KNOTS.);
#2872 = CARTESIAN_POINT('',(-9.239903098769,-0.375));
#2873 = CARTESIAN_POINT('',(-9.24293507281,-0.324887493077));
#2874 = CARTESIAN_POINT('',(-9.245905600599,-0.273723883849));
#2875 = CARTESIAN_POINT('',(-9.248816284443,-0.221480769804));
#2876 = CARTESIAN_POINT('',(-9.251668671081,-0.168128557862));
#2877 = CARTESIAN_POINT('',(-9.254464253926,-0.113636363636));
#2878 = ( GEOMETRIC_REPRESENTATION_CONTEXT(2) 
PARAMETRIC_REPRESENTATION_CONTEXT() REPRESENTATION_CONTEXT('2D SPACE',''
  ) );
#2879 = PCURVE('',#1888,#2880);
#2880 = DEFINITIONAL_REPRESENTATION('',(#2881),#2885);
#2881 = ( BOUNDED_CURVE() B_SPLINE_CURVE(2,(#2882,#2883,#2884),
.UNSPECIFIED.,.F.,.F.) B_SPLINE_CURVE_WITH_KNOTS((3,3),(2.37836936639,
2.4608390603),.PIECEWISE_BEZIER_KNOTS.) CURVE() 
GEOMETRIC_REPRESENTATION_ITEM() RATIONAL_B_SPLINE_CURVE((1.,
1.000850276769,1.)) REPRESENTATION_ITEM('') );
#2882 = CARTESIAN_POINT('',(1.875,1.752701616704));
#2883 = CARTESIAN_POINT('',(1.749789690207,1.52851109952));
#2884 = CARTESIAN_POINT('',(1.613636363636,1.285363295957));
#2885 = ( GEOMETRIC_REPRESENTATION_CONTEXT(2) 
PARAMETRIC_REPRESENTATION_CONTEXT() REPRESENTATION_CONTEXT('2D SPACE',''
  ) );
#2886 = ADVANCED_FACE('',(#2887),#1593,.T.);
#2887 = FACE_BOUND('',#2888,.T.);
#2888 = EDGE_LOOP('',(#2889,#2890,#2891,#2915));
#2889 = ORIENTED_EDGE('',*,*,#2790,.F.);
#2890 = ORIENTED_EDGE('',*,*,#1576,.T.);
#2891 = ORIENTED_EDGE('',*,*,#2892,.T.);
#2892 = EDGE_CURVE('',#1545,#2893,#2895,.T.);
#2893 = VERTEX_POINT('',#2894);
#2894 = CARTESIAN_POINT('',(-5.347298383296,1.,25.975));
#2895 = SURFACE_CURVE('',#2896,(#2901,#2908),.PCURVE_S1.);
#2896 = CIRCLE('',#2897,5.44);
#2897 = AXIS2_PLACEMENT_3D('',#2898,#2899,#2900);
#2898 = CARTESIAN_POINT('',(0.,0.,25.975));
#2899 = DIRECTION('',(0.,0.,1.));
#2900 = DIRECTION('',(-0.982959261635,-0.183823529412,0.));
#2901 = PCURVE('',#1593,#2902);
#2902 = DEFINITIONAL_REPRESENTATION('',(#2903),#2907);
#2903 = LINE('',#2904,#2905);
#2904 = CARTESIAN_POINT('',(3.32646751559,0.));
#2905 = VECTOR('',#2906,1.);
#2906 = DIRECTION('',(1.,0.));
#2907 = ( GEOMETRIC_REPRESENTATION_CONTEXT(2) 
PARAMETRIC_REPRESENTATION_CONTEXT() REPRESENTATION_CONTEXT('2D SPACE',''
  ) );
#2908 = PCURVE('',#1561,#2909);
#2909 = DEFINITIONAL_REPRESENTATION('',(#2910),#2914);
#2910 = LINE('',#2911,#2912);
#2911 = CARTESIAN_POINT('',(-3.32646751559,-0.375));
#2912 = VECTOR('',#2913,1.);
#2913 = DIRECTION('',(-1.,-0.));
#2914 = ( GEOMETRIC_REPRESENTATION_CONTEXT(2) 
PARAMETRIC_REPRESENTATION_CONTEXT() REPRESENTATION_CONTEXT('2D SPACE',''
  ) );
#2915 = ORIENTED_EDGE('',*,*,#2916,.F.);
#2916 = EDGE_CURVE('',#2791,#2893,#2917,.T.);
#2917 = SURFACE_CURVE('',#2918,(#2923,#2933),.PCURVE_S1.);
#2918 = HYPERBOLA('',#2919,0.568181818182,1.);
#2919 = AXIS2_PLACEMENT_3D('',#2920,#2921,#2922);
#2920 = CARTESIAN_POINT('',(0.,1.,22.884090909091));
#2921 = DIRECTION('',(-0.,1.,0.));
#2922 = DIRECTION('',(0.,0.,1.));
#2923 = PCURVE('',#1593,#2924);
#2924 = DEFINITIONAL_REPRESENTATION('',(#2925),#2932);
#2925 = B_SPLINE_CURVE_WITH_KNOTS('',5,(#2926,#2927,#2928,#2929,#2930,
    #2931),.UNSPECIFIED.,.F.,.F.,(6,6),(-2.4608390603,-2.37836936639),
  .PIECEWISE_BEZIER_KNOTS.);
#2926 = CARTESIAN_POINT('',(9.254464253926,0.261363636364));
#2927 = CARTESIAN_POINT('',(9.251668671081,0.206871442138));
#2928 = CARTESIAN_POINT('',(9.248816284443,0.153519230196));
#2929 = CARTESIAN_POINT('',(9.245905600599,0.101276116151));
#2930 = CARTESIAN_POINT('',(9.24293507281,5.011250692257E-02));
#2931 = CARTESIAN_POINT('',(9.239903098769,-3.81490145127E-16));
#2932 = ( GEOMETRIC_REPRESENTATION_CONTEXT(2) 
PARAMETRIC_REPRESENTATION_CONTEXT() REPRESENTATION_CONTEXT('2D SPACE',''
  ) );
#2933 = PCURVE('',#1888,#2934);
#2934 = DEFINITIONAL_REPRESENTATION('',(#2935),#2939);
#2935 = ( BOUNDED_CURVE() B_SPLINE_CURVE(2,(#2936,#2937,#2938),
.UNSPECIFIED.,.F.,.F.) B_SPLINE_CURVE_WITH_KNOTS((3,3),(-2.4608390603,
-2.37836936639),.PIECEWISE_BEZIER_KNOTS.) CURVE() 
GEOMETRIC_REPRESENTATION_ITEM() RATIONAL_B_SPLINE_CURVE((1.,
1.000850276769,1.)) REPRESENTATION_ITEM('') );
#2936 = CARTESIAN_POINT('',(12.636363636364,1.285363295957));
#2937 = CARTESIAN_POINT('',(12.500210309793,1.52851109952));
#2938 = CARTESIAN_POINT('',(12.375,1.752701616704));
#2939 = ( GEOMETRIC_REPRESENTATION_CONTEXT(2) 
PARAMETRIC_REPRESENTATION_CONTEXT() REPRESENTATION_CONTEXT('2D SPACE',''
  ) );
#2940 = ADVANCED_FACE('',(#2941),#333,.T.);
#2941 = FACE_BOUND('',#2942,.T.);
#2942 = EDGE_LOOP('',(#2943,#2967,#2968,#2969));
#2943 = ORIENTED_EDGE('',*,*,#2944,.F.);
#2944 = EDGE_CURVE('',#317,#2945,#2947,.T.);
#2945 = VERTEX_POINT('',#2946);
#2946 = CARTESIAN_POINT('',(-5.814636704043,1.,15.736363636364));
#2947 = SURFACE_CURVE('',#2948,(#2953,#2960),.PCURVE_S1.);
#2948 = CIRCLE('',#2949,5.9);
#2949 = AXIS2_PLACEMENT_3D('',#2950,#2951,#2952);
#2950 = CARTESIAN_POINT('',(0.,0.,15.736363636364));
#2951 = DIRECTION('',(0.,0.,1.));
#2952 = DIRECTION('',(-0.985531644753,-0.169491525424,0.));
#2953 = PCURVE('',#333,#2954);
#2954 = DEFINITIONAL_REPRESENTATION('',(#2955),#2959);
#2955 = LINE('',#2956,#2957);
#2956 = CARTESIAN_POINT('',(3.311906360434,0.261363636364));
#2957 = VECTOR('',#2958,1.);
#2958 = DIRECTION('',(1.,0.));
#2959 = ( GEOMETRIC_REPRESENTATION_CONTEXT(2) 
PARAMETRIC_REPRESENTATION_CONTEXT() REPRESENTATION_CONTEXT('2D SPACE',''
  ) );
#2960 = PCURVE('',#363,#2961);
#2961 = DEFINITIONAL_REPRESENTATION('',(#2962),#2966);
#2962 = LINE('',#2963,#2964);
#2963 = CARTESIAN_POINT('',(3.311906360434,2.136363636364));
#2964 = VECTOR('',#2965,1.);
#2965 = DIRECTION('',(1.,0.));
#2966 = ( GEOMETRIC_REPRESENTATION_CONTEXT(2) 
PARAMETRIC_REPRESENTATION_CONTEXT() REPRESENTATION_CONTEXT('2D SPACE',''
  ) );
#2967 = ORIENTED_EDGE('',*,*,#316,.T.);
#2968 = ORIENTED_EDGE('',*,*,#2836,.T.);
#2969 = ORIENTED_EDGE('',*,*,#2970,.F.);
#2970 = EDGE_CURVE('',#2945,#2837,#2971,.T.);
#2971 = SURFACE_CURVE('',#2972,(#2977,#2987),.PCURVE_S1.);
#2972 = HYPERBOLA('',#2973,0.568181818182,1.);
#2973 = AXIS2_PLACEMENT_3D('',#2974,#2975,#2976);
#2974 = CARTESIAN_POINT('',(0.,1.,12.384090909091));
#2975 = DIRECTION('',(-0.,1.,0.));
#2976 = DIRECTION('',(0.,0.,1.));
#2977 = PCURVE('',#333,#2978);
#2978 = DEFINITIONAL_REPRESENTATION('',(#2979),#2986);
#2979 = B_SPLINE_CURVE_WITH_KNOTS('',5,(#2980,#2981,#2982,#2983,#2984,
    #2985),.UNSPECIFIED.,.F.,.F.,(6,6),(-2.4608390603,-2.37836936639),
  .PIECEWISE_BEZIER_KNOTS.);
#2980 = CARTESIAN_POINT('',(9.254464253926,0.261363636364));
#2981 = CARTESIAN_POINT('',(9.251668671081,0.206871442138));
#2982 = CARTESIAN_POINT('',(9.248816284443,0.153519230196));
#2983 = CARTESIAN_POINT('',(9.245905600599,0.101276116151));
#2984 = CARTESIAN_POINT('',(9.24293507281,5.011250692256E-02));
#2985 = CARTESIAN_POINT('',(9.239903098769,-8.150016736803E-16));
#2986 = ( GEOMETRIC_REPRESENTATION_CONTEXT(2) 
PARAMETRIC_REPRESENTATION_CONTEXT() REPRESENTATION_CONTEXT('2D SPACE',''
  ) );
#2987 = PCURVE('',#1888,#2988);
#2988 = DEFINITIONAL_REPRESENTATION('',(#2989),#2993);
#2989 = ( BOUNDED_CURVE() B_SPLINE_CURVE(2,(#2990,#2991,#2992),
.UNSPECIFIED.,.F.,.F.) B_SPLINE_CURVE_WITH_KNOTS((3,3),(-2.4608390603,
-2.37836936639),.PIECEWISE_BEZIER_KNOTS.) CURVE() 
GEOMETRIC_REPRESENTATION_ITEM() RATIONAL_B_SPLINE_CURVE((1.,
1.000850276769,1.)) REPRESENTATION_ITEM('') );
#2990 = CARTESIAN_POINT('',(2.136363636364,1.285363295957));
#2991 = CARTESIAN_POINT('',(2.000210309793,1.52851109952));
#2992 = CARTESIAN_POINT('',(1.875,1.752701616704));
#2993 = ( GEOMETRIC_REPRESENTATION_CONTEXT(2) 
PARAMETRIC_REPRESENTATION_CONTEXT() REPRESENTATION_CONTEXT('2D SPACE',''
  ) );
#2994 = ADVANCED_FACE('',(#2995),#1561,.T.);
#2995 = FACE_BOUND('',#2996,.T.);
#2996 = EDGE_LOOP('',(#2997,#2998,#2999,#3023));
#2997 = ORIENTED_EDGE('',*,*,#2892,.F.);
#2998 = ORIENTED_EDGE('',*,*,#1544,.T.);
#2999 = ORIENTED_EDGE('',*,*,#3000,.T.);
#3000 = EDGE_CURVE('',#1519,#3001,#3003,.T.);
#3001 = VERTEX_POINT('',#3002);
#3002 = CARTESIAN_POINT('',(-5.814636704043,1.,25.713636363636));
#3003 = SURFACE_CURVE('',#3004,(#3009,#3016),.PCURVE_S1.);
#3004 = CIRCLE('',#3005,5.9);
#3005 = AXIS2_PLACEMENT_3D('',#3006,#3007,#3008);
#3006 = CARTESIAN_POINT('',(0.,0.,25.713636363636));
#3007 = DIRECTION('',(0.,0.,1.));
#3008 = DIRECTION('',(-0.985531644753,-0.169491525424,0.));
#3009 = PCURVE('',#1561,#3010);
#3010 = DEFINITIONAL_REPRESENTATION('',(#3011),#3015);
#3011 = LINE('',#3012,#3013);
#3012 = CARTESIAN_POINT('',(-3.311906360434,-0.113636363636));
#3013 = VECTOR('',#3014,1.);
#3014 = DIRECTION('',(-1.,-0.));
#3015 = ( GEOMETRIC_REPRESENTATION_CONTEXT(2) 
PARAMETRIC_REPRESENTATION_CONTEXT() REPRESENTATION_CONTEXT('2D SPACE',''
  ) );
#3016 = PCURVE('',#1533,#3017);
#3017 = DEFINITIONAL_REPRESENTATION('',(#3018),#3022);
#3018 = LINE('',#3019,#3020);
#3019 = CARTESIAN_POINT('',(3.311906360434,12.113636363636));
#3020 = VECTOR('',#3021,1.);
#3021 = DIRECTION('',(1.,0.));
#3022 = ( GEOMETRIC_REPRESENTATION_CONTEXT(2) 
PARAMETRIC_REPRESENTATION_CONTEXT() REPRESENTATION_CONTEXT('2D SPACE',''
  ) );
#3023 = ORIENTED_EDGE('',*,*,#3024,.F.);
#3024 = EDGE_CURVE('',#2893,#3001,#3025,.T.);
#3025 = SURFACE_CURVE('',#3026,(#3031,#3041),.PCURVE_S1.);
#3026 = HYPERBOLA('',#3027,0.568181818182,1.);
#3027 = AXIS2_PLACEMENT_3D('',#3028,#3029,#3030);
#3028 = CARTESIAN_POINT('',(0.,1.,29.065909090909));
#3029 = DIRECTION('',(0.,1.,0.));
#3030 = DIRECTION('',(-0.,0.,-1.));
#3031 = PCURVE('',#1561,#3032);
#3032 = DEFINITIONAL_REPRESENTATION('',(#3033),#3040);
#3033 = B_SPLINE_CURVE_WITH_KNOTS('',5,(#3034,#3035,#3036,#3037,#3038,
    #3039),.UNSPECIFIED.,.F.,.F.,(6,6),(2.37836936639,2.4608390603),
  .PIECEWISE_BEZIER_KNOTS.);
#3034 = CARTESIAN_POINT('',(-9.239903098769,-0.375));
#3035 = CARTESIAN_POINT('',(-9.24293507281,-0.324887493077));
#3036 = CARTESIAN_POINT('',(-9.245905600599,-0.273723883849));
#3037 = CARTESIAN_POINT('',(-9.248816284443,-0.221480769804));
#3038 = CARTESIAN_POINT('',(-9.251668671081,-0.168128557862));
#3039 = CARTESIAN_POINT('',(-9.254464253926,-0.113636363636));
#3040 = ( GEOMETRIC_REPRESENTATION_CONTEXT(2) 
PARAMETRIC_REPRESENTATION_CONTEXT() REPRESENTATION_CONTEXT('2D SPACE',''
  ) );
#3041 = PCURVE('',#1888,#3042);
#3042 = DEFINITIONAL_REPRESENTATION('',(#3043),#3047);
#3043 = ( BOUNDED_CURVE() B_SPLINE_CURVE(2,(#3044,#3045,#3046),
.UNSPECIFIED.,.F.,.F.) B_SPLINE_CURVE_WITH_KNOTS((3,3),(2.37836936639,
2.4608390603),.PIECEWISE_BEZIER_KNOTS.) CURVE() 
GEOMETRIC_REPRESENTATION_ITEM() RATIONAL_B_SPLINE_CURVE((1.,
1.000850276769,1.)) REPRESENTATION_ITEM('') );
#3044 = CARTESIAN_POINT('',(12.375,1.752701616704));
#3045 = CARTESIAN_POINT('',(12.249789690207,1.52851109952));
#3046 = CARTESIAN_POINT('',(12.113636363636,1.285363295957));
#3047 = ( GEOMETRIC_REPRESENTATION_CONTEXT(2) 
PARAMETRIC_REPRESENTATION_CONTEXT() REPRESENTATION_CONTEXT('2D SPACE',''
  ) );
#3048 = ADVANCED_FACE('',(#3049),#363,.T.);
#3049 = FACE_BOUND('',#3050,.T.);
#3050 = EDGE_LOOP('',(#3051,#3075,#3076,#3077));
#3051 = ORIENTED_EDGE('',*,*,#3052,.F.);
#3052 = EDGE_CURVE('',#349,#3053,#3055,.T.);
#3053 = VERTEX_POINT('',#3054);
#3054 = CARTESIAN_POINT('',(-5.814636704043,1.,15.963636363636));
#3055 = SURFACE_CURVE('',#3056,(#3061,#3068),.PCURVE_S1.);
#3056 = CIRCLE('',#3057,5.9);
#3057 = AXIS2_PLACEMENT_3D('',#3058,#3059,#3060);
#3058 = CARTESIAN_POINT('',(0.,0.,15.963636363636));
#3059 = DIRECTION('',(0.,0.,1.));
#3060 = DIRECTION('',(-0.985531644753,-0.169491525424,0.));
#3061 = PCURVE('',#363,#3062);
#3062 = DEFINITIONAL_REPRESENTATION('',(#3063),#3067);
#3063 = LINE('',#3064,#3065);
#3064 = CARTESIAN_POINT('',(3.311906360434,2.363636363636));
#3065 = VECTOR('',#3066,1.);
#3066 = DIRECTION('',(1.,0.));
#3067 = ( GEOMETRIC_REPRESENTATION_CONTEXT(2) 
PARAMETRIC_REPRESENTATION_CONTEXT() REPRESENTATION_CONTEXT('2D SPACE',''
  ) );
#3068 = PCURVE('',#391,#3069);
#3069 = DEFINITIONAL_REPRESENTATION('',(#3070),#3074);
#3070 = LINE('',#3071,#3072);
#3071 = CARTESIAN_POINT('',(-3.311906360434,-0.113636363636));
#3072 = VECTOR('',#3073,1.);
#3073 = DIRECTION('',(-1.,-0.));
#3074 = ( GEOMETRIC_REPRESENTATION_CONTEXT(2) 
PARAMETRIC_REPRESENTATION_CONTEXT() REPRESENTATION_CONTEXT('2D SPACE',''
  ) );
#3075 = ORIENTED_EDGE('',*,*,#348,.F.);
#3076 = ORIENTED_EDGE('',*,*,#2944,.T.);
#3077 = ORIENTED_EDGE('',*,*,#3078,.T.);
#3078 = EDGE_CURVE('',#2945,#3053,#3079,.T.);
#3079 = SURFACE_CURVE('',#3080,(#3084,#3090),.PCURVE_S1.);
#3080 = LINE('',#3081,#3082);
#3081 = CARTESIAN_POINT('',(-5.814636704043,1.,13.6));
#3082 = VECTOR('',#3083,1.);
#3083 = DIRECTION('',(0.,0.,1.));
#3084 = PCURVE('',#363,#3085);
#3085 = DEFINITIONAL_REPRESENTATION('',(#3086),#3089);
#3086 = B_SPLINE_CURVE_WITH_KNOTS('',1,(#3087,#3088),.UNSPECIFIED.,.F.,
  .F.,(2,2),(2.136363636364,2.363636363636),.PIECEWISE_BEZIER_KNOTS.);
#3087 = CARTESIAN_POINT('',(9.254464253926,2.136363636364));
#3088 = CARTESIAN_POINT('',(9.254464253926,2.363636363636));
#3089 = ( GEOMETRIC_REPRESENTATION_CONTEXT(2) 
PARAMETRIC_REPRESENTATION_CONTEXT() REPRESENTATION_CONTEXT('2D SPACE',''
  ) );
#3090 = PCURVE('',#1888,#3091);
#3091 = DEFINITIONAL_REPRESENTATION('',(#3092),#3095);
#3092 = B_SPLINE_CURVE_WITH_KNOTS('',1,(#3093,#3094),.UNSPECIFIED.,.F.,
  .F.,(2,2),(2.136363036364,2.363636963636),.PIECEWISE_BEZIER_KNOTS.);
#3093 = CARTESIAN_POINT('',(2.136363036364,1.285363295957));
#3094 = CARTESIAN_POINT('',(2.363636963636,1.285363295957));
#3095 = ( GEOMETRIC_REPRESENTATION_CONTEXT(2) 
PARAMETRIC_REPRESENTATION_CONTEXT() REPRESENTATION_CONTEXT('2D SPACE',''
  ) );
#3096 = ADVANCED_FACE('',(#3097),#1533,.T.);
#3097 = FACE_BOUND('',#3098,.T.);
#3098 = EDGE_LOOP('',(#3099,#3100,#3101,#3125));
#3099 = ORIENTED_EDGE('',*,*,#3000,.F.);
#3100 = ORIENTED_EDGE('',*,*,#1518,.F.);
#3101 = ORIENTED_EDGE('',*,*,#3102,.T.);
#3102 = EDGE_CURVE('',#1487,#3103,#3105,.T.);
#3103 = VERTEX_POINT('',#3104);
#3104 = CARTESIAN_POINT('',(-5.814636704043,1.,25.486363636364));
#3105 = SURFACE_CURVE('',#3106,(#3111,#3118),.PCURVE_S1.);
#3106 = CIRCLE('',#3107,5.9);
#3107 = AXIS2_PLACEMENT_3D('',#3108,#3109,#3110);
#3108 = CARTESIAN_POINT('',(0.,0.,25.486363636364));
#3109 = DIRECTION('',(0.,0.,1.));
#3110 = DIRECTION('',(-0.985531644753,-0.169491525424,0.));
#3111 = PCURVE('',#1533,#3112);
#3112 = DEFINITIONAL_REPRESENTATION('',(#3113),#3117);
#3113 = LINE('',#3114,#3115);
#3114 = CARTESIAN_POINT('',(3.311906360434,11.886363636364));
#3115 = VECTOR('',#3116,1.);
#3116 = DIRECTION('',(1.,0.));
#3117 = ( GEOMETRIC_REPRESENTATION_CONTEXT(2) 
PARAMETRIC_REPRESENTATION_CONTEXT() REPRESENTATION_CONTEXT('2D SPACE',''
  ) );
#3118 = PCURVE('',#1503,#3119);
#3119 = DEFINITIONAL_REPRESENTATION('',(#3120),#3124);
#3120 = LINE('',#3121,#3122);
#3121 = CARTESIAN_POINT('',(3.311906360434,0.261363636364));
#3122 = VECTOR('',#3123,1.);
#3123 = DIRECTION('',(1.,0.));
#3124 = ( GEOMETRIC_REPRESENTATION_CONTEXT(2) 
PARAMETRIC_REPRESENTATION_CONTEXT() REPRESENTATION_CONTEXT('2D SPACE',''
  ) );
#3125 = ORIENTED_EDGE('',*,*,#3126,.T.);
#3126 = EDGE_CURVE('',#3103,#3001,#3127,.T.);
#3127 = SURFACE_CURVE('',#3128,(#3132,#3138),.PCURVE_S1.);
#3128 = LINE('',#3129,#3130);
#3129 = CARTESIAN_POINT('',(-5.814636704043,1.,13.6));
#3130 = VECTOR('',#3131,1.);
#3131 = DIRECTION('',(0.,0.,1.));
#3132 = PCURVE('',#1533,#3133);
#3133 = DEFINITIONAL_REPRESENTATION('',(#3134),#3137);
#3134 = B_SPLINE_CURVE_WITH_KNOTS('',1,(#3135,#3136),.UNSPECIFIED.,.F.,
  .F.,(2,2),(11.886363636364,12.113636363636),.PIECEWISE_BEZIER_KNOTS.);
#3135 = CARTESIAN_POINT('',(9.254464253926,11.886363636364));
#3136 = CARTESIAN_POINT('',(9.254464253926,12.113636363636));
#3137 = ( GEOMETRIC_REPRESENTATION_CONTEXT(2) 
PARAMETRIC_REPRESENTATION_CONTEXT() REPRESENTATION_CONTEXT('2D SPACE',''
  ) );
#3138 = PCURVE('',#1888,#3139);
#3139 = DEFINITIONAL_REPRESENTATION('',(#3140),#3143);
#3140 = B_SPLINE_CURVE_WITH_KNOTS('',1,(#3141,#3142),.UNSPECIFIED.,.F.,
  .F.,(2,2),(11.886363036364,12.113636963636),.PIECEWISE_BEZIER_KNOTS.);
#3141 = CARTESIAN_POINT('',(11.886363036364,1.285363295957));
#3142 = CARTESIAN_POINT('',(12.113636963636,1.285363295957));
#3143 = ( GEOMETRIC_REPRESENTATION_CONTEXT(2) 
PARAMETRIC_REPRESENTATION_CONTEXT() REPRESENTATION_CONTEXT('2D SPACE',''
  ) );
#3144 = ADVANCED_FACE('',(#3145),#391,.T.);
#3145 = FACE_BOUND('',#3146,.T.);
#3146 = EDGE_LOOP('',(#3147,#3171,#3172,#3173));
#3147 = ORIENTED_EDGE('',*,*,#3148,.F.);
#3148 = EDGE_CURVE('',#375,#3149,#3151,.T.);
#3149 = VERTEX_POINT('',#3150);
#3150 = CARTESIAN_POINT('',(-5.347298383296,1.,16.225));
#3151 = SURFACE_CURVE('',#3152,(#3157,#3164),.PCURVE_S1.);
#3152 = CIRCLE('',#3153,5.44);
#3153 = AXIS2_PLACEMENT_3D('',#3154,#3155,#3156);
#3154 = CARTESIAN_POINT('',(0.,0.,16.225));
#3155 = DIRECTION('',(0.,0.,1.));
#3156 = DIRECTION('',(-0.982959261635,-0.183823529412,0.));
#3157 = PCURVE('',#391,#3158);
#3158 = DEFINITIONAL_REPRESENTATION('',(#3159),#3163);
#3159 = LINE('',#3160,#3161);
#3160 = CARTESIAN_POINT('',(-3.32646751559,-0.375));
#3161 = VECTOR('',#3162,1.);
#3162 = DIRECTION('',(-1.,-0.));
#3163 = ( GEOMETRIC_REPRESENTATION_CONTEXT(2) 
PARAMETRIC_REPRESENTATION_CONTEXT() REPRESENTATION_CONTEXT('2D SPACE',''
  ) );
#3164 = PCURVE('',#423,#3165);
#3165 = DEFINITIONAL_REPRESENTATION('',(#3166),#3170);
#3166 = LINE('',#3167,#3168);
#3167 = CARTESIAN_POINT('',(3.32646751559,0.));
#3168 = VECTOR('',#3169,1.);
#3169 = DIRECTION('',(1.,0.));
#3170 = ( GEOMETRIC_REPRESENTATION_CONTEXT(2) 
PARAMETRIC_REPRESENTATION_CONTEXT() REPRESENTATION_CONTEXT('2D SPACE',''
  ) );
#3171 = ORIENTED_EDGE('',*,*,#374,.T.);
#3172 = ORIENTED_EDGE('',*,*,#3052,.T.);
#3173 = ORIENTED_EDGE('',*,*,#3174,.F.);
#3174 = EDGE_CURVE('',#3149,#3053,#3175,.T.);
#3175 = SURFACE_CURVE('',#3176,(#3181,#3191),.PCURVE_S1.);
#3176 = HYPERBOLA('',#3177,0.568181818182,1.);
#3177 = AXIS2_PLACEMENT_3D('',#3178,#3179,#3180);
#3178 = CARTESIAN_POINT('',(0.,1.,19.315909090909));
#3179 = DIRECTION('',(0.,1.,0.));
#3180 = DIRECTION('',(-0.,0.,-1.));
#3181 = PCURVE('',#391,#3182);
#3182 = DEFINITIONAL_REPRESENTATION('',(#3183),#3190);
#3183 = B_SPLINE_CURVE_WITH_KNOTS('',5,(#3184,#3185,#3186,#3187,#3188,
    #3189),.UNSPECIFIED.,.F.,.F.,(6,6),(2.37836936639,2.4608390603),
  .PIECEWISE_BEZIER_KNOTS.);
#3184 = CARTESIAN_POINT('',(-9.239903098769,-0.375));
#3185 = CARTESIAN_POINT('',(-9.24293507281,-0.324887493077));
#3186 = CARTESIAN_POINT('',(-9.245905600599,-0.273723883849));
#3187 = CARTESIAN_POINT('',(-9.248816284443,-0.221480769804));
#3188 = CARTESIAN_POINT('',(-9.251668671081,-0.168128557862));
#3189 = CARTESIAN_POINT('',(-9.254464253926,-0.113636363636));
#3190 = ( GEOMETRIC_REPRESENTATION_CONTEXT(2) 
PARAMETRIC_REPRESENTATION_CONTEXT() REPRESENTATION_CONTEXT('2D SPACE',''
  ) );
#3191 = PCURVE('',#1888,#3192);
#3192 = DEFINITIONAL_REPRESENTATION('',(#3193),#3197);
#3193 = ( BOUNDED_CURVE() B_SPLINE_CURVE(2,(#3194,#3195,#3196),
.UNSPECIFIED.,.F.,.F.) B_SPLINE_CURVE_WITH_KNOTS((3,3),(2.37836936639,
2.4608390603),.PIECEWISE_BEZIER_KNOTS.) CURVE() 
GEOMETRIC_REPRESENTATION_ITEM() RATIONAL_B_SPLINE_CURVE((1.,
1.000850276769,1.)) REPRESENTATION_ITEM('') );
#3194 = CARTESIAN_POINT('',(2.625,1.752701616704));
#3195 = CARTESIAN_POINT('',(2.499789690207,1.52851109952));
#3196 = CARTESIAN_POINT('',(2.363636363636,1.285363295957));
#3197 = ( GEOMETRIC_REPRESENTATION_CONTEXT(2) 
PARAMETRIC_REPRESENTATION_CONTEXT() REPRESENTATION_CONTEXT('2D SPACE',''
  ) );
#3198 = ADVANCED_FACE('',(#3199),#1503,.T.);
#3199 = FACE_BOUND('',#3200,.T.);
#3200 = EDGE_LOOP('',(#3201,#3202,#3203,#3227));
#3201 = ORIENTED_EDGE('',*,*,#3102,.F.);
#3202 = ORIENTED_EDGE('',*,*,#1486,.T.);
#3203 = ORIENTED_EDGE('',*,*,#3204,.T.);
#3204 = EDGE_CURVE('',#1455,#3205,#3207,.T.);
#3205 = VERTEX_POINT('',#3206);
#3206 = CARTESIAN_POINT('',(-5.347298383296,1.,25.225));
#3207 = SURFACE_CURVE('',#3208,(#3213,#3220),.PCURVE_S1.);
#3208 = CIRCLE('',#3209,5.44);
#3209 = AXIS2_PLACEMENT_3D('',#3210,#3211,#3212);
#3210 = CARTESIAN_POINT('',(0.,0.,25.225));
#3211 = DIRECTION('',(0.,0.,1.));
#3212 = DIRECTION('',(-0.982959261635,-0.183823529412,0.));
#3213 = PCURVE('',#1503,#3214);
#3214 = DEFINITIONAL_REPRESENTATION('',(#3215),#3219);
#3215 = LINE('',#3216,#3217);
#3216 = CARTESIAN_POINT('',(3.32646751559,0.));
#3217 = VECTOR('',#3218,1.);
#3218 = DIRECTION('',(1.,0.));
#3219 = ( GEOMETRIC_REPRESENTATION_CONTEXT(2) 
PARAMETRIC_REPRESENTATION_CONTEXT() REPRESENTATION_CONTEXT('2D SPACE',''
  ) );
#3220 = PCURVE('',#1471,#3221);
#3221 = DEFINITIONAL_REPRESENTATION('',(#3222),#3226);
#3222 = LINE('',#3223,#3224);
#3223 = CARTESIAN_POINT('',(-3.32646751559,-0.375));
#3224 = VECTOR('',#3225,1.);
#3225 = DIRECTION('',(-1.,-0.));
#3226 = ( GEOMETRIC_REPRESENTATION_CONTEXT(2) 
PARAMETRIC_REPRESENTATION_CONTEXT() REPRESENTATION_CONTEXT('2D SPACE',''
  ) );
#3227 = ORIENTED_EDGE('',*,*,#3228,.F.);
#3228 = EDGE_CURVE('',#3103,#3205,#3229,.T.);
#3229 = SURFACE_CURVE('',#3230,(#3235,#3245),.PCURVE_S1.);
#3230 = HYPERBOLA('',#3231,0.568181818182,1.);
#3231 = AXIS2_PLACEMENT_3D('',#3232,#3233,#3234);
#3232 = CARTESIAN_POINT('',(0.,1.,22.134090909091));
#3233 = DIRECTION('',(-0.,1.,0.));
#3234 = DIRECTION('',(0.,0.,1.));
#3235 = PCURVE('',#1503,#3236);
#3236 = DEFINITIONAL_REPRESENTATION('',(#3237),#3244);
#3237 = B_SPLINE_CURVE_WITH_KNOTS('',5,(#3238,#3239,#3240,#3241,#3242,
    #3243),.UNSPECIFIED.,.F.,.F.,(6,6),(-2.4608390603,-2.37836936639),
  .PIECEWISE_BEZIER_KNOTS.);
#3238 = CARTESIAN_POINT('',(9.254464253926,0.261363636364));
#3239 = CARTESIAN_POINT('',(9.251668671081,0.206871442138));
#3240 = CARTESIAN_POINT('',(9.248816284443,0.153519230196));
#3241 = CARTESIAN_POINT('',(9.245905600599,0.101276116151));
#3242 = CARTESIAN_POINT('',(9.24293507281,5.011250692257E-02));
#3243 = CARTESIAN_POINT('',(9.239903098769,-3.81490145127E-16));
#3244 = ( GEOMETRIC_REPRESENTATION_CONTEXT(2) 
PARAMETRIC_REPRESENTATION_CONTEXT() REPRESENTATION_CONTEXT('2D SPACE',''
  ) );
#3245 = PCURVE('',#1888,#3246);
#3246 = DEFINITIONAL_REPRESENTATION('',(#3247),#3251);
#3247 = ( BOUNDED_CURVE() B_SPLINE_CURVE(2,(#3248,#3249,#3250),
.UNSPECIFIED.,.F.,.F.) B_SPLINE_CURVE_WITH_KNOTS((3,3),(-2.4608390603,
-2.37836936639),.PIECEWISE_BEZIER_KNOTS.) CURVE() 
GEOMETRIC_REPRESENTATION_ITEM() RATIONAL_B_SPLINE_CURVE((1.,
1.000850276769,1.)) REPRESENTATION_ITEM('') );
#3248 = CARTESIAN_POINT('',(11.886363636364,1.285363295957));
#3249 = CARTESIAN_POINT('',(11.750210309793,1.52851109952));
#3250 = CARTESIAN_POINT('',(11.625,1.752701616704));
#3251 = ( GEOMETRIC_REPRESENTATION_CONTEXT(2) 
PARAMETRIC_REPRESENTATION_CONTEXT() REPRESENTATION_CONTEXT('2D SPACE',''
  ) );
#3252 = ADVANCED_FACE('',(#3253),#423,.T.);
#3253 = FACE_BOUND('',#3254,.T.);
#3254 = EDGE_LOOP('',(#3255,#3279,#3280,#3281));
#3255 = ORIENTED_EDGE('',*,*,#3256,.F.);
#3256 = EDGE_CURVE('',#407,#3257,#3259,.T.);
#3257 = VERTEX_POINT('',#3258);
#3258 = CARTESIAN_POINT('',(-5.814636704043,1.,16.486363636364));
#3259 = SURFACE_CURVE('',#3260,(#3265,#3272),.PCURVE_S1.);
#3260 = CIRCLE('',#3261,5.9);
#3261 = AXIS2_PLACEMENT_3D('',#3262,#3263,#3264);
#3262 = CARTESIAN_POINT('',(0.,0.,16.486363636364));
#3263 = DIRECTION('',(0.,0.,1.));
#3264 = DIRECTION('',(-0.985531644753,-0.169491525424,0.));
#3265 = PCURVE('',#423,#3266);
#3266 = DEFINITIONAL_REPRESENTATION('',(#3267),#3271);
#3267 = LINE('',#3268,#3269);
#3268 = CARTESIAN_POINT('',(3.311906360434,0.261363636364));
#3269 = VECTOR('',#3270,1.);
#3270 = DIRECTION('',(1.,0.));
#3271 = ( GEOMETRIC_REPRESENTATION_CONTEXT(2) 
PARAMETRIC_REPRESENTATION_CONTEXT() REPRESENTATION_CONTEXT('2D SPACE',''
  ) );
#3272 = PCURVE('',#453,#3273);
#3273 = DEFINITIONAL_REPRESENTATION('',(#3274),#3278);
#3274 = LINE('',#3275,#3276);
#3275 = CARTESIAN_POINT('',(3.311906360434,2.886363636364));
#3276 = VECTOR('',#3277,1.);
#3277 = DIRECTION('',(1.,0.));
#3278 = ( GEOMETRIC_REPRESENTATION_CONTEXT(2) 
PARAMETRIC_REPRESENTATION_CONTEXT() REPRESENTATION_CONTEXT('2D SPACE',''
  ) );
#3279 = ORIENTED_EDGE('',*,*,#406,.T.);
#3280 = ORIENTED_EDGE('',*,*,#3148,.T.);
#3281 = ORIENTED_EDGE('',*,*,#3282,.F.);
#3282 = EDGE_CURVE('',#3257,#3149,#3283,.T.);
#3283 = SURFACE_CURVE('',#3284,(#3289,#3299),.PCURVE_S1.);
#3284 = HYPERBOLA('',#3285,0.568181818182,1.);
#3285 = AXIS2_PLACEMENT_3D('',#3286,#3287,#3288);
#3286 = CARTESIAN_POINT('',(0.,1.,13.134090909091));
#3287 = DIRECTION('',(-0.,1.,0.));
#3288 = DIRECTION('',(0.,0.,1.));
#3289 = PCURVE('',#423,#3290);
#3290 = DEFINITIONAL_REPRESENTATION('',(#3291),#3298);
#3291 = B_SPLINE_CURVE_WITH_KNOTS('',5,(#3292,#3293,#3294,#3295,#3296,
    #3297),.UNSPECIFIED.,.F.,.F.,(6,6),(-2.4608390603,-2.37836936639),
  .PIECEWISE_BEZIER_KNOTS.);
#3292 = CARTESIAN_POINT('',(9.254464253926,0.261363636364));
#3293 = CARTESIAN_POINT('',(9.251668671081,0.206871442138));
#3294 = CARTESIAN_POINT('',(9.248816284443,0.153519230196));
#3295 = CARTESIAN_POINT('',(9.245905600599,0.101276116151));
#3296 = CARTESIAN_POINT('',(9.24293507281,5.011250692257E-02));
#3297 = CARTESIAN_POINT('',(9.239903098769,-3.81490145127E-16));
#3298 = ( GEOMETRIC_REPRESENTATION_CONTEXT(2) 
PARAMETRIC_REPRESENTATION_CONTEXT() REPRESENTATION_CONTEXT('2D SPACE',''
  ) );
#3299 = PCURVE('',#1888,#3300);
#3300 = DEFINITIONAL_REPRESENTATION('',(#3301),#3305);
#3301 = ( BOUNDED_CURVE() B_SPLINE_CURVE(2,(#3302,#3303,#3304),
.UNSPECIFIED.,.F.,.F.) B_SPLINE_CURVE_WITH_KNOTS((3,3),(-2.4608390603,
-2.37836936639),.PIECEWISE_BEZIER_KNOTS.) CURVE() 
GEOMETRIC_REPRESENTATION_ITEM() RATIONAL_B_SPLINE_CURVE((1.,
1.000850276769,1.)) REPRESENTATION_ITEM('') );
#3302 = CARTESIAN_POINT('',(2.886363636364,1.285363295957));
#3303 = CARTESIAN_POINT('',(2.750210309793,1.52851109952));
#3304 = CARTESIAN_POINT('',(2.625,1.752701616704));
#3305 = ( GEOMETRIC_REPRESENTATION_CONTEXT(2) 
PARAMETRIC_REPRESENTATION_CONTEXT() REPRESENTATION_CONTEXT('2D SPACE',''
  ) );
#3306 = ADVANCED_FACE('',(#3307),#1471,.T.);
#3307 = FACE_BOUND('',#3308,.T.);
#3308 = EDGE_LOOP('',(#3309,#3310,#3311,#3335));
#3309 = ORIENTED_EDGE('',*,*,#3204,.F.);
#3310 = ORIENTED_EDGE('',*,*,#1454,.T.);
#3311 = ORIENTED_EDGE('',*,*,#3312,.T.);
#3312 = EDGE_CURVE('',#1429,#3313,#3315,.T.);
#3313 = VERTEX_POINT('',#3314);
#3314 = CARTESIAN_POINT('',(-5.814636704043,1.,24.963636363636));
#3315 = SURFACE_CURVE('',#3316,(#3321,#3328),.PCURVE_S1.);
#3316 = CIRCLE('',#3317,5.9);
#3317 = AXIS2_PLACEMENT_3D('',#3318,#3319,#3320);
#3318 = CARTESIAN_POINT('',(0.,0.,24.963636363636));
#3319 = DIRECTION('',(0.,0.,1.));
#3320 = DIRECTION('',(-0.985531644753,-0.169491525424,0.));
#3321 = PCURVE('',#1471,#3322);
#3322 = DEFINITIONAL_REPRESENTATION('',(#3323),#3327);
#3323 = LINE('',#3324,#3325);
#3324 = CARTESIAN_POINT('',(-3.311906360434,-0.113636363636));
#3325 = VECTOR('',#3326,1.);
#3326 = DIRECTION('',(-1.,-0.));
#3327 = ( GEOMETRIC_REPRESENTATION_CONTEXT(2) 
PARAMETRIC_REPRESENTATION_CONTEXT() REPRESENTATION_CONTEXT('2D SPACE',''
  ) );
#3328 = PCURVE('',#1443,#3329);
#3329 = DEFINITIONAL_REPRESENTATION('',(#3330),#3334);
#3330 = LINE('',#3331,#3332);
#3331 = CARTESIAN_POINT('',(3.311906360434,11.363636363636));
#3332 = VECTOR('',#3333,1.);
#3333 = DIRECTION('',(1.,0.));
#3334 = ( GEOMETRIC_REPRESENTATION_CONTEXT(2) 
PARAMETRIC_REPRESENTATION_CONTEXT() REPRESENTATION_CONTEXT('2D SPACE',''
  ) );
#3335 = ORIENTED_EDGE('',*,*,#3336,.F.);
#3336 = EDGE_CURVE('',#3205,#3313,#3337,.T.);
#3337 = SURFACE_CURVE('',#3338,(#3343,#3353),.PCURVE_S1.);
#3338 = HYPERBOLA('',#3339,0.568181818182,1.);
#3339 = AXIS2_PLACEMENT_3D('',#3340,#3341,#3342);
#3340 = CARTESIAN_POINT('',(0.,1.,28.315909090909));
#3341 = DIRECTION('',(0.,1.,0.));
#3342 = DIRECTION('',(-0.,0.,-1.));
#3343 = PCURVE('',#1471,#3344);
#3344 = DEFINITIONAL_REPRESENTATION('',(#3345),#3352);
#3345 = B_SPLINE_CURVE_WITH_KNOTS('',5,(#3346,#3347,#3348,#3349,#3350,
    #3351),.UNSPECIFIED.,.F.,.F.,(6,6),(2.37836936639,2.4608390603),
  .PIECEWISE_BEZIER_KNOTS.);
#3346 = CARTESIAN_POINT('',(-9.239903098769,-0.375));
#3347 = CARTESIAN_POINT('',(-9.24293507281,-0.324887493077));
#3348 = CARTESIAN_POINT('',(-9.245905600599,-0.273723883849));
#3349 = CARTESIAN_POINT('',(-9.248816284443,-0.221480769804));
#3350 = CARTESIAN_POINT('',(-9.251668671081,-0.168128557862));
#3351 = CARTESIAN_POINT('',(-9.254464253926,-0.113636363636));
#3352 = ( GEOMETRIC_REPRESENTATION_CONTEXT(2) 
PARAMETRIC_REPRESENTATION_CONTEXT() REPRESENTATION_CONTEXT('2D SPACE',''
  ) );
#3353 = PCURVE('',#1888,#3354);
#3354 = DEFINITIONAL_REPRESENTATION('',(#3355),#3359);
#3355 = ( BOUNDED_CURVE() B_SPLINE_CURVE(2,(#3356,#3357,#3358),
.UNSPECIFIED.,.F.,.F.) B_SPLINE_CURVE_WITH_KNOTS((3,3),(2.37836936639,
2.4608390603),.PIECEWISE_BEZIER_KNOTS.) CURVE() 
GEOMETRIC_REPRESENTATION_ITEM() RATIONAL_B_SPLINE_CURVE((1.,
1.000850276769,1.)) REPRESENTATION_ITEM('') );
#3356 = CARTESIAN_POINT('',(11.625,1.752701616704));
#3357 = CARTESIAN_POINT('',(11.499789690207,1.52851109952));
#3358 = CARTESIAN_POINT('',(11.363636363636,1.285363295957));
#3359 = ( GEOMETRIC_REPRESENTATION_CONTEXT(2) 
PARAMETRIC_REPRESENTATION_CONTEXT() REPRESENTATION_CONTEXT('2D SPACE',''
  ) );
#3360 = ADVANCED_FACE('',(#3361),#453,.T.);
#3361 = FACE_BOUND('',#3362,.T.);
#3362 = EDGE_LOOP('',(#3363,#3387,#3388,#3389));
#3363 = ORIENTED_EDGE('',*,*,#3364,.F.);
#3364 = EDGE_CURVE('',#439,#3365,#3367,.T.);
#3365 = VERTEX_POINT('',#3366);
#3366 = CARTESIAN_POINT('',(-5.814636704043,1.,16.713636363636));
#3367 = SURFACE_CURVE('',#3368,(#3373,#3380),.PCURVE_S1.);
#3368 = CIRCLE('',#3369,5.9);
#3369 = AXIS2_PLACEMENT_3D('',#3370,#3371,#3372);
#3370 = CARTESIAN_POINT('',(0.,0.,16.713636363636));
#3371 = DIRECTION('',(0.,0.,1.));
#3372 = DIRECTION('',(-0.985531644753,-0.169491525424,0.));
#3373 = PCURVE('',#453,#3374);
#3374 = DEFINITIONAL_REPRESENTATION('',(#3375),#3379);
#3375 = LINE('',#3376,#3377);
#3376 = CARTESIAN_POINT('',(3.311906360434,3.113636363636));
#3377 = VECTOR('',#3378,1.);
#3378 = DIRECTION('',(1.,0.));
#3379 = ( GEOMETRIC_REPRESENTATION_CONTEXT(2) 
PARAMETRIC_REPRESENTATION_CONTEXT() REPRESENTATION_CONTEXT('2D SPACE',''
  ) );
#3380 = PCURVE('',#481,#3381);
#3381 = DEFINITIONAL_REPRESENTATION('',(#3382),#3386);
#3382 = LINE('',#3383,#3384);
#3383 = CARTESIAN_POINT('',(-3.311906360434,-0.113636363636));
#3384 = VECTOR('',#3385,1.);
#3385 = DIRECTION('',(-1.,-0.));
#3386 = ( GEOMETRIC_REPRESENTATION_CONTEXT(2) 
PARAMETRIC_REPRESENTATION_CONTEXT() REPRESENTATION_CONTEXT('2D SPACE',''
  ) );
#3387 = ORIENTED_EDGE('',*,*,#438,.F.);
#3388 = ORIENTED_EDGE('',*,*,#3256,.T.);
#3389 = ORIENTED_EDGE('',*,*,#3390,.T.);
#3390 = EDGE_CURVE('',#3257,#3365,#3391,.T.);
#3391 = SURFACE_CURVE('',#3392,(#3396,#3402),.PCURVE_S1.);
#3392 = LINE('',#3393,#3394);
#3393 = CARTESIAN_POINT('',(-5.814636704043,1.,13.6));
#3394 = VECTOR('',#3395,1.);
#3395 = DIRECTION('',(0.,0.,1.));
#3396 = PCURVE('',#453,#3397);
#3397 = DEFINITIONAL_REPRESENTATION('',(#3398),#3401);
#3398 = B_SPLINE_CURVE_WITH_KNOTS('',1,(#3399,#3400),.UNSPECIFIED.,.F.,
  .F.,(2,2),(2.886363636364,3.113636363636),.PIECEWISE_BEZIER_KNOTS.);
#3399 = CARTESIAN_POINT('',(9.254464253926,2.886363636364));
#3400 = CARTESIAN_POINT('',(9.254464253926,3.113636363636));
#3401 = ( GEOMETRIC_REPRESENTATION_CONTEXT(2) 
PARAMETRIC_REPRESENTATION_CONTEXT() REPRESENTATION_CONTEXT('2D SPACE',''
  ) );
#3402 = PCURVE('',#1888,#3403);
#3403 = DEFINITIONAL_REPRESENTATION('',(#3404),#3407);
#3404 = B_SPLINE_CURVE_WITH_KNOTS('',1,(#3405,#3406),.UNSPECIFIED.,.F.,
  .F.,(2,2),(2.886363036364,3.113636963636),.PIECEWISE_BEZIER_KNOTS.);
#3405 = CARTESIAN_POINT('',(2.886363036364,1.285363295957));
#3406 = CARTESIAN_POINT('',(3.113636963636,1.285363295957));
#3407 = ( GEOMETRIC_REPRESENTATION_CONTEXT(2) 
PARAMETRIC_REPRESENTATION_CONTEXT() REPRESENTATION_CONTEXT('2D SPACE',''
  ) );
#3408 = ADVANCED_FACE('',(#3409),#1443,.T.);
#3409 = FACE_BOUND('',#3410,.T.);
#3410 = EDGE_LOOP('',(#3411,#3412,#3413,#3437));
#3411 = ORIENTED_EDGE('',*,*,#3312,.F.);
#3412 = ORIENTED_EDGE('',*,*,#1428,.F.);
#3413 = ORIENTED_EDGE('',*,*,#3414,.T.);
#3414 = EDGE_CURVE('',#1397,#3415,#3417,.T.);
#3415 = VERTEX_POINT('',#3416);
#3416 = CARTESIAN_POINT('',(-5.814636704043,1.,24.736363636364));
#3417 = SURFACE_CURVE('',#3418,(#3423,#3430),.PCURVE_S1.);
#3418 = CIRCLE('',#3419,5.9);
#3419 = AXIS2_PLACEMENT_3D('',#3420,#3421,#3422);
#3420 = CARTESIAN_POINT('',(0.,0.,24.736363636364));
#3421 = DIRECTION('',(0.,0.,1.));
#3422 = DIRECTION('',(-0.985531644753,-0.169491525424,0.));
#3423 = PCURVE('',#1443,#3424);
#3424 = DEFINITIONAL_REPRESENTATION('',(#3425),#3429);
#3425 = LINE('',#3426,#3427);
#3426 = CARTESIAN_POINT('',(3.311906360434,11.136363636364));
#3427 = VECTOR('',#3428,1.);
#3428 = DIRECTION('',(1.,0.));
#3429 = ( GEOMETRIC_REPRESENTATION_CONTEXT(2) 
PARAMETRIC_REPRESENTATION_CONTEXT() REPRESENTATION_CONTEXT('2D SPACE',''
  ) );
#3430 = PCURVE('',#1413,#3431);
#3431 = DEFINITIONAL_REPRESENTATION('',(#3432),#3436);
#3432 = LINE('',#3433,#3434);
#3433 = CARTESIAN_POINT('',(3.311906360434,0.261363636364));
#3434 = VECTOR('',#3435,1.);
#3435 = DIRECTION('',(1.,0.));
#3436 = ( GEOMETRIC_REPRESENTATION_CONTEXT(2) 
PARAMETRIC_REPRESENTATION_CONTEXT() REPRESENTATION_CONTEXT('2D SPACE',''
  ) );
#3437 = ORIENTED_EDGE('',*,*,#3438,.T.);
#3438 = EDGE_CURVE('',#3415,#3313,#3439,.T.);
#3439 = SURFACE_CURVE('',#3440,(#3444,#3450),.PCURVE_S1.);
#3440 = LINE('',#3441,#3442);
#3441 = CARTESIAN_POINT('',(-5.814636704043,1.,13.6));
#3442 = VECTOR('',#3443,1.);
#3443 = DIRECTION('',(0.,0.,1.));
#3444 = PCURVE('',#1443,#3445);
#3445 = DEFINITIONAL_REPRESENTATION('',(#3446),#3449);
#3446 = B_SPLINE_CURVE_WITH_KNOTS('',1,(#3447,#3448),.UNSPECIFIED.,.F.,
  .F.,(2,2),(11.136363636364,11.363636363636),.PIECEWISE_BEZIER_KNOTS.);
#3447 = CARTESIAN_POINT('',(9.254464253926,11.136363636364));
#3448 = CARTESIAN_POINT('',(9.254464253926,11.363636363636));
#3449 = ( GEOMETRIC_REPRESENTATION_CONTEXT(2) 
PARAMETRIC_REPRESENTATION_CONTEXT() REPRESENTATION_CONTEXT('2D SPACE',''
  ) );
#3450 = PCURVE('',#1888,#3451);
#3451 = DEFINITIONAL_REPRESENTATION('',(#3452),#3455);
#3452 = B_SPLINE_CURVE_WITH_KNOTS('',1,(#3453,#3454),.UNSPECIFIED.,.F.,
  .F.,(2,2),(11.136363036364,11.363636963636),.PIECEWISE_BEZIER_KNOTS.);
#3453 = CARTESIAN_POINT('',(11.136363036364,1.285363295957));
#3454 = CARTESIAN_POINT('',(11.363636963636,1.285363295957));
#3455 = ( GEOMETRIC_REPRESENTATION_CONTEXT(2) 
PARAMETRIC_REPRESENTATION_CONTEXT() REPRESENTATION_CONTEXT('2D SPACE',''
  ) );
#3456 = ADVANCED_FACE('',(#3457),#481,.T.);
#3457 = FACE_BOUND('',#3458,.T.);
#3458 = EDGE_LOOP('',(#3459,#3483,#3484,#3485));
#3459 = ORIENTED_EDGE('',*,*,#3460,.F.);
#3460 = EDGE_CURVE('',#465,#3461,#3463,.T.);
#3461 = VERTEX_POINT('',#3462);
#3462 = CARTESIAN_POINT('',(-5.347298383296,1.,16.975));
#3463 = SURFACE_CURVE('',#3464,(#3469,#3476),.PCURVE_S1.);
#3464 = CIRCLE('',#3465,5.44);
#3465 = AXIS2_PLACEMENT_3D('',#3466,#3467,#3468);
#3466 = CARTESIAN_POINT('',(0.,0.,16.975));
#3467 = DIRECTION('',(0.,0.,1.));
#3468 = DIRECTION('',(-0.982959261635,-0.183823529412,0.));
#3469 = PCURVE('',#481,#3470);
#3470 = DEFINITIONAL_REPRESENTATION('',(#3471),#3475);
#3471 = LINE('',#3472,#3473);
#3472 = CARTESIAN_POINT('',(-3.32646751559,-0.375));
#3473 = VECTOR('',#3474,1.);
#3474 = DIRECTION('',(-1.,-0.));
#3475 = ( GEOMETRIC_REPRESENTATION_CONTEXT(2) 
PARAMETRIC_REPRESENTATION_CONTEXT() REPRESENTATION_CONTEXT('2D SPACE',''
  ) );
#3476 = PCURVE('',#513,#3477);
#3477 = DEFINITIONAL_REPRESENTATION('',(#3478),#3482);
#3478 = LINE('',#3479,#3480);
#3479 = CARTESIAN_POINT('',(3.32646751559,0.));
#3480 = VECTOR('',#3481,1.);
#3481 = DIRECTION('',(1.,0.));
#3482 = ( GEOMETRIC_REPRESENTATION_CONTEXT(2) 
PARAMETRIC_REPRESENTATION_CONTEXT() REPRESENTATION_CONTEXT('2D SPACE',''
  ) );
#3483 = ORIENTED_EDGE('',*,*,#464,.T.);
#3484 = ORIENTED_EDGE('',*,*,#3364,.T.);
#3485 = ORIENTED_EDGE('',*,*,#3486,.F.);
#3486 = EDGE_CURVE('',#3461,#3365,#3487,.T.);
#3487 = SURFACE_CURVE('',#3488,(#3493,#3503),.PCURVE_S1.);
#3488 = HYPERBOLA('',#3489,0.568181818182,1.);
#3489 = AXIS2_PLACEMENT_3D('',#3490,#3491,#3492);
#3490 = CARTESIAN_POINT('',(0.,1.,20.065909090909));
#3491 = DIRECTION('',(0.,1.,0.));
#3492 = DIRECTION('',(-0.,0.,-1.));
#3493 = PCURVE('',#481,#3494);
#3494 = DEFINITIONAL_REPRESENTATION('',(#3495),#3502);
#3495 = B_SPLINE_CURVE_WITH_KNOTS('',5,(#3496,#3497,#3498,#3499,#3500,
    #3501),.UNSPECIFIED.,.F.,.F.,(6,6),(2.37836936639,2.4608390603),
  .PIECEWISE_BEZIER_KNOTS.);
#3496 = CARTESIAN_POINT('',(-9.239903098769,-0.375));
#3497 = CARTESIAN_POINT('',(-9.24293507281,-0.324887493077));
#3498 = CARTESIAN_POINT('',(-9.245905600599,-0.273723883849));
#3499 = CARTESIAN_POINT('',(-9.248816284443,-0.221480769804));
#3500 = CARTESIAN_POINT('',(-9.251668671081,-0.168128557862));
#3501 = CARTESIAN_POINT('',(-9.254464253926,-0.113636363636));
#3502 = ( GEOMETRIC_REPRESENTATION_CONTEXT(2) 
PARAMETRIC_REPRESENTATION_CONTEXT() REPRESENTATION_CONTEXT('2D SPACE',''
  ) );
#3503 = PCURVE('',#1888,#3504);
#3504 = DEFINITIONAL_REPRESENTATION('',(#3505),#3509);
#3505 = ( BOUNDED_CURVE() B_SPLINE_CURVE(2,(#3506,#3507,#3508),
.UNSPECIFIED.,.F.,.F.) B_SPLINE_CURVE_WITH_KNOTS((3,3),(2.37836936639,
2.4608390603),.PIECEWISE_BEZIER_KNOTS.) CURVE() 
GEOMETRIC_REPRESENTATION_ITEM() RATIONAL_B_SPLINE_CURVE((1.,
1.000850276769,1.)) REPRESENTATION_ITEM('') );
#3506 = CARTESIAN_POINT('',(3.375,1.752701616704));
#3507 = CARTESIAN_POINT('',(3.249789690207,1.52851109952));
#3508 = CARTESIAN_POINT('',(3.113636363636,1.285363295957));
#3509 = ( GEOMETRIC_REPRESENTATION_CONTEXT(2) 
PARAMETRIC_REPRESENTATION_CONTEXT() REPRESENTATION_CONTEXT('2D SPACE',''
  ) );
#3510 = ADVANCED_FACE('',(#3511),#1413,.T.);
#3511 = FACE_BOUND('',#3512,.T.);
#3512 = EDGE_LOOP('',(#3513,#3514,#3515,#3539));
#3513 = ORIENTED_EDGE('',*,*,#3414,.F.);
#3514 = ORIENTED_EDGE('',*,*,#1396,.T.);
#3515 = ORIENTED_EDGE('',*,*,#3516,.T.);
#3516 = EDGE_CURVE('',#1365,#3517,#3519,.T.);
#3517 = VERTEX_POINT('',#3518);
#3518 = CARTESIAN_POINT('',(-5.347298383296,1.,24.475));
#3519 = SURFACE_CURVE('',#3520,(#3525,#3532),.PCURVE_S1.);
#3520 = CIRCLE('',#3521,5.44);
#3521 = AXIS2_PLACEMENT_3D('',#3522,#3523,#3524);
#3522 = CARTESIAN_POINT('',(0.,0.,24.475));
#3523 = DIRECTION('',(0.,0.,1.));
#3524 = DIRECTION('',(-0.982959261635,-0.183823529412,0.));
#3525 = PCURVE('',#1413,#3526);
#3526 = DEFINITIONAL_REPRESENTATION('',(#3527),#3531);
#3527 = LINE('',#3528,#3529);
#3528 = CARTESIAN_POINT('',(3.32646751559,0.));
#3529 = VECTOR('',#3530,1.);
#3530 = DIRECTION('',(1.,0.));
#3531 = ( GEOMETRIC_REPRESENTATION_CONTEXT(2) 
PARAMETRIC_REPRESENTATION_CONTEXT() REPRESENTATION_CONTEXT('2D SPACE',''
  ) );
#3532 = PCURVE('',#1381,#3533);
#3533 = DEFINITIONAL_REPRESENTATION('',(#3534),#3538);
#3534 = LINE('',#3535,#3536);
#3535 = CARTESIAN_POINT('',(-3.32646751559,-0.375));
#3536 = VECTOR('',#3537,1.);
#3537 = DIRECTION('',(-1.,-0.));
#3538 = ( GEOMETRIC_REPRESENTATION_CONTEXT(2) 
PARAMETRIC_REPRESENTATION_CONTEXT() REPRESENTATION_CONTEXT('2D SPACE',''
  ) );
#3539 = ORIENTED_EDGE('',*,*,#3540,.F.);
#3540 = EDGE_CURVE('',#3415,#3517,#3541,.T.);
#3541 = SURFACE_CURVE('',#3542,(#3547,#3557),.PCURVE_S1.);
#3542 = HYPERBOLA('',#3543,0.568181818182,1.);
#3543 = AXIS2_PLACEMENT_3D('',#3544,#3545,#3546);
#3544 = CARTESIAN_POINT('',(0.,1.,21.384090909091));
#3545 = DIRECTION('',(-0.,1.,0.));
#3546 = DIRECTION('',(0.,0.,1.));
#3547 = PCURVE('',#1413,#3548);
#3548 = DEFINITIONAL_REPRESENTATION('',(#3549),#3556);
#3549 = B_SPLINE_CURVE_WITH_KNOTS('',5,(#3550,#3551,#3552,#3553,#3554,
    #3555),.UNSPECIFIED.,.F.,.F.,(6,6),(-2.4608390603,-2.37836936639),
  .PIECEWISE_BEZIER_KNOTS.);
#3550 = CARTESIAN_POINT('',(9.254464253926,0.261363636364));
#3551 = CARTESIAN_POINT('',(9.251668671081,0.206871442138));
#3552 = CARTESIAN_POINT('',(9.248816284443,0.153519230196));
#3553 = CARTESIAN_POINT('',(9.245905600599,0.101276116151));
#3554 = CARTESIAN_POINT('',(9.24293507281,5.011250692257E-02));
#3555 = CARTESIAN_POINT('',(9.239903098769,-3.81490145127E-16));
#3556 = ( GEOMETRIC_REPRESENTATION_CONTEXT(2) 
PARAMETRIC_REPRESENTATION_CONTEXT() REPRESENTATION_CONTEXT('2D SPACE',''
  ) );
#3557 = PCURVE('',#1888,#3558);
#3558 = DEFINITIONAL_REPRESENTATION('',(#3559),#3563);
#3559 = ( BOUNDED_CURVE() B_SPLINE_CURVE(2,(#3560,#3561,#3562),
.UNSPECIFIED.,.F.,.F.) B_SPLINE_CURVE_WITH_KNOTS((3,3),(-2.4608390603,
-2.37836936639),.PIECEWISE_BEZIER_KNOTS.) CURVE() 
GEOMETRIC_REPRESENTATION_ITEM() RATIONAL_B_SPLINE_CURVE((1.,
1.000850276769,1.)) REPRESENTATION_ITEM('') );
#3560 = CARTESIAN_POINT('',(11.136363636364,1.285363295957));
#3561 = CARTESIAN_POINT('',(11.000210309793,1.52851109952));
#3562 = CARTESIAN_POINT('',(10.875,1.752701616704));
#3563 = ( GEOMETRIC_REPRESENTATION_CONTEXT(2) 
PARAMETRIC_REPRESENTATION_CONTEXT() REPRESENTATION_CONTEXT('2D SPACE',''
  ) );
#3564 = ADVANCED_FACE('',(#3565),#513,.T.);
#3565 = FACE_BOUND('',#3566,.T.);
#3566 = EDGE_LOOP('',(#3567,#3591,#3592,#3593));
#3567 = ORIENTED_EDGE('',*,*,#3568,.F.);
#3568 = EDGE_CURVE('',#497,#3569,#3571,.T.);
#3569 = VERTEX_POINT('',#3570);
#3570 = CARTESIAN_POINT('',(-5.814636704043,1.,17.236363636364));
#3571 = SURFACE_CURVE('',#3572,(#3577,#3584),.PCURVE_S1.);
#3572 = CIRCLE('',#3573,5.9);
#3573 = AXIS2_PLACEMENT_3D('',#3574,#3575,#3576);
#3574 = CARTESIAN_POINT('',(0.,0.,17.236363636364));
#3575 = DIRECTION('',(0.,0.,1.));
#3576 = DIRECTION('',(-0.985531644753,-0.169491525424,0.));
#3577 = PCURVE('',#513,#3578);
#3578 = DEFINITIONAL_REPRESENTATION('',(#3579),#3583);
#3579 = LINE('',#3580,#3581);
#3580 = CARTESIAN_POINT('',(3.311906360434,0.261363636364));
#3581 = VECTOR('',#3582,1.);
#3582 = DIRECTION('',(1.,0.));
#3583 = ( GEOMETRIC_REPRESENTATION_CONTEXT(2) 
PARAMETRIC_REPRESENTATION_CONTEXT() REPRESENTATION_CONTEXT('2D SPACE',''
  ) );
#3584 = PCURVE('',#543,#3585);
#3585 = DEFINITIONAL_REPRESENTATION('',(#3586),#3590);
#3586 = LINE('',#3587,#3588);
#3587 = CARTESIAN_POINT('',(3.311906360434,3.636363636364));
#3588 = VECTOR('',#3589,1.);
#3589 = DIRECTION('',(1.,0.));
#3590 = ( GEOMETRIC_REPRESENTATION_CONTEXT(2) 
PARAMETRIC_REPRESENTATION_CONTEXT() REPRESENTATION_CONTEXT('2D SPACE',''
  ) );
#3591 = ORIENTED_EDGE('',*,*,#496,.T.);
#3592 = ORIENTED_EDGE('',*,*,#3460,.T.);
#3593 = ORIENTED_EDGE('',*,*,#3594,.F.);
#3594 = EDGE_CURVE('',#3569,#3461,#3595,.T.);
#3595 = SURFACE_CURVE('',#3596,(#3601,#3611),.PCURVE_S1.);
#3596 = HYPERBOLA('',#3597,0.568181818182,1.);
#3597 = AXIS2_PLACEMENT_3D('',#3598,#3599,#3600);
#3598 = CARTESIAN_POINT('',(0.,1.,13.884090909091));
#3599 = DIRECTION('',(-0.,1.,0.));
#3600 = DIRECTION('',(0.,0.,1.));
#3601 = PCURVE('',#513,#3602);
#3602 = DEFINITIONAL_REPRESENTATION('',(#3603),#3610);
#3603 = B_SPLINE_CURVE_WITH_KNOTS('',5,(#3604,#3605,#3606,#3607,#3608,
    #3609),.UNSPECIFIED.,.F.,.F.,(6,6),(-2.4608390603,-2.37836936639),
  .PIECEWISE_BEZIER_KNOTS.);
#3604 = CARTESIAN_POINT('',(9.254464253926,0.261363636364));
#3605 = CARTESIAN_POINT('',(9.251668671081,0.206871442138));
#3606 = CARTESIAN_POINT('',(9.248816284443,0.153519230196));
#3607 = CARTESIAN_POINT('',(9.245905600599,0.101276116151));
#3608 = CARTESIAN_POINT('',(9.24293507281,5.011250692257E-02));
#3609 = CARTESIAN_POINT('',(9.239903098769,-3.81490145127E-16));
#3610 = ( GEOMETRIC_REPRESENTATION_CONTEXT(2) 
PARAMETRIC_REPRESENTATION_CONTEXT() REPRESENTATION_CONTEXT('2D SPACE',''
  ) );
#3611 = PCURVE('',#1888,#3612);
#3612 = DEFINITIONAL_REPRESENTATION('',(#3613),#3617);
#3613 = ( BOUNDED_CURVE() B_SPLINE_CURVE(2,(#3614,#3615,#3616),
.UNSPECIFIED.,.F.,.F.) B_SPLINE_CURVE_WITH_KNOTS((3,3),(-2.4608390603,
-2.37836936639),.PIECEWISE_BEZIER_KNOTS.) CURVE() 
GEOMETRIC_REPRESENTATION_ITEM() RATIONAL_B_SPLINE_CURVE((1.,
1.000850276769,1.)) REPRESENTATION_ITEM('') );
#3614 = CARTESIAN_POINT('',(3.636363636364,1.285363295957));
#3615 = CARTESIAN_POINT('',(3.500210309793,1.52851109952));
#3616 = CARTESIAN_POINT('',(3.375,1.752701616704));
#3617 = ( GEOMETRIC_REPRESENTATION_CONTEXT(2) 
PARAMETRIC_REPRESENTATION_CONTEXT() REPRESENTATION_CONTEXT('2D SPACE',''
  ) );
#3618 = ADVANCED_FACE('',(#3619),#1381,.T.);
#3619 = FACE_BOUND('',#3620,.T.);
#3620 = EDGE_LOOP('',(#3621,#3622,#3623,#3647));
#3621 = ORIENTED_EDGE('',*,*,#3516,.F.);
#3622 = ORIENTED_EDGE('',*,*,#1364,.T.);
#3623 = ORIENTED_EDGE('',*,*,#3624,.T.);
#3624 = EDGE_CURVE('',#1339,#3625,#3627,.T.);
#3625 = VERTEX_POINT('',#3626);
#3626 = CARTESIAN_POINT('',(-5.814636704043,1.,24.213636363636));
#3627 = SURFACE_CURVE('',#3628,(#3633,#3640),.PCURVE_S1.);
#3628 = CIRCLE('',#3629,5.9);
#3629 = AXIS2_PLACEMENT_3D('',#3630,#3631,#3632);
#3630 = CARTESIAN_POINT('',(0.,0.,24.213636363636));
#3631 = DIRECTION('',(0.,0.,1.));
#3632 = DIRECTION('',(-0.985531644753,-0.169491525424,0.));
#3633 = PCURVE('',#1381,#3634);
#3634 = DEFINITIONAL_REPRESENTATION('',(#3635),#3639);
#3635 = LINE('',#3636,#3637);
#3636 = CARTESIAN_POINT('',(-3.311906360434,-0.113636363636));
#3637 = VECTOR('',#3638,1.);
#3638 = DIRECTION('',(-1.,-0.));
#3639 = ( GEOMETRIC_REPRESENTATION_CONTEXT(2) 
PARAMETRIC_REPRESENTATION_CONTEXT() REPRESENTATION_CONTEXT('2D SPACE',''
  ) );
#3640 = PCURVE('',#1353,#3641);
#3641 = DEFINITIONAL_REPRESENTATION('',(#3642),#3646);
#3642 = LINE('',#3643,#3644);
#3643 = CARTESIAN_POINT('',(3.311906360434,10.613636363636));
#3644 = VECTOR('',#3645,1.);
#3645 = DIRECTION('',(1.,0.));
#3646 = ( GEOMETRIC_REPRESENTATION_CONTEXT(2) 
PARAMETRIC_REPRESENTATION_CONTEXT() REPRESENTATION_CONTEXT('2D SPACE',''
  ) );
#3647 = ORIENTED_EDGE('',*,*,#3648,.F.);
#3648 = EDGE_CURVE('',#3517,#3625,#3649,.T.);
#3649 = SURFACE_CURVE('',#3650,(#3655,#3665),.PCURVE_S1.);
#3650 = HYPERBOLA('',#3651,0.568181818182,1.);
#3651 = AXIS2_PLACEMENT_3D('',#3652,#3653,#3654);
#3652 = CARTESIAN_POINT('',(0.,1.,27.565909090909));
#3653 = DIRECTION('',(0.,1.,0.));
#3654 = DIRECTION('',(-0.,0.,-1.));
#3655 = PCURVE('',#1381,#3656);
#3656 = DEFINITIONAL_REPRESENTATION('',(#3657),#3664);
#3657 = B_SPLINE_CURVE_WITH_KNOTS('',5,(#3658,#3659,#3660,#3661,#3662,
    #3663),.UNSPECIFIED.,.F.,.F.,(6,6),(2.37836936639,2.4608390603),
  .PIECEWISE_BEZIER_KNOTS.);
#3658 = CARTESIAN_POINT('',(-9.239903098769,-0.375));
#3659 = CARTESIAN_POINT('',(-9.24293507281,-0.324887493077));
#3660 = CARTESIAN_POINT('',(-9.245905600599,-0.273723883849));
#3661 = CARTESIAN_POINT('',(-9.248816284443,-0.221480769804));
#3662 = CARTESIAN_POINT('',(-9.251668671081,-0.168128557862));
#3663 = CARTESIAN_POINT('',(-9.254464253926,-0.113636363636));
#3664 = ( GEOMETRIC_REPRESENTATION_CONTEXT(2) 
PARAMETRIC_REPRESENTATION_CONTEXT() REPRESENTATION_CONTEXT('2D SPACE',''
  ) );
#3665 = PCURVE('',#1888,#3666);
#3666 = DEFINITIONAL_REPRESENTATION('',(#3667),#3671);
#3667 = ( BOUNDED_CURVE() B_SPLINE_CURVE(2,(#3668,#3669,#3670),
.UNSPECIFIED.,.F.,.F.) B_SPLINE_CURVE_WITH_KNOTS((3,3),(2.37836936639,
2.4608390603),.PIECEWISE_BEZIER_KNOTS.) CURVE() 
GEOMETRIC_REPRESENTATION_ITEM() RATIONAL_B_SPLINE_CURVE((1.,
1.000850276769,1.)) REPRESENTATION_ITEM('') );
#3668 = CARTESIAN_POINT('',(10.875,1.752701616704));
#3669 = CARTESIAN_POINT('',(10.749789690207,1.52851109952));
#3670 = CARTESIAN_POINT('',(10.613636363636,1.285363295957));
#3671 = ( GEOMETRIC_REPRESENTATION_CONTEXT(2) 
PARAMETRIC_REPRESENTATION_CONTEXT() REPRESENTATION_CONTEXT('2D SPACE',''
  ) );
#3672 = ADVANCED_FACE('',(#3673),#543,.T.);
#3673 = FACE_BOUND('',#3674,.T.);
#3674 = EDGE_LOOP('',(#3675,#3699,#3700,#3701));
#3675 = ORIENTED_EDGE('',*,*,#3676,.F.);
#3676 = EDGE_CURVE('',#529,#3677,#3679,.T.);
#3677 = VERTEX_POINT('',#3678);
#3678 = CARTESIAN_POINT('',(-5.814636704043,1.,17.463636363636));
#3679 = SURFACE_CURVE('',#3680,(#3685,#3692),.PCURVE_S1.);
#3680 = CIRCLE('',#3681,5.9);
#3681 = AXIS2_PLACEMENT_3D('',#3682,#3683,#3684);
#3682 = CARTESIAN_POINT('',(0.,0.,17.463636363636));
#3683 = DIRECTION('',(0.,0.,1.));
#3684 = DIRECTION('',(-0.985531644753,-0.169491525424,0.));
#3685 = PCURVE('',#543,#3686);
#3686 = DEFINITIONAL_REPRESENTATION('',(#3687),#3691);
#3687 = LINE('',#3688,#3689);
#3688 = CARTESIAN_POINT('',(3.311906360434,3.863636363636));
#3689 = VECTOR('',#3690,1.);
#3690 = DIRECTION('',(1.,0.));
#3691 = ( GEOMETRIC_REPRESENTATION_CONTEXT(2) 
PARAMETRIC_REPRESENTATION_CONTEXT() REPRESENTATION_CONTEXT('2D SPACE',''
  ) );
#3692 = PCURVE('',#571,#3693);
#3693 = DEFINITIONAL_REPRESENTATION('',(#3694),#3698);
#3694 = LINE('',#3695,#3696);
#3695 = CARTESIAN_POINT('',(-3.311906360434,-0.113636363636));
#3696 = VECTOR('',#3697,1.);
#3697 = DIRECTION('',(-1.,-0.));
#3698 = ( GEOMETRIC_REPRESENTATION_CONTEXT(2) 
PARAMETRIC_REPRESENTATION_CONTEXT() REPRESENTATION_CONTEXT('2D SPACE',''
  ) );
#3699 = ORIENTED_EDGE('',*,*,#528,.F.);
#3700 = ORIENTED_EDGE('',*,*,#3568,.T.);
#3701 = ORIENTED_EDGE('',*,*,#3702,.T.);
#3702 = EDGE_CURVE('',#3569,#3677,#3703,.T.);
#3703 = SURFACE_CURVE('',#3704,(#3708,#3714),.PCURVE_S1.);
#3704 = LINE('',#3705,#3706);
#3705 = CARTESIAN_POINT('',(-5.814636704043,1.,13.6));
#3706 = VECTOR('',#3707,1.);
#3707 = DIRECTION('',(0.,0.,1.));
#3708 = PCURVE('',#543,#3709);
#3709 = DEFINITIONAL_REPRESENTATION('',(#3710),#3713);
#3710 = B_SPLINE_CURVE_WITH_KNOTS('',1,(#3711,#3712),.UNSPECIFIED.,.F.,
  .F.,(2,2),(3.636363636364,3.863636363636),.PIECEWISE_BEZIER_KNOTS.);
#3711 = CARTESIAN_POINT('',(9.254464253926,3.636363636364));
#3712 = CARTESIAN_POINT('',(9.254464253926,3.863636363636));
#3713 = ( GEOMETRIC_REPRESENTATION_CONTEXT(2) 
PARAMETRIC_REPRESENTATION_CONTEXT() REPRESENTATION_CONTEXT('2D SPACE',''
  ) );
#3714 = PCURVE('',#1888,#3715);
#3715 = DEFINITIONAL_REPRESENTATION('',(#3716),#3719);
#3716 = B_SPLINE_CURVE_WITH_KNOTS('',1,(#3717,#3718),.UNSPECIFIED.,.F.,
  .F.,(2,2),(3.636363036364,3.863636963636),.PIECEWISE_BEZIER_KNOTS.);
#3717 = CARTESIAN_POINT('',(3.636363036364,1.285363295957));
#3718 = CARTESIAN_POINT('',(3.863636963636,1.285363295957));
#3719 = ( GEOMETRIC_REPRESENTATION_CONTEXT(2) 
PARAMETRIC_REPRESENTATION_CONTEXT() REPRESENTATION_CONTEXT('2D SPACE',''
  ) );
#3720 = ADVANCED_FACE('',(#3721),#1353,.T.);
#3721 = FACE_BOUND('',#3722,.T.);
#3722 = EDGE_LOOP('',(#3723,#3724,#3725,#3749));
#3723 = ORIENTED_EDGE('',*,*,#3624,.F.);
#3724 = ORIENTED_EDGE('',*,*,#1338,.F.);
#3725 = ORIENTED_EDGE('',*,*,#3726,.T.);
#3726 = EDGE_CURVE('',#1307,#3727,#3729,.T.);
#3727 = VERTEX_POINT('',#3728);
#3728 = CARTESIAN_POINT('',(-5.814636704043,1.,23.986363636364));
#3729 = SURFACE_CURVE('',#3730,(#3735,#3742),.PCURVE_S1.);
#3730 = CIRCLE('',#3731,5.9);
#3731 = AXIS2_PLACEMENT_3D('',#3732,#3733,#3734);
#3732 = CARTESIAN_POINT('',(0.,0.,23.986363636364));
#3733 = DIRECTION('',(0.,0.,1.));
#3734 = DIRECTION('',(-0.985531644753,-0.169491525424,0.));
#3735 = PCURVE('',#1353,#3736);
#3736 = DEFINITIONAL_REPRESENTATION('',(#3737),#3741);
#3737 = LINE('',#3738,#3739);
#3738 = CARTESIAN_POINT('',(3.311906360434,10.386363636364));
#3739 = VECTOR('',#3740,1.);
#3740 = DIRECTION('',(1.,0.));
#3741 = ( GEOMETRIC_REPRESENTATION_CONTEXT(2) 
PARAMETRIC_REPRESENTATION_CONTEXT() REPRESENTATION_CONTEXT('2D SPACE',''
  ) );
#3742 = PCURVE('',#1323,#3743);
#3743 = DEFINITIONAL_REPRESENTATION('',(#3744),#3748);
#3744 = LINE('',#3745,#3746);
#3745 = CARTESIAN_POINT('',(3.311906360434,0.261363636364));
#3746 = VECTOR('',#3747,1.);
#3747 = DIRECTION('',(1.,0.));
#3748 = ( GEOMETRIC_REPRESENTATION_CONTEXT(2) 
PARAMETRIC_REPRESENTATION_CONTEXT() REPRESENTATION_CONTEXT('2D SPACE',''
  ) );
#3749 = ORIENTED_EDGE('',*,*,#3750,.T.);
#3750 = EDGE_CURVE('',#3727,#3625,#3751,.T.);
#3751 = SURFACE_CURVE('',#3752,(#3756,#3762),.PCURVE_S1.);
#3752 = LINE('',#3753,#3754);
#3753 = CARTESIAN_POINT('',(-5.814636704043,1.,13.6));
#3754 = VECTOR('',#3755,1.);
#3755 = DIRECTION('',(0.,0.,1.));
#3756 = PCURVE('',#1353,#3757);
#3757 = DEFINITIONAL_REPRESENTATION('',(#3758),#3761);
#3758 = B_SPLINE_CURVE_WITH_KNOTS('',1,(#3759,#3760),.UNSPECIFIED.,.F.,
  .F.,(2,2),(10.386363636364,10.613636363636),.PIECEWISE_BEZIER_KNOTS.);
#3759 = CARTESIAN_POINT('',(9.254464253926,10.386363636364));
#3760 = CARTESIAN_POINT('',(9.254464253926,10.613636363636));
#3761 = ( GEOMETRIC_REPRESENTATION_CONTEXT(2) 
PARAMETRIC_REPRESENTATION_CONTEXT() REPRESENTATION_CONTEXT('2D SPACE',''
  ) );
#3762 = PCURVE('',#1888,#3763);
#3763 = DEFINITIONAL_REPRESENTATION('',(#3764),#3767);
#3764 = B_SPLINE_CURVE_WITH_KNOTS('',1,(#3765,#3766),.UNSPECIFIED.,.F.,
  .F.,(2,2),(10.386363036364,10.613636963636),.PIECEWISE_BEZIER_KNOTS.);
#3765 = CARTESIAN_POINT('',(10.386363036364,1.285363295957));
#3766 = CARTESIAN_POINT('',(10.613636963636,1.285363295957));
#3767 = ( GEOMETRIC_REPRESENTATION_CONTEXT(2) 
PARAMETRIC_REPRESENTATION_CONTEXT() REPRESENTATION_CONTEXT('2D SPACE',''
  ) );
#3768 = ADVANCED_FACE('',(#3769),#571,.T.);
#3769 = FACE_BOUND('',#3770,.T.);
#3770 = EDGE_LOOP('',(#3771,#3795,#3796,#3797));
#3771 = ORIENTED_EDGE('',*,*,#3772,.F.);
#3772 = EDGE_CURVE('',#555,#3773,#3775,.T.);
#3773 = VERTEX_POINT('',#3774);
#3774 = CARTESIAN_POINT('',(-5.347298383296,1.,17.725));
#3775 = SURFACE_CURVE('',#3776,(#3781,#3788),.PCURVE_S1.);
#3776 = CIRCLE('',#3777,5.44);
#3777 = AXIS2_PLACEMENT_3D('',#3778,#3779,#3780);
#3778 = CARTESIAN_POINT('',(0.,0.,17.725));
#3779 = DIRECTION('',(0.,0.,1.));
#3780 = DIRECTION('',(-0.982959261635,-0.183823529412,0.));
#3781 = PCURVE('',#571,#3782);
#3782 = DEFINITIONAL_REPRESENTATION('',(#3783),#3787);
#3783 = LINE('',#3784,#3785);
#3784 = CARTESIAN_POINT('',(-3.32646751559,-0.375));
#3785 = VECTOR('',#3786,1.);
#3786 = DIRECTION('',(-1.,-0.));
#3787 = ( GEOMETRIC_REPRESENTATION_CONTEXT(2) 
PARAMETRIC_REPRESENTATION_CONTEXT() REPRESENTATION_CONTEXT('2D SPACE',''
  ) );
#3788 = PCURVE('',#603,#3789);
#3789 = DEFINITIONAL_REPRESENTATION('',(#3790),#3794);
#3790 = LINE('',#3791,#3792);
#3791 = CARTESIAN_POINT('',(3.32646751559,0.));
#3792 = VECTOR('',#3793,1.);
#3793 = DIRECTION('',(1.,0.));
#3794 = ( GEOMETRIC_REPRESENTATION_CONTEXT(2) 
PARAMETRIC_REPRESENTATION_CONTEXT() REPRESENTATION_CONTEXT('2D SPACE',''
  ) );
#3795 = ORIENTED_EDGE('',*,*,#554,.T.);
#3796 = ORIENTED_EDGE('',*,*,#3676,.T.);
#3797 = ORIENTED_EDGE('',*,*,#3798,.F.);
#3798 = EDGE_CURVE('',#3773,#3677,#3799,.T.);
#3799 = SURFACE_CURVE('',#3800,(#3805,#3815),.PCURVE_S1.);
#3800 = HYPERBOLA('',#3801,0.568181818182,1.);
#3801 = AXIS2_PLACEMENT_3D('',#3802,#3803,#3804);
#3802 = CARTESIAN_POINT('',(0.,1.,20.815909090909));
#3803 = DIRECTION('',(0.,1.,0.));
#3804 = DIRECTION('',(-0.,0.,-1.));
#3805 = PCURVE('',#571,#3806);
#3806 = DEFINITIONAL_REPRESENTATION('',(#3807),#3814);
#3807 = B_SPLINE_CURVE_WITH_KNOTS('',5,(#3808,#3809,#3810,#3811,#3812,
    #3813),.UNSPECIFIED.,.F.,.F.,(6,6),(2.37836936639,2.4608390603),
  .PIECEWISE_BEZIER_KNOTS.);
#3808 = CARTESIAN_POINT('',(-9.239903098769,-0.375));
#3809 = CARTESIAN_POINT('',(-9.24293507281,-0.324887493077));
#3810 = CARTESIAN_POINT('',(-9.245905600599,-0.273723883849));
#3811 = CARTESIAN_POINT('',(-9.248816284443,-0.221480769804));
#3812 = CARTESIAN_POINT('',(-9.251668671081,-0.168128557862));
#3813 = CARTESIAN_POINT('',(-9.254464253926,-0.113636363636));
#3814 = ( GEOMETRIC_REPRESENTATION_CONTEXT(2) 
PARAMETRIC_REPRESENTATION_CONTEXT() REPRESENTATION_CONTEXT('2D SPACE',''
  ) );
#3815 = PCURVE('',#1888,#3816);
#3816 = DEFINITIONAL_REPRESENTATION('',(#3817),#3821);
#3817 = ( BOUNDED_CURVE() B_SPLINE_CURVE(2,(#3818,#3819,#3820),
.UNSPECIFIED.,.F.,.F.) B_SPLINE_CURVE_WITH_KNOTS((3,3),(2.37836936639,
2.4608390603),.PIECEWISE_BEZIER_KNOTS.) CURVE() 
GEOMETRIC_REPRESENTATION_ITEM() RATIONAL_B_SPLINE_CURVE((1.,
1.000850276769,1.)) REPRESENTATION_ITEM('') );
#3818 = CARTESIAN_POINT('',(4.125,1.752701616704));
#3819 = CARTESIAN_POINT('',(3.999789690207,1.52851109952));
#3820 = CARTESIAN_POINT('',(3.863636363636,1.285363295957));
#3821 = ( GEOMETRIC_REPRESENTATION_CONTEXT(2) 
PARAMETRIC_REPRESENTATION_CONTEXT() REPRESENTATION_CONTEXT('2D SPACE',''
  ) );
#3822 = ADVANCED_FACE('',(#3823),#1323,.T.);
#3823 = FACE_BOUND('',#3824,.T.);
#3824 = EDGE_LOOP('',(#3825,#3826,#3827,#3851));
#3825 = ORIENTED_EDGE('',*,*,#3726,.F.);
#3826 = ORIENTED_EDGE('',*,*,#1306,.T.);
#3827 = ORIENTED_EDGE('',*,*,#3828,.T.);
#3828 = EDGE_CURVE('',#1275,#3829,#3831,.T.);
#3829 = VERTEX_POINT('',#3830);
#3830 = CARTESIAN_POINT('',(-5.347298383296,1.,23.725));
#3831 = SURFACE_CURVE('',#3832,(#3837,#3844),.PCURVE_S1.);
#3832 = CIRCLE('',#3833,5.44);
#3833 = AXIS2_PLACEMENT_3D('',#3834,#3835,#3836);
#3834 = CARTESIAN_POINT('',(0.,0.,23.725));
#3835 = DIRECTION('',(0.,0.,1.));
#3836 = DIRECTION('',(-0.982959261635,-0.183823529412,0.));
#3837 = PCURVE('',#1323,#3838);
#3838 = DEFINITIONAL_REPRESENTATION('',(#3839),#3843);
#3839 = LINE('',#3840,#3841);
#3840 = CARTESIAN_POINT('',(3.32646751559,0.));
#3841 = VECTOR('',#3842,1.);
#3842 = DIRECTION('',(1.,0.));
#3843 = ( GEOMETRIC_REPRESENTATION_CONTEXT(2) 
PARAMETRIC_REPRESENTATION_CONTEXT() REPRESENTATION_CONTEXT('2D SPACE',''
  ) );
#3844 = PCURVE('',#1291,#3845);
#3845 = DEFINITIONAL_REPRESENTATION('',(#3846),#3850);
#3846 = LINE('',#3847,#3848);
#3847 = CARTESIAN_POINT('',(-3.32646751559,-0.375));
#3848 = VECTOR('',#3849,1.);
#3849 = DIRECTION('',(-1.,-0.));
#3850 = ( GEOMETRIC_REPRESENTATION_CONTEXT(2) 
PARAMETRIC_REPRESENTATION_CONTEXT() REPRESENTATION_CONTEXT('2D SPACE',''
  ) );
#3851 = ORIENTED_EDGE('',*,*,#3852,.F.);
#3852 = EDGE_CURVE('',#3727,#3829,#3853,.T.);
#3853 = SURFACE_CURVE('',#3854,(#3859,#3869),.PCURVE_S1.);
#3854 = HYPERBOLA('',#3855,0.568181818182,1.);
#3855 = AXIS2_PLACEMENT_3D('',#3856,#3857,#3858);
#3856 = CARTESIAN_POINT('',(0.,1.,20.634090909091));
#3857 = DIRECTION('',(-0.,1.,0.));
#3858 = DIRECTION('',(0.,0.,1.));
#3859 = PCURVE('',#1323,#3860);
#3860 = DEFINITIONAL_REPRESENTATION('',(#3861),#3868);
#3861 = B_SPLINE_CURVE_WITH_KNOTS('',5,(#3862,#3863,#3864,#3865,#3866,
    #3867),.UNSPECIFIED.,.F.,.F.,(6,6),(-2.4608390603,-2.37836936639),
  .PIECEWISE_BEZIER_KNOTS.);
#3862 = CARTESIAN_POINT('',(9.254464253926,0.261363636364));
#3863 = CARTESIAN_POINT('',(9.251668671081,0.206871442138));
#3864 = CARTESIAN_POINT('',(9.248816284443,0.153519230196));
#3865 = CARTESIAN_POINT('',(9.245905600599,0.101276116151));
#3866 = CARTESIAN_POINT('',(9.24293507281,5.011250692257E-02));
#3867 = CARTESIAN_POINT('',(9.239903098769,-3.81490145127E-16));
#3868 = ( GEOMETRIC_REPRESENTATION_CONTEXT(2) 
PARAMETRIC_REPRESENTATION_CONTEXT() REPRESENTATION_CONTEXT('2D SPACE',''
  ) );
#3869 = PCURVE('',#1888,#3870);
#3870 = DEFINITIONAL_REPRESENTATION('',(#3871),#3875);
#3871 = ( BOUNDED_CURVE() B_SPLINE_CURVE(2,(#3872,#3873,#3874),
.UNSPECIFIED.,.F.,.F.) B_SPLINE_CURVE_WITH_KNOTS((3,3),(-2.4608390603,
-2.37836936639),.PIECEWISE_BEZIER_KNOTS.) CURVE() 
GEOMETRIC_REPRESENTATION_ITEM() RATIONAL_B_SPLINE_CURVE((1.,
1.000850276769,1.)) REPRESENTATION_ITEM('') );
#3872 = CARTESIAN_POINT('',(10.386363636364,1.285363295957));
#3873 = CARTESIAN_POINT('',(10.250210309793,1.52851109952));
#3874 = CARTESIAN_POINT('',(10.125,1.752701616704));
#3875 = ( GEOMETRIC_REPRESENTATION_CONTEXT(2) 
PARAMETRIC_REPRESENTATION_CONTEXT() REPRESENTATION_CONTEXT('2D SPACE',''
  ) );
#3876 = ADVANCED_FACE('',(#3877),#603,.T.);
#3877 = FACE_BOUND('',#3878,.T.);
#3878 = EDGE_LOOP('',(#3879,#3903,#3904,#3905));
#3879 = ORIENTED_EDGE('',*,*,#3880,.F.);
#3880 = EDGE_CURVE('',#587,#3881,#3883,.T.);
#3881 = VERTEX_POINT('',#3882);
#3882 = CARTESIAN_POINT('',(-5.814636704043,1.,17.986363636364));
#3883 = SURFACE_CURVE('',#3884,(#3889,#3896),.PCURVE_S1.);
#3884 = CIRCLE('',#3885,5.9);
#3885 = AXIS2_PLACEMENT_3D('',#3886,#3887,#3888);
#3886 = CARTESIAN_POINT('',(0.,0.,17.986363636364));
#3887 = DIRECTION('',(0.,0.,1.));
#3888 = DIRECTION('',(-0.985531644753,-0.169491525424,0.));
#3889 = PCURVE('',#603,#3890);
#3890 = DEFINITIONAL_REPRESENTATION('',(#3891),#3895);
#3891 = LINE('',#3892,#3893);
#3892 = CARTESIAN_POINT('',(3.311906360434,0.261363636364));
#3893 = VECTOR('',#3894,1.);
#3894 = DIRECTION('',(1.,0.));
#3895 = ( GEOMETRIC_REPRESENTATION_CONTEXT(2) 
PARAMETRIC_REPRESENTATION_CONTEXT() REPRESENTATION_CONTEXT('2D SPACE',''
  ) );
#3896 = PCURVE('',#633,#3897);
#3897 = DEFINITIONAL_REPRESENTATION('',(#3898),#3902);
#3898 = LINE('',#3899,#3900);
#3899 = CARTESIAN_POINT('',(3.311906360434,4.386363636364));
#3900 = VECTOR('',#3901,1.);
#3901 = DIRECTION('',(1.,0.));
#3902 = ( GEOMETRIC_REPRESENTATION_CONTEXT(2) 
PARAMETRIC_REPRESENTATION_CONTEXT() REPRESENTATION_CONTEXT('2D SPACE',''
  ) );
#3903 = ORIENTED_EDGE('',*,*,#586,.T.);
#3904 = ORIENTED_EDGE('',*,*,#3772,.T.);
#3905 = ORIENTED_EDGE('',*,*,#3906,.F.);
#3906 = EDGE_CURVE('',#3881,#3773,#3907,.T.);
#3907 = SURFACE_CURVE('',#3908,(#3913,#3923),.PCURVE_S1.);
#3908 = HYPERBOLA('',#3909,0.568181818182,1.);
#3909 = AXIS2_PLACEMENT_3D('',#3910,#3911,#3912);
#3910 = CARTESIAN_POINT('',(0.,1.,14.634090909091));
#3911 = DIRECTION('',(-0.,1.,0.));
#3912 = DIRECTION('',(0.,0.,1.));
#3913 = PCURVE('',#603,#3914);
#3914 = DEFINITIONAL_REPRESENTATION('',(#3915),#3922);
#3915 = B_SPLINE_CURVE_WITH_KNOTS('',5,(#3916,#3917,#3918,#3919,#3920,
    #3921),.UNSPECIFIED.,.F.,.F.,(6,6),(-2.4608390603,-2.37836936639),
  .PIECEWISE_BEZIER_KNOTS.);
#3916 = CARTESIAN_POINT('',(9.254464253926,0.261363636364));
#3917 = CARTESIAN_POINT('',(9.251668671081,0.206871442138));
#3918 = CARTESIAN_POINT('',(9.248816284443,0.153519230196));
#3919 = CARTESIAN_POINT('',(9.245905600599,0.101276116151));
#3920 = CARTESIAN_POINT('',(9.24293507281,5.011250692257E-02));
#3921 = CARTESIAN_POINT('',(9.239903098769,-3.81490145127E-16));
#3922 = ( GEOMETRIC_REPRESENTATION_CONTEXT(2) 
PARAMETRIC_REPRESENTATION_CONTEXT() REPRESENTATION_CONTEXT('2D SPACE',''
  ) );
#3923 = PCURVE('',#1888,#3924);
#3924 = DEFINITIONAL_REPRESENTATION('',(#3925),#3929);
#3925 = ( BOUNDED_CURVE() B_SPLINE_CURVE(2,(#3926,#3927,#3928),
.UNSPECIFIED.,.F.,.F.) B_SPLINE_CURVE_WITH_KNOTS((3,3),(-2.4608390603,
-2.37836936639),.PIECEWISE_BEZIER_KNOTS.) CURVE() 
GEOMETRIC_REPRESENTATION_ITEM() RATIONAL_B_SPLINE_CURVE((1.,
1.000850276769,1.)) REPRESENTATION_ITEM('') );
#3926 = CARTESIAN_POINT('',(4.386363636364,1.285363295957));
#3927 = CARTESIAN_POINT('',(4.250210309793,1.52851109952));
#3928 = CARTESIAN_POINT('',(4.125,1.752701616704));
#3929 = ( GEOMETRIC_REPRESENTATION_CONTEXT(2) 
PARAMETRIC_REPRESENTATION_CONTEXT() REPRESENTATION_CONTEXT('2D SPACE',''
  ) );
#3930 = ADVANCED_FACE('',(#3931),#1291,.T.);
#3931 = FACE_BOUND('',#3932,.T.);
#3932 = EDGE_LOOP('',(#3933,#3934,#3935,#3959));
#3933 = ORIENTED_EDGE('',*,*,#3828,.F.);
#3934 = ORIENTED_EDGE('',*,*,#1274,.T.);
#3935 = ORIENTED_EDGE('',*,*,#3936,.T.);
#3936 = EDGE_CURVE('',#1249,#3937,#3939,.T.);
#3937 = VERTEX_POINT('',#3938);
#3938 = CARTESIAN_POINT('',(-5.814636704043,1.,23.463636363636));
#3939 = SURFACE_CURVE('',#3940,(#3945,#3952),.PCURVE_S1.);
#3940 = CIRCLE('',#3941,5.9);
#3941 = AXIS2_PLACEMENT_3D('',#3942,#3943,#3944);
#3942 = CARTESIAN_POINT('',(0.,0.,23.463636363636));
#3943 = DIRECTION('',(0.,0.,1.));
#3944 = DIRECTION('',(-0.985531644753,-0.169491525424,0.));
#3945 = PCURVE('',#1291,#3946);
#3946 = DEFINITIONAL_REPRESENTATION('',(#3947),#3951);
#3947 = LINE('',#3948,#3949);
#3948 = CARTESIAN_POINT('',(-3.311906360434,-0.113636363636));
#3949 = VECTOR('',#3950,1.);
#3950 = DIRECTION('',(-1.,-0.));
#3951 = ( GEOMETRIC_REPRESENTATION_CONTEXT(2) 
PARAMETRIC_REPRESENTATION_CONTEXT() REPRESENTATION_CONTEXT('2D SPACE',''
  ) );
#3952 = PCURVE('',#1263,#3953);
#3953 = DEFINITIONAL_REPRESENTATION('',(#3954),#3958);
#3954 = LINE('',#3955,#3956);
#3955 = CARTESIAN_POINT('',(3.311906360434,9.863636363636));
#3956 = VECTOR('',#3957,1.);
#3957 = DIRECTION('',(1.,0.));
#3958 = ( GEOMETRIC_REPRESENTATION_CONTEXT(2) 
PARAMETRIC_REPRESENTATION_CONTEXT() REPRESENTATION_CONTEXT('2D SPACE',''
  ) );
#3959 = ORIENTED_EDGE('',*,*,#3960,.F.);
#3960 = EDGE_CURVE('',#3829,#3937,#3961,.T.);
#3961 = SURFACE_CURVE('',#3962,(#3967,#3977),.PCURVE_S1.);
#3962 = HYPERBOLA('',#3963,0.568181818182,1.);
#3963 = AXIS2_PLACEMENT_3D('',#3964,#3965,#3966);
#3964 = CARTESIAN_POINT('',(0.,1.,26.815909090909));
#3965 = DIRECTION('',(0.,1.,0.));
#3966 = DIRECTION('',(-0.,0.,-1.));
#3967 = PCURVE('',#1291,#3968);
#3968 = DEFINITIONAL_REPRESENTATION('',(#3969),#3976);
#3969 = B_SPLINE_CURVE_WITH_KNOTS('',5,(#3970,#3971,#3972,#3973,#3974,
    #3975),.UNSPECIFIED.,.F.,.F.,(6,6),(2.37836936639,2.4608390603),
  .PIECEWISE_BEZIER_KNOTS.);
#3970 = CARTESIAN_POINT('',(-9.239903098769,-0.375));
#3971 = CARTESIAN_POINT('',(-9.24293507281,-0.324887493077));
#3972 = CARTESIAN_POINT('',(-9.245905600599,-0.273723883849));
#3973 = CARTESIAN_POINT('',(-9.248816284443,-0.221480769804));
#3974 = CARTESIAN_POINT('',(-9.251668671081,-0.168128557862));
#3975 = CARTESIAN_POINT('',(-9.254464253926,-0.113636363636));
#3976 = ( GEOMETRIC_REPRESENTATION_CONTEXT(2) 
PARAMETRIC_REPRESENTATION_CONTEXT() REPRESENTATION_CONTEXT('2D SPACE',''
  ) );
#3977 = PCURVE('',#1888,#3978);
#3978 = DEFINITIONAL_REPRESENTATION('',(#3979),#3983);
#3979 = ( BOUNDED_CURVE() B_SPLINE_CURVE(2,(#3980,#3981,#3982),
.UNSPECIFIED.,.F.,.F.) B_SPLINE_CURVE_WITH_KNOTS((3,3),(2.37836936639,
2.4608390603),.PIECEWISE_BEZIER_KNOTS.) CURVE() 
GEOMETRIC_REPRESENTATION_ITEM() RATIONAL_B_SPLINE_CURVE((1.,
1.000850276769,1.)) REPRESENTATION_ITEM('') );
#3980 = CARTESIAN_POINT('',(10.125,1.752701616704));
#3981 = CARTESIAN_POINT('',(9.999789690207,1.52851109952));
#3982 = CARTESIAN_POINT('',(9.863636363636,1.285363295957));
#3983 = ( GEOMETRIC_REPRESENTATION_CONTEXT(2) 
PARAMETRIC_REPRESENTATION_CONTEXT() REPRESENTATION_CONTEXT('2D SPACE',''
  ) );
#3984 = ADVANCED_FACE('',(#3985),#633,.T.);
#3985 = FACE_BOUND('',#3986,.T.);
#3986 = EDGE_LOOP('',(#3987,#4011,#4012,#4013));
#3987 = ORIENTED_EDGE('',*,*,#3988,.F.);
#3988 = EDGE_CURVE('',#619,#3989,#3991,.T.);
#3989 = VERTEX_POINT('',#3990);
#3990 = CARTESIAN_POINT('',(-5.814636704043,1.,18.213636363636));
#3991 = SURFACE_CURVE('',#3992,(#3997,#4004),.PCURVE_S1.);
#3992 = CIRCLE('',#3993,5.9);
#3993 = AXIS2_PLACEMENT_3D('',#3994,#3995,#3996);
#3994 = CARTESIAN_POINT('',(0.,0.,18.213636363636));
#3995 = DIRECTION('',(0.,0.,1.));
#3996 = DIRECTION('',(-0.985531644753,-0.169491525424,0.));
#3997 = PCURVE('',#633,#3998);
#3998 = DEFINITIONAL_REPRESENTATION('',(#3999),#4003);
#3999 = LINE('',#4000,#4001);
#4000 = CARTESIAN_POINT('',(3.311906360434,4.613636363636));
#4001 = VECTOR('',#4002,1.);
#4002 = DIRECTION('',(1.,0.));
#4003 = ( GEOMETRIC_REPRESENTATION_CONTEXT(2) 
PARAMETRIC_REPRESENTATION_CONTEXT() REPRESENTATION_CONTEXT('2D SPACE',''
  ) );
#4004 = PCURVE('',#661,#4005);
#4005 = DEFINITIONAL_REPRESENTATION('',(#4006),#4010);
#4006 = LINE('',#4007,#4008);
#4007 = CARTESIAN_POINT('',(-3.311906360434,-0.113636363636));
#4008 = VECTOR('',#4009,1.);
#4009 = DIRECTION('',(-1.,-0.));
#4010 = ( GEOMETRIC_REPRESENTATION_CONTEXT(2) 
PARAMETRIC_REPRESENTATION_CONTEXT() REPRESENTATION_CONTEXT('2D SPACE',''
  ) );
#4011 = ORIENTED_EDGE('',*,*,#618,.F.);
#4012 = ORIENTED_EDGE('',*,*,#3880,.T.);
#4013 = ORIENTED_EDGE('',*,*,#4014,.T.);
#4014 = EDGE_CURVE('',#3881,#3989,#4015,.T.);
#4015 = SURFACE_CURVE('',#4016,(#4020,#4026),.PCURVE_S1.);
#4016 = LINE('',#4017,#4018);
#4017 = CARTESIAN_POINT('',(-5.814636704043,1.,13.6));
#4018 = VECTOR('',#4019,1.);
#4019 = DIRECTION('',(0.,0.,1.));
#4020 = PCURVE('',#633,#4021);
#4021 = DEFINITIONAL_REPRESENTATION('',(#4022),#4025);
#4022 = B_SPLINE_CURVE_WITH_KNOTS('',1,(#4023,#4024),.UNSPECIFIED.,.F.,
  .F.,(2,2),(4.386363636364,4.613636363636),.PIECEWISE_BEZIER_KNOTS.);
#4023 = CARTESIAN_POINT('',(9.254464253926,4.386363636364));
#4024 = CARTESIAN_POINT('',(9.254464253926,4.613636363636));
#4025 = ( GEOMETRIC_REPRESENTATION_CONTEXT(2) 
PARAMETRIC_REPRESENTATION_CONTEXT() REPRESENTATION_CONTEXT('2D SPACE',''
  ) );
#4026 = PCURVE('',#1888,#4027);
#4027 = DEFINITIONAL_REPRESENTATION('',(#4028),#4031);
#4028 = B_SPLINE_CURVE_WITH_KNOTS('',1,(#4029,#4030),.UNSPECIFIED.,.F.,
  .F.,(2,2),(4.386363036364,4.613636963636),.PIECEWISE_BEZIER_KNOTS.);
#4029 = CARTESIAN_POINT('',(4.386363036364,1.285363295957));
#4030 = CARTESIAN_POINT('',(4.613636963636,1.285363295957));
#4031 = ( GEOMETRIC_REPRESENTATION_CONTEXT(2) 
PARAMETRIC_REPRESENTATION_CONTEXT() REPRESENTATION_CONTEXT('2D SPACE',''
  ) );
#4032 = ADVANCED_FACE('',(#4033),#1263,.T.);
#4033 = FACE_BOUND('',#4034,.T.);
#4034 = EDGE_LOOP('',(#4035,#4036,#4037,#4061));
#4035 = ORIENTED_EDGE('',*,*,#3936,.F.);
#4036 = ORIENTED_EDGE('',*,*,#1248,.F.);
#4037 = ORIENTED_EDGE('',*,*,#4038,.T.);
#4038 = EDGE_CURVE('',#1217,#4039,#4041,.T.);
#4039 = VERTEX_POINT('',#4040);
#4040 = CARTESIAN_POINT('',(-5.814636704043,1.,23.236363636364));
#4041 = SURFACE_CURVE('',#4042,(#4047,#4054),.PCURVE_S1.);
#4042 = CIRCLE('',#4043,5.9);
#4043 = AXIS2_PLACEMENT_3D('',#4044,#4045,#4046);
#4044 = CARTESIAN_POINT('',(0.,0.,23.236363636364));
#4045 = DIRECTION('',(0.,0.,1.));
#4046 = DIRECTION('',(-0.985531644753,-0.169491525424,0.));
#4047 = PCURVE('',#1263,#4048);
#4048 = DEFINITIONAL_REPRESENTATION('',(#4049),#4053);
#4049 = LINE('',#4050,#4051);
#4050 = CARTESIAN_POINT('',(3.311906360434,9.636363636364));
#4051 = VECTOR('',#4052,1.);
#4052 = DIRECTION('',(1.,0.));
#4053 = ( GEOMETRIC_REPRESENTATION_CONTEXT(2) 
PARAMETRIC_REPRESENTATION_CONTEXT() REPRESENTATION_CONTEXT('2D SPACE',''
  ) );
#4054 = PCURVE('',#1233,#4055);
#4055 = DEFINITIONAL_REPRESENTATION('',(#4056),#4060);
#4056 = LINE('',#4057,#4058);
#4057 = CARTESIAN_POINT('',(3.311906360434,0.261363636364));
#4058 = VECTOR('',#4059,1.);
#4059 = DIRECTION('',(1.,0.));
#4060 = ( GEOMETRIC_REPRESENTATION_CONTEXT(2) 
PARAMETRIC_REPRESENTATION_CONTEXT() REPRESENTATION_CONTEXT('2D SPACE',''
  ) );
#4061 = ORIENTED_EDGE('',*,*,#4062,.T.);
#4062 = EDGE_CURVE('',#4039,#3937,#4063,.T.);
#4063 = SURFACE_CURVE('',#4064,(#4068,#4074),.PCURVE_S1.);
#4064 = LINE('',#4065,#4066);
#4065 = CARTESIAN_POINT('',(-5.814636704043,1.,13.6));
#4066 = VECTOR('',#4067,1.);
#4067 = DIRECTION('',(0.,0.,1.));
#4068 = PCURVE('',#1263,#4069);
#4069 = DEFINITIONAL_REPRESENTATION('',(#4070),#4073);
#4070 = B_SPLINE_CURVE_WITH_KNOTS('',1,(#4071,#4072),.UNSPECIFIED.,.F.,
  .F.,(2,2),(9.636363636364,9.863636363636),.PIECEWISE_BEZIER_KNOTS.);
#4071 = CARTESIAN_POINT('',(9.254464253926,9.636363636364));
#4072 = CARTESIAN_POINT('',(9.254464253926,9.863636363636));
#4073 = ( GEOMETRIC_REPRESENTATION_CONTEXT(2) 
PARAMETRIC_REPRESENTATION_CONTEXT() REPRESENTATION_CONTEXT('2D SPACE',''
  ) );
#4074 = PCURVE('',#1888,#4075);
#4075 = DEFINITIONAL_REPRESENTATION('',(#4076),#4079);
#4076 = B_SPLINE_CURVE_WITH_KNOTS('',1,(#4077,#4078),.UNSPECIFIED.,.F.,
  .F.,(2,2),(9.636363036364,9.863636963636),.PIECEWISE_BEZIER_KNOTS.);
#4077 = CARTESIAN_POINT('',(9.636363036364,1.285363295957));
#4078 = CARTESIAN_POINT('',(9.863636963636,1.285363295957));
#4079 = ( GEOMETRIC_REPRESENTATION_CONTEXT(2) 
PARAMETRIC_REPRESENTATION_CONTEXT() REPRESENTATION_CONTEXT('2D SPACE',''
  ) );
#4080 = ADVANCED_FACE('',(#4081),#661,.T.);
#4081 = FACE_BOUND('',#4082,.T.);
#4082 = EDGE_LOOP('',(#4083,#4107,#4108,#4109));
#4083 = ORIENTED_EDGE('',*,*,#4084,.F.);
#4084 = EDGE_CURVE('',#645,#4085,#4087,.T.);
#4085 = VERTEX_POINT('',#4086);
#4086 = CARTESIAN_POINT('',(-5.347298383296,1.,18.475));
#4087 = SURFACE_CURVE('',#4088,(#4093,#4100),.PCURVE_S1.);
#4088 = CIRCLE('',#4089,5.44);
#4089 = AXIS2_PLACEMENT_3D('',#4090,#4091,#4092);
#4090 = CARTESIAN_POINT('',(0.,0.,18.475));
#4091 = DIRECTION('',(0.,0.,1.));
#4092 = DIRECTION('',(-0.982959261635,-0.183823529412,0.));
#4093 = PCURVE('',#661,#4094);
#4094 = DEFINITIONAL_REPRESENTATION('',(#4095),#4099);
#4095 = LINE('',#4096,#4097);
#4096 = CARTESIAN_POINT('',(-3.32646751559,-0.375));
#4097 = VECTOR('',#4098,1.);
#4098 = DIRECTION('',(-1.,-0.));
#4099 = ( GEOMETRIC_REPRESENTATION_CONTEXT(2) 
PARAMETRIC_REPRESENTATION_CONTEXT() REPRESENTATION_CONTEXT('2D SPACE',''
  ) );
#4100 = PCURVE('',#693,#4101);
#4101 = DEFINITIONAL_REPRESENTATION('',(#4102),#4106);
#4102 = LINE('',#4103,#4104);
#4103 = CARTESIAN_POINT('',(3.32646751559,0.));
#4104 = VECTOR('',#4105,1.);
#4105 = DIRECTION('',(1.,0.));
#4106 = ( GEOMETRIC_REPRESENTATION_CONTEXT(2) 
PARAMETRIC_REPRESENTATION_CONTEXT() REPRESENTATION_CONTEXT('2D SPACE',''
  ) );
#4107 = ORIENTED_EDGE('',*,*,#644,.T.);
#4108 = ORIENTED_EDGE('',*,*,#3988,.T.);
#4109 = ORIENTED_EDGE('',*,*,#4110,.F.);
#4110 = EDGE_CURVE('',#4085,#3989,#4111,.T.);
#4111 = SURFACE_CURVE('',#4112,(#4117,#4127),.PCURVE_S1.);
#4112 = HYPERBOLA('',#4113,0.568181818182,1.);
#4113 = AXIS2_PLACEMENT_3D('',#4114,#4115,#4116);
#4114 = CARTESIAN_POINT('',(0.,1.,21.565909090909));
#4115 = DIRECTION('',(0.,1.,0.));
#4116 = DIRECTION('',(-0.,0.,-1.));
#4117 = PCURVE('',#661,#4118);
#4118 = DEFINITIONAL_REPRESENTATION('',(#4119),#4126);
#4119 = B_SPLINE_CURVE_WITH_KNOTS('',5,(#4120,#4121,#4122,#4123,#4124,
    #4125),.UNSPECIFIED.,.F.,.F.,(6,6),(2.37836936639,2.4608390603),
  .PIECEWISE_BEZIER_KNOTS.);
#4120 = CARTESIAN_POINT('',(-9.239903098769,-0.375));
#4121 = CARTESIAN_POINT('',(-9.24293507281,-0.324887493077));
#4122 = CARTESIAN_POINT('',(-9.245905600599,-0.273723883849));
#4123 = CARTESIAN_POINT('',(-9.248816284443,-0.221480769804));
#4124 = CARTESIAN_POINT('',(-9.251668671081,-0.168128557862));
#4125 = CARTESIAN_POINT('',(-9.254464253926,-0.113636363636));
#4126 = ( GEOMETRIC_REPRESENTATION_CONTEXT(2) 
PARAMETRIC_REPRESENTATION_CONTEXT() REPRESENTATION_CONTEXT('2D SPACE',''
  ) );
#4127 = PCURVE('',#1888,#4128);
#4128 = DEFINITIONAL_REPRESENTATION('',(#4129),#4133);
#4129 = ( BOUNDED_CURVE() B_SPLINE_CURVE(2,(#4130,#4131,#4132),
.UNSPECIFIED.,.F.,.F.) B_SPLINE_CURVE_WITH_KNOTS((3,3),(2.37836936639,
2.4608390603),.PIECEWISE_BEZIER_KNOTS.) CURVE() 
GEOMETRIC_REPRESENTATION_ITEM() RATIONAL_B_SPLINE_CURVE((1.,
1.000850276769,1.)) REPRESENTATION_ITEM('') );
#4130 = CARTESIAN_POINT('',(4.875,1.752701616704));
#4131 = CARTESIAN_POINT('',(4.749789690207,1.52851109952));
#4132 = CARTESIAN_POINT('',(4.613636363636,1.285363295957));
#4133 = ( GEOMETRIC_REPRESENTATION_CONTEXT(2) 
PARAMETRIC_REPRESENTATION_CONTEXT() REPRESENTATION_CONTEXT('2D SPACE',''
  ) );
#4134 = ADVANCED_FACE('',(#4135),#1233,.T.);
#4135 = FACE_BOUND('',#4136,.T.);
#4136 = EDGE_LOOP('',(#4137,#4138,#4139,#4163));
#4137 = ORIENTED_EDGE('',*,*,#4038,.F.);
#4138 = ORIENTED_EDGE('',*,*,#1216,.T.);
#4139 = ORIENTED_EDGE('',*,*,#4140,.T.);
#4140 = EDGE_CURVE('',#1185,#4141,#4143,.T.);
#4141 = VERTEX_POINT('',#4142);
#4142 = CARTESIAN_POINT('',(-5.347298383296,1.,22.975));
#4143 = SURFACE_CURVE('',#4144,(#4149,#4156),.PCURVE_S1.);
#4144 = CIRCLE('',#4145,5.44);
#4145 = AXIS2_PLACEMENT_3D('',#4146,#4147,#4148);
#4146 = CARTESIAN_POINT('',(0.,0.,22.975));
#4147 = DIRECTION('',(0.,0.,1.));
#4148 = DIRECTION('',(-0.982959261635,-0.183823529412,0.));
#4149 = PCURVE('',#1233,#4150);
#4150 = DEFINITIONAL_REPRESENTATION('',(#4151),#4155);
#4151 = LINE('',#4152,#4153);
#4152 = CARTESIAN_POINT('',(3.32646751559,0.));
#4153 = VECTOR('',#4154,1.);
#4154 = DIRECTION('',(1.,0.));
#4155 = ( GEOMETRIC_REPRESENTATION_CONTEXT(2) 
PARAMETRIC_REPRESENTATION_CONTEXT() REPRESENTATION_CONTEXT('2D SPACE',''
  ) );
#4156 = PCURVE('',#1201,#4157);
#4157 = DEFINITIONAL_REPRESENTATION('',(#4158),#4162);
#4158 = LINE('',#4159,#4160);
#4159 = CARTESIAN_POINT('',(-3.32646751559,-0.375));
#4160 = VECTOR('',#4161,1.);
#4161 = DIRECTION('',(-1.,-0.));
#4162 = ( GEOMETRIC_REPRESENTATION_CONTEXT(2) 
PARAMETRIC_REPRESENTATION_CONTEXT() REPRESENTATION_CONTEXT('2D SPACE',''
  ) );
#4163 = ORIENTED_EDGE('',*,*,#4164,.F.);
#4164 = EDGE_CURVE('',#4039,#4141,#4165,.T.);
#4165 = SURFACE_CURVE('',#4166,(#4171,#4181),.PCURVE_S1.);
#4166 = HYPERBOLA('',#4167,0.568181818182,1.);
#4167 = AXIS2_PLACEMENT_3D('',#4168,#4169,#4170);
#4168 = CARTESIAN_POINT('',(0.,1.,19.884090909091));
#4169 = DIRECTION('',(-0.,1.,0.));
#4170 = DIRECTION('',(0.,0.,1.));
#4171 = PCURVE('',#1233,#4172);
#4172 = DEFINITIONAL_REPRESENTATION('',(#4173),#4180);
#4173 = B_SPLINE_CURVE_WITH_KNOTS('',5,(#4174,#4175,#4176,#4177,#4178,
    #4179),.UNSPECIFIED.,.F.,.F.,(6,6),(-2.4608390603,-2.37836936639),
  .PIECEWISE_BEZIER_KNOTS.);
#4174 = CARTESIAN_POINT('',(9.254464253926,0.261363636364));
#4175 = CARTESIAN_POINT('',(9.251668671081,0.206871442138));
#4176 = CARTESIAN_POINT('',(9.248816284443,0.153519230196));
#4177 = CARTESIAN_POINT('',(9.245905600599,0.101276116151));
#4178 = CARTESIAN_POINT('',(9.24293507281,5.011250692257E-02));
#4179 = CARTESIAN_POINT('',(9.239903098769,-3.81490145127E-16));
#4180 = ( GEOMETRIC_REPRESENTATION_CONTEXT(2) 
PARAMETRIC_REPRESENTATION_CONTEXT() REPRESENTATION_CONTEXT('2D SPACE',''
  ) );
#4181 = PCURVE('',#1888,#4182);
#4182 = DEFINITIONAL_REPRESENTATION('',(#4183),#4187);
#4183 = ( BOUNDED_CURVE() B_SPLINE_CURVE(2,(#4184,#4185,#4186),
.UNSPECIFIED.,.F.,.F.) B_SPLINE_CURVE_WITH_KNOTS((3,3),(-2.4608390603,
-2.37836936639),.PIECEWISE_BEZIER_KNOTS.) CURVE() 
GEOMETRIC_REPRESENTATION_ITEM() RATIONAL_B_SPLINE_CURVE((1.,
1.000850276769,1.)) REPRESENTATION_ITEM('') );
#4184 = CARTESIAN_POINT('',(9.636363636364,1.285363295957));
#4185 = CARTESIAN_POINT('',(9.500210309793,1.52851109952));
#4186 = CARTESIAN_POINT('',(9.375,1.752701616704));
#4187 = ( GEOMETRIC_REPRESENTATION_CONTEXT(2) 
PARAMETRIC_REPRESENTATION_CONTEXT() REPRESENTATION_CONTEXT('2D SPACE',''
  ) );
#4188 = ADVANCED_FACE('',(#4189),#693,.T.);
#4189 = FACE_BOUND('',#4190,.T.);
#4190 = EDGE_LOOP('',(#4191,#4215,#4216,#4217));
#4191 = ORIENTED_EDGE('',*,*,#4192,.F.);
#4192 = EDGE_CURVE('',#677,#4193,#4195,.T.);
#4193 = VERTEX_POINT('',#4194);
#4194 = CARTESIAN_POINT('',(-5.814636704043,1.,18.736363636364));
#4195 = SURFACE_CURVE('',#4196,(#4201,#4208),.PCURVE_S1.);
#4196 = CIRCLE('',#4197,5.9);
#4197 = AXIS2_PLACEMENT_3D('',#4198,#4199,#4200);
#4198 = CARTESIAN_POINT('',(0.,0.,18.736363636364));
#4199 = DIRECTION('',(0.,0.,1.));
#4200 = DIRECTION('',(-0.985531644753,-0.169491525424,0.));
#4201 = PCURVE('',#693,#4202);
#4202 = DEFINITIONAL_REPRESENTATION('',(#4203),#4207);
#4203 = LINE('',#4204,#4205);
#4204 = CARTESIAN_POINT('',(3.311906360434,0.261363636364));
#4205 = VECTOR('',#4206,1.);
#4206 = DIRECTION('',(1.,0.));
#4207 = ( GEOMETRIC_REPRESENTATION_CONTEXT(2) 
PARAMETRIC_REPRESENTATION_CONTEXT() REPRESENTATION_CONTEXT('2D SPACE',''
  ) );
#4208 = PCURVE('',#723,#4209);
#4209 = DEFINITIONAL_REPRESENTATION('',(#4210),#4214);
#4210 = LINE('',#4211,#4212);
#4211 = CARTESIAN_POINT('',(3.311906360434,5.136363636364));
#4212 = VECTOR('',#4213,1.);
#4213 = DIRECTION('',(1.,0.));
#4214 = ( GEOMETRIC_REPRESENTATION_CONTEXT(2) 
PARAMETRIC_REPRESENTATION_CONTEXT() REPRESENTATION_CONTEXT('2D SPACE',''
  ) );
#4215 = ORIENTED_EDGE('',*,*,#676,.T.);
#4216 = ORIENTED_EDGE('',*,*,#4084,.T.);
#4217 = ORIENTED_EDGE('',*,*,#4218,.F.);
#4218 = EDGE_CURVE('',#4193,#4085,#4219,.T.);
#4219 = SURFACE_CURVE('',#4220,(#4225,#4235),.PCURVE_S1.);
#4220 = HYPERBOLA('',#4221,0.568181818182,1.);
#4221 = AXIS2_PLACEMENT_3D('',#4222,#4223,#4224);
#4222 = CARTESIAN_POINT('',(0.,1.,15.384090909091));
#4223 = DIRECTION('',(-0.,1.,0.));
#4224 = DIRECTION('',(0.,0.,1.));
#4225 = PCURVE('',#693,#4226);
#4226 = DEFINITIONAL_REPRESENTATION('',(#4227),#4234);
#4227 = B_SPLINE_CURVE_WITH_KNOTS('',5,(#4228,#4229,#4230,#4231,#4232,
    #4233),.UNSPECIFIED.,.F.,.F.,(6,6),(-2.4608390603,-2.37836936639),
  .PIECEWISE_BEZIER_KNOTS.);
#4228 = CARTESIAN_POINT('',(9.254464253926,0.261363636364));
#4229 = CARTESIAN_POINT('',(9.251668671081,0.206871442138));
#4230 = CARTESIAN_POINT('',(9.248816284443,0.153519230196));
#4231 = CARTESIAN_POINT('',(9.245905600599,0.101276116151));
#4232 = CARTESIAN_POINT('',(9.24293507281,5.011250692257E-02));
#4233 = CARTESIAN_POINT('',(9.239903098769,-3.81490145127E-16));
#4234 = ( GEOMETRIC_REPRESENTATION_CONTEXT(2) 
PARAMETRIC_REPRESENTATION_CONTEXT() REPRESENTATION_CONTEXT('2D SPACE',''
  ) );
#4235 = PCURVE('',#1888,#4236);
#4236 = DEFINITIONAL_REPRESENTATION('',(#4237),#4241);
#4237 = ( BOUNDED_CURVE() B_SPLINE_CURVE(2,(#4238,#4239,#4240),
.UNSPECIFIED.,.F.,.F.) B_SPLINE_CURVE_WITH_KNOTS((3,3),(-2.4608390603,
-2.37836936639),.PIECEWISE_BEZIER_KNOTS.) CURVE() 
GEOMETRIC_REPRESENTATION_ITEM() RATIONAL_B_SPLINE_CURVE((1.,
1.000850276769,1.)) REPRESENTATION_ITEM('') );
#4238 = CARTESIAN_POINT('',(5.136363636364,1.285363295957));
#4239 = CARTESIAN_POINT('',(5.000210309793,1.52851109952));
#4240 = CARTESIAN_POINT('',(4.875,1.752701616704));
#4241 = ( GEOMETRIC_REPRESENTATION_CONTEXT(2) 
PARAMETRIC_REPRESENTATION_CONTEXT() REPRESENTATION_CONTEXT('2D SPACE',''
  ) );
#4242 = ADVANCED_FACE('',(#4243),#1201,.T.);
#4243 = FACE_BOUND('',#4244,.T.);
#4244 = EDGE_LOOP('',(#4245,#4246,#4247,#4271));
#4245 = ORIENTED_EDGE('',*,*,#4140,.F.);
#4246 = ORIENTED_EDGE('',*,*,#1184,.T.);
#4247 = ORIENTED_EDGE('',*,*,#4248,.T.);
#4248 = EDGE_CURVE('',#1159,#4249,#4251,.T.);
#4249 = VERTEX_POINT('',#4250);
#4250 = CARTESIAN_POINT('',(-5.814636704043,1.,22.713636363636));
#4251 = SURFACE_CURVE('',#4252,(#4257,#4264),.PCURVE_S1.);
#4252 = CIRCLE('',#4253,5.9);
#4253 = AXIS2_PLACEMENT_3D('',#4254,#4255,#4256);
#4254 = CARTESIAN_POINT('',(0.,0.,22.713636363636));
#4255 = DIRECTION('',(0.,0.,1.));
#4256 = DIRECTION('',(-0.985531644753,-0.169491525424,0.));
#4257 = PCURVE('',#1201,#4258);
#4258 = DEFINITIONAL_REPRESENTATION('',(#4259),#4263);
#4259 = LINE('',#4260,#4261);
#4260 = CARTESIAN_POINT('',(-3.311906360434,-0.113636363636));
#4261 = VECTOR('',#4262,1.);
#4262 = DIRECTION('',(-1.,-0.));
#4263 = ( GEOMETRIC_REPRESENTATION_CONTEXT(2) 
PARAMETRIC_REPRESENTATION_CONTEXT() REPRESENTATION_CONTEXT('2D SPACE',''
  ) );
#4264 = PCURVE('',#1173,#4265);
#4265 = DEFINITIONAL_REPRESENTATION('',(#4266),#4270);
#4266 = LINE('',#4267,#4268);
#4267 = CARTESIAN_POINT('',(3.311906360434,9.113636363636));
#4268 = VECTOR('',#4269,1.);
#4269 = DIRECTION('',(1.,0.));
#4270 = ( GEOMETRIC_REPRESENTATION_CONTEXT(2) 
PARAMETRIC_REPRESENTATION_CONTEXT() REPRESENTATION_CONTEXT('2D SPACE',''
  ) );
#4271 = ORIENTED_EDGE('',*,*,#4272,.F.);
#4272 = EDGE_CURVE('',#4141,#4249,#4273,.T.);
#4273 = SURFACE_CURVE('',#4274,(#4279,#4289),.PCURVE_S1.);
#4274 = HYPERBOLA('',#4275,0.568181818182,1.);
#4275 = AXIS2_PLACEMENT_3D('',#4276,#4277,#4278);
#4276 = CARTESIAN_POINT('',(0.,1.,26.065909090909));
#4277 = DIRECTION('',(0.,1.,0.));
#4278 = DIRECTION('',(-0.,0.,-1.));
#4279 = PCURVE('',#1201,#4280);
#4280 = DEFINITIONAL_REPRESENTATION('',(#4281),#4288);
#4281 = B_SPLINE_CURVE_WITH_KNOTS('',5,(#4282,#4283,#4284,#4285,#4286,
    #4287),.UNSPECIFIED.,.F.,.F.,(6,6),(2.37836936639,2.4608390603),
  .PIECEWISE_BEZIER_KNOTS.);
#4282 = CARTESIAN_POINT('',(-9.239903098769,-0.375));
#4283 = CARTESIAN_POINT('',(-9.24293507281,-0.324887493077));
#4284 = CARTESIAN_POINT('',(-9.245905600599,-0.273723883849));
#4285 = CARTESIAN_POINT('',(-9.248816284443,-0.221480769804));
#4286 = CARTESIAN_POINT('',(-9.251668671081,-0.168128557862));
#4287 = CARTESIAN_POINT('',(-9.254464253926,-0.113636363636));
#4288 = ( GEOMETRIC_REPRESENTATION_CONTEXT(2) 
PARAMETRIC_REPRESENTATION_CONTEXT() REPRESENTATION_CONTEXT('2D SPACE',''
  ) );
#4289 = PCURVE('',#1888,#4290);
#4290 = DEFINITIONAL_REPRESENTATION('',(#4291),#4295);
#4291 = ( BOUNDED_CURVE() B_SPLINE_CURVE(2,(#4292,#4293,#4294),
.UNSPECIFIED.,.F.,.F.) B_SPLINE_CURVE_WITH_KNOTS((3,3),(2.37836936639,
2.4608390603),.PIECEWISE_BEZIER_KNOTS.) CURVE() 
GEOMETRIC_REPRESENTATION_ITEM() RATIONAL_B_SPLINE_CURVE((1.,
1.000850276769,1.)) REPRESENTATION_ITEM('') );
#4292 = CARTESIAN_POINT('',(9.375,1.752701616704));
#4293 = CARTESIAN_POINT('',(9.249789690207,1.52851109952));
#4294 = CARTESIAN_POINT('',(9.113636363636,1.285363295957));
#4295 = ( GEOMETRIC_REPRESENTATION_CONTEXT(2) 
PARAMETRIC_REPRESENTATION_CONTEXT() REPRESENTATION_CONTEXT('2D SPACE',''
  ) );
#4296 = ADVANCED_FACE('',(#4297),#723,.T.);
#4297 = FACE_BOUND('',#4298,.T.);
#4298 = EDGE_LOOP('',(#4299,#4323,#4324,#4325));
#4299 = ORIENTED_EDGE('',*,*,#4300,.F.);
#4300 = EDGE_CURVE('',#709,#4301,#4303,.T.);
#4301 = VERTEX_POINT('',#4302);
#4302 = CARTESIAN_POINT('',(-5.814636704043,1.,18.963636363636));
#4303 = SURFACE_CURVE('',#4304,(#4309,#4316),.PCURVE_S1.);
#4304 = CIRCLE('',#4305,5.9);
#4305 = AXIS2_PLACEMENT_3D('',#4306,#4307,#4308);
#4306 = CARTESIAN_POINT('',(0.,0.,18.963636363636));
#4307 = DIRECTION('',(0.,0.,1.));
#4308 = DIRECTION('',(-0.985531644753,-0.169491525424,0.));
#4309 = PCURVE('',#723,#4310);
#4310 = DEFINITIONAL_REPRESENTATION('',(#4311),#4315);
#4311 = LINE('',#4312,#4313);
#4312 = CARTESIAN_POINT('',(3.311906360434,5.363636363636));
#4313 = VECTOR('',#4314,1.);
#4314 = DIRECTION('',(1.,0.));
#4315 = ( GEOMETRIC_REPRESENTATION_CONTEXT(2) 
PARAMETRIC_REPRESENTATION_CONTEXT() REPRESENTATION_CONTEXT('2D SPACE',''
  ) );
#4316 = PCURVE('',#751,#4317);
#4317 = DEFINITIONAL_REPRESENTATION('',(#4318),#4322);
#4318 = LINE('',#4319,#4320);
#4319 = CARTESIAN_POINT('',(-3.311906360434,-0.113636363636));
#4320 = VECTOR('',#4321,1.);
#4321 = DIRECTION('',(-1.,-0.));
#4322 = ( GEOMETRIC_REPRESENTATION_CONTEXT(2) 
PARAMETRIC_REPRESENTATION_CONTEXT() REPRESENTATION_CONTEXT('2D SPACE',''
  ) );
#4323 = ORIENTED_EDGE('',*,*,#708,.F.);
#4324 = ORIENTED_EDGE('',*,*,#4192,.T.);
#4325 = ORIENTED_EDGE('',*,*,#4326,.T.);
#4326 = EDGE_CURVE('',#4193,#4301,#4327,.T.);
#4327 = SURFACE_CURVE('',#4328,(#4332,#4338),.PCURVE_S1.);
#4328 = LINE('',#4329,#4330);
#4329 = CARTESIAN_POINT('',(-5.814636704043,1.,13.6));
#4330 = VECTOR('',#4331,1.);
#4331 = DIRECTION('',(0.,0.,1.));
#4332 = PCURVE('',#723,#4333);
#4333 = DEFINITIONAL_REPRESENTATION('',(#4334),#4337);
#4334 = B_SPLINE_CURVE_WITH_KNOTS('',1,(#4335,#4336),.UNSPECIFIED.,.F.,
  .F.,(2,2),(5.136363636364,5.363636363636),.PIECEWISE_BEZIER_KNOTS.);
#4335 = CARTESIAN_POINT('',(9.254464253926,5.136363636364));
#4336 = CARTESIAN_POINT('',(9.254464253926,5.363636363636));
#4337 = ( GEOMETRIC_REPRESENTATION_CONTEXT(2) 
PARAMETRIC_REPRESENTATION_CONTEXT() REPRESENTATION_CONTEXT('2D SPACE',''
  ) );
#4338 = PCURVE('',#1888,#4339);
#4339 = DEFINITIONAL_REPRESENTATION('',(#4340),#4343);
#4340 = B_SPLINE_CURVE_WITH_KNOTS('',1,(#4341,#4342),.UNSPECIFIED.,.F.,
  .F.,(2,2),(5.136363036364,5.363636963636),.PIECEWISE_BEZIER_KNOTS.);
#4341 = CARTESIAN_POINT('',(5.136363036364,1.285363295957));
#4342 = CARTESIAN_POINT('',(5.363636963636,1.285363295957));
#4343 = ( GEOMETRIC_REPRESENTATION_CONTEXT(2) 
PARAMETRIC_REPRESENTATION_CONTEXT() REPRESENTATION_CONTEXT('2D SPACE',''
  ) );
#4344 = ADVANCED_FACE('',(#4345),#1173,.T.);
#4345 = FACE_BOUND('',#4346,.T.);
#4346 = EDGE_LOOP('',(#4347,#4348,#4349,#4373));
#4347 = ORIENTED_EDGE('',*,*,#4248,.F.);
#4348 = ORIENTED_EDGE('',*,*,#1158,.F.);
#4349 = ORIENTED_EDGE('',*,*,#4350,.T.);
#4350 = EDGE_CURVE('',#1127,#4351,#4353,.T.);
#4351 = VERTEX_POINT('',#4352);
#4352 = CARTESIAN_POINT('',(-5.814636704043,1.,22.486363636364));
#4353 = SURFACE_CURVE('',#4354,(#4359,#4366),.PCURVE_S1.);
#4354 = CIRCLE('',#4355,5.9);
#4355 = AXIS2_PLACEMENT_3D('',#4356,#4357,#4358);
#4356 = CARTESIAN_POINT('',(0.,0.,22.486363636364));
#4357 = DIRECTION('',(0.,0.,1.));
#4358 = DIRECTION('',(-0.985531644753,-0.169491525424,0.));
#4359 = PCURVE('',#1173,#4360);
#4360 = DEFINITIONAL_REPRESENTATION('',(#4361),#4365);
#4361 = LINE('',#4362,#4363);
#4362 = CARTESIAN_POINT('',(3.311906360434,8.886363636364));
#4363 = VECTOR('',#4364,1.);
#4364 = DIRECTION('',(1.,0.));
#4365 = ( GEOMETRIC_REPRESENTATION_CONTEXT(2) 
PARAMETRIC_REPRESENTATION_CONTEXT() REPRESENTATION_CONTEXT('2D SPACE',''
  ) );
#4366 = PCURVE('',#1143,#4367);
#4367 = DEFINITIONAL_REPRESENTATION('',(#4368),#4372);
#4368 = LINE('',#4369,#4370);
#4369 = CARTESIAN_POINT('',(3.311906360434,0.261363636364));
#4370 = VECTOR('',#4371,1.);
#4371 = DIRECTION('',(1.,0.));
#4372 = ( GEOMETRIC_REPRESENTATION_CONTEXT(2) 
PARAMETRIC_REPRESENTATION_CONTEXT() REPRESENTATION_CONTEXT('2D SPACE',''
  ) );
#4373 = ORIENTED_EDGE('',*,*,#4374,.T.);
#4374 = EDGE_CURVE('',#4351,#4249,#4375,.T.);
#4375 = SURFACE_CURVE('',#4376,(#4380,#4386),.PCURVE_S1.);
#4376 = LINE('',#4377,#4378);
#4377 = CARTESIAN_POINT('',(-5.814636704043,1.,13.6));
#4378 = VECTOR('',#4379,1.);
#4379 = DIRECTION('',(0.,0.,1.));
#4380 = PCURVE('',#1173,#4381);
#4381 = DEFINITIONAL_REPRESENTATION('',(#4382),#4385);
#4382 = B_SPLINE_CURVE_WITH_KNOTS('',1,(#4383,#4384),.UNSPECIFIED.,.F.,
  .F.,(2,2),(8.886363636364,9.113636363636),.PIECEWISE_BEZIER_KNOTS.);
#4383 = CARTESIAN_POINT('',(9.254464253926,8.886363636364));
#4384 = CARTESIAN_POINT('',(9.254464253926,9.113636363636));
#4385 = ( GEOMETRIC_REPRESENTATION_CONTEXT(2) 
PARAMETRIC_REPRESENTATION_CONTEXT() REPRESENTATION_CONTEXT('2D SPACE',''
  ) );
#4386 = PCURVE('',#1888,#4387);
#4387 = DEFINITIONAL_REPRESENTATION('',(#4388),#4391);
#4388 = B_SPLINE_CURVE_WITH_KNOTS('',1,(#4389,#4390),.UNSPECIFIED.,.F.,
  .F.,(2,2),(8.886363036364,9.113636963636),.PIECEWISE_BEZIER_KNOTS.);
#4389 = CARTESIAN_POINT('',(8.886363036364,1.285363295957));
#4390 = CARTESIAN_POINT('',(9.113636963636,1.285363295957));
#4391 = ( GEOMETRIC_REPRESENTATION_CONTEXT(2) 
PARAMETRIC_REPRESENTATION_CONTEXT() REPRESENTATION_CONTEXT('2D SPACE',''
  ) );
#4392 = ADVANCED_FACE('',(#4393),#751,.T.);
#4393 = FACE_BOUND('',#4394,.T.);
#4394 = EDGE_LOOP('',(#4395,#4419,#4420,#4421));
#4395 = ORIENTED_EDGE('',*,*,#4396,.F.);
#4396 = EDGE_CURVE('',#735,#4397,#4399,.T.);
#4397 = VERTEX_POINT('',#4398);
#4398 = CARTESIAN_POINT('',(-5.347298383296,1.,19.225));
#4399 = SURFACE_CURVE('',#4400,(#4405,#4412),.PCURVE_S1.);
#4400 = CIRCLE('',#4401,5.44);
#4401 = AXIS2_PLACEMENT_3D('',#4402,#4403,#4404);
#4402 = CARTESIAN_POINT('',(0.,0.,19.225));
#4403 = DIRECTION('',(0.,0.,1.));
#4404 = DIRECTION('',(-0.982959261635,-0.183823529412,0.));
#4405 = PCURVE('',#751,#4406);
#4406 = DEFINITIONAL_REPRESENTATION('',(#4407),#4411);
#4407 = LINE('',#4408,#4409);
#4408 = CARTESIAN_POINT('',(-3.32646751559,-0.375));
#4409 = VECTOR('',#4410,1.);
#4410 = DIRECTION('',(-1.,-0.));
#4411 = ( GEOMETRIC_REPRESENTATION_CONTEXT(2) 
PARAMETRIC_REPRESENTATION_CONTEXT() REPRESENTATION_CONTEXT('2D SPACE',''
  ) );
#4412 = PCURVE('',#783,#4413);
#4413 = DEFINITIONAL_REPRESENTATION('',(#4414),#4418);
#4414 = LINE('',#4415,#4416);
#4415 = CARTESIAN_POINT('',(3.32646751559,0.));
#4416 = VECTOR('',#4417,1.);
#4417 = DIRECTION('',(1.,0.));
#4418 = ( GEOMETRIC_REPRESENTATION_CONTEXT(2) 
PARAMETRIC_REPRESENTATION_CONTEXT() REPRESENTATION_CONTEXT('2D SPACE',''
  ) );
#4419 = ORIENTED_EDGE('',*,*,#734,.T.);
#4420 = ORIENTED_EDGE('',*,*,#4300,.T.);
#4421 = ORIENTED_EDGE('',*,*,#4422,.F.);
#4422 = EDGE_CURVE('',#4397,#4301,#4423,.T.);
#4423 = SURFACE_CURVE('',#4424,(#4429,#4439),.PCURVE_S1.);
#4424 = HYPERBOLA('',#4425,0.568181818182,1.);
#4425 = AXIS2_PLACEMENT_3D('',#4426,#4427,#4428);
#4426 = CARTESIAN_POINT('',(0.,1.,22.315909090909));
#4427 = DIRECTION('',(0.,1.,0.));
#4428 = DIRECTION('',(-0.,0.,-1.));
#4429 = PCURVE('',#751,#4430);
#4430 = DEFINITIONAL_REPRESENTATION('',(#4431),#4438);
#4431 = B_SPLINE_CURVE_WITH_KNOTS('',5,(#4432,#4433,#4434,#4435,#4436,
    #4437),.UNSPECIFIED.,.F.,.F.,(6,6),(2.37836936639,2.4608390603),
  .PIECEWISE_BEZIER_KNOTS.);
#4432 = CARTESIAN_POINT('',(-9.239903098769,-0.375));
#4433 = CARTESIAN_POINT('',(-9.24293507281,-0.324887493077));
#4434 = CARTESIAN_POINT('',(-9.245905600599,-0.273723883849));
#4435 = CARTESIAN_POINT('',(-9.248816284443,-0.221480769804));
#4436 = CARTESIAN_POINT('',(-9.251668671081,-0.168128557862));
#4437 = CARTESIAN_POINT('',(-9.254464253926,-0.113636363636));
#4438 = ( GEOMETRIC_REPRESENTATION_CONTEXT(2) 
PARAMETRIC_REPRESENTATION_CONTEXT() REPRESENTATION_CONTEXT('2D SPACE',''
  ) );
#4439 = PCURVE('',#1888,#4440);
#4440 = DEFINITIONAL_REPRESENTATION('',(#4441),#4445);
#4441 = ( BOUNDED_CURVE() B_SPLINE_CURVE(2,(#4442,#4443,#4444),
.UNSPECIFIED.,.F.,.F.) B_SPLINE_CURVE_WITH_KNOTS((3,3),(2.37836936639,
2.4608390603),.PIECEWISE_BEZIER_KNOTS.) CURVE() 
GEOMETRIC_REPRESENTATION_ITEM() RATIONAL_B_SPLINE_CURVE((1.,
1.000850276769,1.)) REPRESENTATION_ITEM('') );
#4442 = CARTESIAN_POINT('',(5.625,1.752701616704));
#4443 = CARTESIAN_POINT('',(5.499789690207,1.52851109952));
#4444 = CARTESIAN_POINT('',(5.363636363636,1.285363295957));
#4445 = ( GEOMETRIC_REPRESENTATION_CONTEXT(2) 
PARAMETRIC_REPRESENTATION_CONTEXT() REPRESENTATION_CONTEXT('2D SPACE',''
  ) );
#4446 = ADVANCED_FACE('',(#4447),#1143,.T.);
#4447 = FACE_BOUND('',#4448,.T.);
#4448 = EDGE_LOOP('',(#4449,#4450,#4451,#4475));
#4449 = ORIENTED_EDGE('',*,*,#4350,.F.);
#4450 = ORIENTED_EDGE('',*,*,#1126,.T.);
#4451 = ORIENTED_EDGE('',*,*,#4452,.T.);
#4452 = EDGE_CURVE('',#1095,#4453,#4455,.T.);
#4453 = VERTEX_POINT('',#4454);
#4454 = CARTESIAN_POINT('',(-5.347298383296,1.,22.225));
#4455 = SURFACE_CURVE('',#4456,(#4461,#4468),.PCURVE_S1.);
#4456 = CIRCLE('',#4457,5.44);
#4457 = AXIS2_PLACEMENT_3D('',#4458,#4459,#4460);
#4458 = CARTESIAN_POINT('',(0.,0.,22.225));
#4459 = DIRECTION('',(0.,0.,1.));
#4460 = DIRECTION('',(-0.982959261635,-0.183823529412,0.));
#4461 = PCURVE('',#1143,#4462);
#4462 = DEFINITIONAL_REPRESENTATION('',(#4463),#4467);
#4463 = LINE('',#4464,#4465);
#4464 = CARTESIAN_POINT('',(3.32646751559,0.));
#4465 = VECTOR('',#4466,1.);
#4466 = DIRECTION('',(1.,0.));
#4467 = ( GEOMETRIC_REPRESENTATION_CONTEXT(2) 
PARAMETRIC_REPRESENTATION_CONTEXT() REPRESENTATION_CONTEXT('2D SPACE',''
  ) );
#4468 = PCURVE('',#1111,#4469);
#4469 = DEFINITIONAL_REPRESENTATION('',(#4470),#4474);
#4470 = LINE('',#4471,#4472);
#4471 = CARTESIAN_POINT('',(-3.32646751559,-0.375));
#4472 = VECTOR('',#4473,1.);
#4473 = DIRECTION('',(-1.,-0.));
#4474 = ( GEOMETRIC_REPRESENTATION_CONTEXT(2) 
PARAMETRIC_REPRESENTATION_CONTEXT() REPRESENTATION_CONTEXT('2D SPACE',''
  ) );
#4475 = ORIENTED_EDGE('',*,*,#4476,.F.);
#4476 = EDGE_CURVE('',#4351,#4453,#4477,.T.);
#4477 = SURFACE_CURVE('',#4478,(#4483,#4493),.PCURVE_S1.);
#4478 = HYPERBOLA('',#4479,0.568181818182,1.);
#4479 = AXIS2_PLACEMENT_3D('',#4480,#4481,#4482);
#4480 = CARTESIAN_POINT('',(0.,1.,19.134090909091));
#4481 = DIRECTION('',(-0.,1.,0.));
#4482 = DIRECTION('',(0.,0.,1.));
#4483 = PCURVE('',#1143,#4484);
#4484 = DEFINITIONAL_REPRESENTATION('',(#4485),#4492);
#4485 = B_SPLINE_CURVE_WITH_KNOTS('',5,(#4486,#4487,#4488,#4489,#4490,
    #4491),.UNSPECIFIED.,.F.,.F.,(6,6),(-2.4608390603,-2.37836936639),
  .PIECEWISE_BEZIER_KNOTS.);
#4486 = CARTESIAN_POINT('',(9.254464253926,0.261363636364));
#4487 = CARTESIAN_POINT('',(9.251668671081,0.206871442138));
#4488 = CARTESIAN_POINT('',(9.248816284443,0.153519230196));
#4489 = CARTESIAN_POINT('',(9.245905600599,0.101276116151));
#4490 = CARTESIAN_POINT('',(9.24293507281,5.011250692257E-02));
#4491 = CARTESIAN_POINT('',(9.239903098769,-3.81490145127E-16));
#4492 = ( GEOMETRIC_REPRESENTATION_CONTEXT(2) 
PARAMETRIC_REPRESENTATION_CONTEXT() REPRESENTATION_CONTEXT('2D SPACE',''
  ) );
#4493 = PCURVE('',#1888,#4494);
#4494 = DEFINITIONAL_REPRESENTATION('',(#4495),#4499);
#4495 = ( BOUNDED_CURVE() B_SPLINE_CURVE(2,(#4496,#4497,#4498),
.UNSPECIFIED.,.F.,.F.) B_SPLINE_CURVE_WITH_KNOTS((3,3),(-2.4608390603,
-2.37836936639),.PIECEWISE_BEZIER_KNOTS.) CURVE() 
GEOMETRIC_REPRESENTATION_ITEM() RATIONAL_B_SPLINE_CURVE((1.,
1.000850276769,1.)) REPRESENTATION_ITEM('') );
#4496 = CARTESIAN_POINT('',(8.886363636364,1.285363295957));
#4497 = CARTESIAN_POINT('',(8.750210309793,1.52851109952));
#4498 = CARTESIAN_POINT('',(8.625,1.752701616704));
#4499 = ( GEOMETRIC_REPRESENTATION_CONTEXT(2) 
PARAMETRIC_REPRESENTATION_CONTEXT() REPRESENTATION_CONTEXT('2D SPACE',''
  ) );
#4500 = ADVANCED_FACE('',(#4501),#783,.T.);
#4501 = FACE_BOUND('',#4502,.T.);
#4502 = EDGE_LOOP('',(#4503,#4527,#4528,#4529));
#4503 = ORIENTED_EDGE('',*,*,#4504,.F.);
#4504 = EDGE_CURVE('',#767,#4505,#4507,.T.);
#4505 = VERTEX_POINT('',#4506);
#4506 = CARTESIAN_POINT('',(-5.814636704043,1.,19.486363636364));
#4507 = SURFACE_CURVE('',#4508,(#4513,#4520),.PCURVE_S1.);
#4508 = CIRCLE('',#4509,5.9);
#4509 = AXIS2_PLACEMENT_3D('',#4510,#4511,#4512);
#4510 = CARTESIAN_POINT('',(0.,0.,19.486363636364));
#4511 = DIRECTION('',(0.,0.,1.));
#4512 = DIRECTION('',(-0.985531644753,-0.169491525424,0.));
#4513 = PCURVE('',#783,#4514);
#4514 = DEFINITIONAL_REPRESENTATION('',(#4515),#4519);
#4515 = LINE('',#4516,#4517);
#4516 = CARTESIAN_POINT('',(3.311906360434,0.261363636364));
#4517 = VECTOR('',#4518,1.);
#4518 = DIRECTION('',(1.,0.));
#4519 = ( GEOMETRIC_REPRESENTATION_CONTEXT(2) 
PARAMETRIC_REPRESENTATION_CONTEXT() REPRESENTATION_CONTEXT('2D SPACE',''
  ) );
#4520 = PCURVE('',#813,#4521);
#4521 = DEFINITIONAL_REPRESENTATION('',(#4522),#4526);
#4522 = LINE('',#4523,#4524);
#4523 = CARTESIAN_POINT('',(3.311906360434,5.886363636364));
#4524 = VECTOR('',#4525,1.);
#4525 = DIRECTION('',(1.,0.));
#4526 = ( GEOMETRIC_REPRESENTATION_CONTEXT(2) 
PARAMETRIC_REPRESENTATION_CONTEXT() REPRESENTATION_CONTEXT('2D SPACE',''
  ) );
#4527 = ORIENTED_EDGE('',*,*,#766,.T.);
#4528 = ORIENTED_EDGE('',*,*,#4396,.T.);
#4529 = ORIENTED_EDGE('',*,*,#4530,.F.);
#4530 = EDGE_CURVE('',#4505,#4397,#4531,.T.);
#4531 = SURFACE_CURVE('',#4532,(#4537,#4547),.PCURVE_S1.);
#4532 = HYPERBOLA('',#4533,0.568181818182,1.);
#4533 = AXIS2_PLACEMENT_3D('',#4534,#4535,#4536);
#4534 = CARTESIAN_POINT('',(0.,1.,16.134090909091));
#4535 = DIRECTION('',(-0.,1.,0.));
#4536 = DIRECTION('',(0.,0.,1.));
#4537 = PCURVE('',#783,#4538);
#4538 = DEFINITIONAL_REPRESENTATION('',(#4539),#4546);
#4539 = B_SPLINE_CURVE_WITH_KNOTS('',5,(#4540,#4541,#4542,#4543,#4544,
    #4545),.UNSPECIFIED.,.F.,.F.,(6,6),(-2.4608390603,-2.37836936639),
  .PIECEWISE_BEZIER_KNOTS.);
#4540 = CARTESIAN_POINT('',(9.254464253926,0.261363636364));
#4541 = CARTESIAN_POINT('',(9.251668671081,0.206871442138));
#4542 = CARTESIAN_POINT('',(9.248816284443,0.153519230196));
#4543 = CARTESIAN_POINT('',(9.245905600599,0.101276116151));
#4544 = CARTESIAN_POINT('',(9.24293507281,5.011250692257E-02));
#4545 = CARTESIAN_POINT('',(9.239903098769,-3.81490145127E-16));
#4546 = ( GEOMETRIC_REPRESENTATION_CONTEXT(2) 
PARAMETRIC_REPRESENTATION_CONTEXT() REPRESENTATION_CONTEXT('2D SPACE',''
  ) );
#4547 = PCURVE('',#1888,#4548);
#4548 = DEFINITIONAL_REPRESENTATION('',(#4549),#4553);
#4549 = ( BOUNDED_CURVE() B_SPLINE_CURVE(2,(#4550,#4551,#4552),
.UNSPECIFIED.,.F.,.F.) B_SPLINE_CURVE_WITH_KNOTS((3,3),(-2.4608390603,
-2.37836936639),.PIECEWISE_BEZIER_KNOTS.) CURVE() 
GEOMETRIC_REPRESENTATION_ITEM() RATIONAL_B_SPLINE_CURVE((1.,
1.000850276769,1.)) REPRESENTATION_ITEM('') );
#4550 = CARTESIAN_POINT('',(5.886363636364,1.285363295957));
#4551 = CARTESIAN_POINT('',(5.750210309793,1.52851109952));
#4552 = CARTESIAN_POINT('',(5.625,1.752701616704));
#4553 = ( GEOMETRIC_REPRESENTATION_CONTEXT(2) 
PARAMETRIC_REPRESENTATION_CONTEXT() REPRESENTATION_CONTEXT('2D SPACE',''
  ) );
#4554 = ADVANCED_FACE('',(#4555),#1111,.T.);
#4555 = FACE_BOUND('',#4556,.T.);
#4556 = EDGE_LOOP('',(#4557,#4558,#4559,#4583));
#4557 = ORIENTED_EDGE('',*,*,#4452,.F.);
#4558 = ORIENTED_EDGE('',*,*,#1094,.T.);
#4559 = ORIENTED_EDGE('',*,*,#4560,.T.);
#4560 = EDGE_CURVE('',#1069,#4561,#4563,.T.);
#4561 = VERTEX_POINT('',#4562);
#4562 = CARTESIAN_POINT('',(-5.814636704043,1.,21.963636363636));
#4563 = SURFACE_CURVE('',#4564,(#4569,#4576),.PCURVE_S1.);
#4564 = CIRCLE('',#4565,5.9);
#4565 = AXIS2_PLACEMENT_3D('',#4566,#4567,#4568);
#4566 = CARTESIAN_POINT('',(0.,0.,21.963636363636));
#4567 = DIRECTION('',(0.,0.,1.));
#4568 = DIRECTION('',(-0.985531644753,-0.169491525424,0.));
#4569 = PCURVE('',#1111,#4570);
#4570 = DEFINITIONAL_REPRESENTATION('',(#4571),#4575);
#4571 = LINE('',#4572,#4573);
#4572 = CARTESIAN_POINT('',(-3.311906360434,-0.113636363636));
#4573 = VECTOR('',#4574,1.);
#4574 = DIRECTION('',(-1.,-0.));
#4575 = ( GEOMETRIC_REPRESENTATION_CONTEXT(2) 
PARAMETRIC_REPRESENTATION_CONTEXT() REPRESENTATION_CONTEXT('2D SPACE',''
  ) );
#4576 = PCURVE('',#1083,#4577);
#4577 = DEFINITIONAL_REPRESENTATION('',(#4578),#4582);
#4578 = LINE('',#4579,#4580);
#4579 = CARTESIAN_POINT('',(3.311906360434,8.363636363636));
#4580 = VECTOR('',#4581,1.);
#4581 = DIRECTION('',(1.,0.));
#4582 = ( GEOMETRIC_REPRESENTATION_CONTEXT(2) 
PARAMETRIC_REPRESENTATION_CONTEXT() REPRESENTATION_CONTEXT('2D SPACE',''
  ) );
#4583 = ORIENTED_EDGE('',*,*,#4584,.F.);
#4584 = EDGE_CURVE('',#4453,#4561,#4585,.T.);
#4585 = SURFACE_CURVE('',#4586,(#4591,#4601),.PCURVE_S1.);
#4586 = HYPERBOLA('',#4587,0.568181818182,1.);
#4587 = AXIS2_PLACEMENT_3D('',#4588,#4589,#4590);
#4588 = CARTESIAN_POINT('',(0.,1.,25.315909090909));
#4589 = DIRECTION('',(0.,1.,0.));
#4590 = DIRECTION('',(-0.,0.,-1.));
#4591 = PCURVE('',#1111,#4592);
#4592 = DEFINITIONAL_REPRESENTATION('',(#4593),#4600);
#4593 = B_SPLINE_CURVE_WITH_KNOTS('',5,(#4594,#4595,#4596,#4597,#4598,
    #4599),.UNSPECIFIED.,.F.,.F.,(6,6),(2.37836936639,2.4608390603),
  .PIECEWISE_BEZIER_KNOTS.);
#4594 = CARTESIAN_POINT('',(-9.239903098769,-0.375));
#4595 = CARTESIAN_POINT('',(-9.24293507281,-0.324887493077));
#4596 = CARTESIAN_POINT('',(-9.245905600599,-0.273723883849));
#4597 = CARTESIAN_POINT('',(-9.248816284443,-0.221480769804));
#4598 = CARTESIAN_POINT('',(-9.251668671081,-0.168128557862));
#4599 = CARTESIAN_POINT('',(-9.254464253926,-0.113636363636));
#4600 = ( GEOMETRIC_REPRESENTATION_CONTEXT(2) 
PARAMETRIC_REPRESENTATION_CONTEXT() REPRESENTATION_CONTEXT('2D SPACE',''
  ) );
#4601 = PCURVE('',#1888,#4602);
#4602 = DEFINITIONAL_REPRESENTATION('',(#4603),#4607);
#4603 = ( BOUNDED_CURVE() B_SPLINE_CURVE(2,(#4604,#4605,#4606),
.UNSPECIFIED.,.F.,.F.) B_SPLINE_CURVE_WITH_KNOTS((3,3),(2.37836936639,
2.4608390603),.PIECEWISE_BEZIER_KNOTS.) CURVE() 
GEOMETRIC_REPRESENTATION_ITEM() RATIONAL_B_SPLINE_CURVE((1.,
1.000850276769,1.)) REPRESENTATION_ITEM('') );
#4604 = CARTESIAN_POINT('',(8.625,1.752701616704));
#4605 = CARTESIAN_POINT('',(8.499789690207,1.52851109952));
#4606 = CARTESIAN_POINT('',(8.363636363636,1.285363295957));
#4607 = ( GEOMETRIC_REPRESENTATION_CONTEXT(2) 
PARAMETRIC_REPRESENTATION_CONTEXT() REPRESENTATION_CONTEXT('2D SPACE',''
  ) );
#4608 = ADVANCED_FACE('',(#4609),#813,.T.);
#4609 = FACE_BOUND('',#4610,.T.);
#4610 = EDGE_LOOP('',(#4611,#4635,#4636,#4637));
#4611 = ORIENTED_EDGE('',*,*,#4612,.F.);
#4612 = EDGE_CURVE('',#799,#4613,#4615,.T.);
#4613 = VERTEX_POINT('',#4614);
#4614 = CARTESIAN_POINT('',(-5.814636704043,1.,19.713636363636));
#4615 = SURFACE_CURVE('',#4616,(#4621,#4628),.PCURVE_S1.);
#4616 = CIRCLE('',#4617,5.9);
#4617 = AXIS2_PLACEMENT_3D('',#4618,#4619,#4620);
#4618 = CARTESIAN_POINT('',(0.,0.,19.713636363636));
#4619 = DIRECTION('',(0.,0.,1.));
#4620 = DIRECTION('',(-0.985531644753,-0.169491525424,0.));
#4621 = PCURVE('',#813,#4622);
#4622 = DEFINITIONAL_REPRESENTATION('',(#4623),#4627);
#4623 = LINE('',#4624,#4625);
#4624 = CARTESIAN_POINT('',(3.311906360434,6.113636363636));
#4625 = VECTOR('',#4626,1.);
#4626 = DIRECTION('',(1.,0.));
#4627 = ( GEOMETRIC_REPRESENTATION_CONTEXT(2) 
PARAMETRIC_REPRESENTATION_CONTEXT() REPRESENTATION_CONTEXT('2D SPACE',''
  ) );
#4628 = PCURVE('',#841,#4629);
#4629 = DEFINITIONAL_REPRESENTATION('',(#4630),#4634);
#4630 = LINE('',#4631,#4632);
#4631 = CARTESIAN_POINT('',(-3.311906360434,-0.113636363636));
#4632 = VECTOR('',#4633,1.);
#4633 = DIRECTION('',(-1.,-0.));
#4634 = ( GEOMETRIC_REPRESENTATION_CONTEXT(2) 
PARAMETRIC_REPRESENTATION_CONTEXT() REPRESENTATION_CONTEXT('2D SPACE',''
  ) );
#4635 = ORIENTED_EDGE('',*,*,#798,.F.);
#4636 = ORIENTED_EDGE('',*,*,#4504,.T.);
#4637 = ORIENTED_EDGE('',*,*,#4638,.T.);
#4638 = EDGE_CURVE('',#4505,#4613,#4639,.T.);
#4639 = SURFACE_CURVE('',#4640,(#4644,#4650),.PCURVE_S1.);
#4640 = LINE('',#4641,#4642);
#4641 = CARTESIAN_POINT('',(-5.814636704043,1.,13.6));
#4642 = VECTOR('',#4643,1.);
#4643 = DIRECTION('',(0.,0.,1.));
#4644 = PCURVE('',#813,#4645);
#4645 = DEFINITIONAL_REPRESENTATION('',(#4646),#4649);
#4646 = B_SPLINE_CURVE_WITH_KNOTS('',1,(#4647,#4648),.UNSPECIFIED.,.F.,
  .F.,(2,2),(5.886363636364,6.113636363636),.PIECEWISE_BEZIER_KNOTS.);
#4647 = CARTESIAN_POINT('',(9.254464253926,5.886363636364));
#4648 = CARTESIAN_POINT('',(9.254464253926,6.113636363636));
#4649 = ( GEOMETRIC_REPRESENTATION_CONTEXT(2) 
PARAMETRIC_REPRESENTATION_CONTEXT() REPRESENTATION_CONTEXT('2D SPACE',''
  ) );
#4650 = PCURVE('',#1888,#4651);
#4651 = DEFINITIONAL_REPRESENTATION('',(#4652),#4655);
#4652 = B_SPLINE_CURVE_WITH_KNOTS('',1,(#4653,#4654),.UNSPECIFIED.,.F.,
  .F.,(2,2),(5.886363036364,6.113636963636),.PIECEWISE_BEZIER_KNOTS.);
#4653 = CARTESIAN_POINT('',(5.886363036364,1.285363295957));
#4654 = CARTESIAN_POINT('',(6.113636963636,1.285363295957));
#4655 = ( GEOMETRIC_REPRESENTATION_CONTEXT(2) 
PARAMETRIC_REPRESENTATION_CONTEXT() REPRESENTATION_CONTEXT('2D SPACE',''
  ) );
#4656 = ADVANCED_FACE('',(#4657),#1083,.T.);
#4657 = FACE_BOUND('',#4658,.T.);
#4658 = EDGE_LOOP('',(#4659,#4660,#4661,#4685));
#4659 = ORIENTED_EDGE('',*,*,#4560,.F.);
#4660 = ORIENTED_EDGE('',*,*,#1068,.F.);
#4661 = ORIENTED_EDGE('',*,*,#4662,.T.);
#4662 = EDGE_CURVE('',#1037,#4663,#4665,.T.);
#4663 = VERTEX_POINT('',#4664);
#4664 = CARTESIAN_POINT('',(-5.814636704043,1.,21.736363636364));
#4665 = SURFACE_CURVE('',#4666,(#4671,#4678),.PCURVE_S1.);
#4666 = CIRCLE('',#4667,5.9);
#4667 = AXIS2_PLACEMENT_3D('',#4668,#4669,#4670);
#4668 = CARTESIAN_POINT('',(0.,0.,21.736363636364));
#4669 = DIRECTION('',(0.,0.,1.));
#4670 = DIRECTION('',(-0.985531644753,-0.169491525424,0.));
#4671 = PCURVE('',#1083,#4672);
#4672 = DEFINITIONAL_REPRESENTATION('',(#4673),#4677);
#4673 = LINE('',#4674,#4675);
#4674 = CARTESIAN_POINT('',(3.311906360434,8.136363636364));
#4675 = VECTOR('',#4676,1.);
#4676 = DIRECTION('',(1.,0.));
#4677 = ( GEOMETRIC_REPRESENTATION_CONTEXT(2) 
PARAMETRIC_REPRESENTATION_CONTEXT() REPRESENTATION_CONTEXT('2D SPACE',''
  ) );
#4678 = PCURVE('',#1053,#4679);
#4679 = DEFINITIONAL_REPRESENTATION('',(#4680),#4684);
#4680 = LINE('',#4681,#4682);
#4681 = CARTESIAN_POINT('',(3.311906360434,0.261363636364));
#4682 = VECTOR('',#4683,1.);
#4683 = DIRECTION('',(1.,0.));
#4684 = ( GEOMETRIC_REPRESENTATION_CONTEXT(2) 
PARAMETRIC_REPRESENTATION_CONTEXT() REPRESENTATION_CONTEXT('2D SPACE',''
  ) );
#4685 = ORIENTED_EDGE('',*,*,#4686,.T.);
#4686 = EDGE_CURVE('',#4663,#4561,#4687,.T.);
#4687 = SURFACE_CURVE('',#4688,(#4692,#4698),.PCURVE_S1.);
#4688 = LINE('',#4689,#4690);
#4689 = CARTESIAN_POINT('',(-5.814636704043,1.,13.6));
#4690 = VECTOR('',#4691,1.);
#4691 = DIRECTION('',(0.,0.,1.));
#4692 = PCURVE('',#1083,#4693);
#4693 = DEFINITIONAL_REPRESENTATION('',(#4694),#4697);
#4694 = B_SPLINE_CURVE_WITH_KNOTS('',1,(#4695,#4696),.UNSPECIFIED.,.F.,
  .F.,(2,2),(8.136363636364,8.363636363636),.PIECEWISE_BEZIER_KNOTS.);
#4695 = CARTESIAN_POINT('',(9.254464253926,8.136363636364));
#4696 = CARTESIAN_POINT('',(9.254464253926,8.363636363636));
#4697 = ( GEOMETRIC_REPRESENTATION_CONTEXT(2) 
PARAMETRIC_REPRESENTATION_CONTEXT() REPRESENTATION_CONTEXT('2D SPACE',''
  ) );
#4698 = PCURVE('',#1888,#4699);
#4699 = DEFINITIONAL_REPRESENTATION('',(#4700),#4703);
#4700 = B_SPLINE_CURVE_WITH_KNOTS('',1,(#4701,#4702),.UNSPECIFIED.,.F.,
  .F.,(2,2),(8.136363036364,8.363636963636),.PIECEWISE_BEZIER_KNOTS.);
#4701 = CARTESIAN_POINT('',(8.136363036364,1.285363295957));
#4702 = CARTESIAN_POINT('',(8.363636963636,1.285363295957));
#4703 = ( GEOMETRIC_REPRESENTATION_CONTEXT(2) 
PARAMETRIC_REPRESENTATION_CONTEXT() REPRESENTATION_CONTEXT('2D SPACE',''
  ) );
#4704 = ADVANCED_FACE('',(#4705),#841,.T.);
#4705 = FACE_BOUND('',#4706,.T.);
#4706 = EDGE_LOOP('',(#4707,#4731,#4732,#4733));
#4707 = ORIENTED_EDGE('',*,*,#4708,.F.);
#4708 = EDGE_CURVE('',#825,#4709,#4711,.T.);
#4709 = VERTEX_POINT('',#4710);
#4710 = CARTESIAN_POINT('',(-5.347298383296,1.,19.975));
#4711 = SURFACE_CURVE('',#4712,(#4717,#4724),.PCURVE_S1.);
#4712 = CIRCLE('',#4713,5.44);
#4713 = AXIS2_PLACEMENT_3D('',#4714,#4715,#4716);
#4714 = CARTESIAN_POINT('',(0.,0.,19.975));
#4715 = DIRECTION('',(0.,0.,1.));
#4716 = DIRECTION('',(-0.982959261635,-0.183823529412,0.));
#4717 = PCURVE('',#841,#4718);
#4718 = DEFINITIONAL_REPRESENTATION('',(#4719),#4723);
#4719 = LINE('',#4720,#4721);
#4720 = CARTESIAN_POINT('',(-3.32646751559,-0.375));
#4721 = VECTOR('',#4722,1.);
#4722 = DIRECTION('',(-1.,-0.));
#4723 = ( GEOMETRIC_REPRESENTATION_CONTEXT(2) 
PARAMETRIC_REPRESENTATION_CONTEXT() REPRESENTATION_CONTEXT('2D SPACE',''
  ) );
#4724 = PCURVE('',#873,#4725);
#4725 = DEFINITIONAL_REPRESENTATION('',(#4726),#4730);
#4726 = LINE('',#4727,#4728);
#4727 = CARTESIAN_POINT('',(3.32646751559,0.));
#4728 = VECTOR('',#4729,1.);
#4729 = DIRECTION('',(1.,0.));
#4730 = ( GEOMETRIC_REPRESENTATION_CONTEXT(2) 
PARAMETRIC_REPRESENTATION_CONTEXT() REPRESENTATION_CONTEXT('2D SPACE',''
  ) );
#4731 = ORIENTED_EDGE('',*,*,#824,.T.);
#4732 = ORIENTED_EDGE('',*,*,#4612,.T.);
#4733 = ORIENTED_EDGE('',*,*,#4734,.F.);
#4734 = EDGE_CURVE('',#4709,#4613,#4735,.T.);
#4735 = SURFACE_CURVE('',#4736,(#4741,#4751),.PCURVE_S1.);
#4736 = HYPERBOLA('',#4737,0.568181818182,1.);
#4737 = AXIS2_PLACEMENT_3D('',#4738,#4739,#4740);
#4738 = CARTESIAN_POINT('',(0.,1.,23.065909090909));
#4739 = DIRECTION('',(0.,1.,0.));
#4740 = DIRECTION('',(-0.,0.,-1.));
#4741 = PCURVE('',#841,#4742);
#4742 = DEFINITIONAL_REPRESENTATION('',(#4743),#4750);
#4743 = B_SPLINE_CURVE_WITH_KNOTS('',5,(#4744,#4745,#4746,#4747,#4748,
    #4749),.UNSPECIFIED.,.F.,.F.,(6,6),(2.37836936639,2.4608390603),
  .PIECEWISE_BEZIER_KNOTS.);
#4744 = CARTESIAN_POINT('',(-9.239903098769,-0.375));
#4745 = CARTESIAN_POINT('',(-9.24293507281,-0.324887493077));
#4746 = CARTESIAN_POINT('',(-9.245905600599,-0.273723883849));
#4747 = CARTESIAN_POINT('',(-9.248816284443,-0.221480769804));
#4748 = CARTESIAN_POINT('',(-9.251668671081,-0.168128557862));
#4749 = CARTESIAN_POINT('',(-9.254464253926,-0.113636363636));
#4750 = ( GEOMETRIC_REPRESENTATION_CONTEXT(2) 
PARAMETRIC_REPRESENTATION_CONTEXT() REPRESENTATION_CONTEXT('2D SPACE',''
  ) );
#4751 = PCURVE('',#1888,#4752);
#4752 = DEFINITIONAL_REPRESENTATION('',(#4753),#4757);
#4753 = ( BOUNDED_CURVE() B_SPLINE_CURVE(2,(#4754,#4755,#4756),
.UNSPECIFIED.,.F.,.F.) B_SPLINE_CURVE_WITH_KNOTS((3,3),(2.37836936639,
2.4608390603),.PIECEWISE_BEZIER_KNOTS.) CURVE() 
GEOMETRIC_REPRESENTATION_ITEM() RATIONAL_B_SPLINE_CURVE((1.,
1.000850276769,1.)) REPRESENTATION_ITEM('') );
#4754 = CARTESIAN_POINT('',(6.375,1.752701616704));
#4755 = CARTESIAN_POINT('',(6.249789690207,1.52851109952));
#4756 = CARTESIAN_POINT('',(6.113636363636,1.285363295957));
#4757 = ( GEOMETRIC_REPRESENTATION_CONTEXT(2) 
PARAMETRIC_REPRESENTATION_CONTEXT() REPRESENTATION_CONTEXT('2D SPACE',''
  ) );
#4758 = ADVANCED_FACE('',(#4759),#1053,.T.);
#4759 = FACE_BOUND('',#4760,.T.);
#4760 = EDGE_LOOP('',(#4761,#4762,#4763,#4787));
#4761 = ORIENTED_EDGE('',*,*,#4662,.F.);
#4762 = ORIENTED_EDGE('',*,*,#1036,.T.);
#4763 = ORIENTED_EDGE('',*,*,#4764,.T.);
#4764 = EDGE_CURVE('',#1005,#4765,#4767,.T.);
#4765 = VERTEX_POINT('',#4766);
#4766 = CARTESIAN_POINT('',(-5.347298383296,1.,21.475));
#4767 = SURFACE_CURVE('',#4768,(#4773,#4780),.PCURVE_S1.);
#4768 = CIRCLE('',#4769,5.44);
#4769 = AXIS2_PLACEMENT_3D('',#4770,#4771,#4772);
#4770 = CARTESIAN_POINT('',(0.,0.,21.475));
#4771 = DIRECTION('',(0.,0.,1.));
#4772 = DIRECTION('',(-0.982959261635,-0.183823529412,0.));
#4773 = PCURVE('',#1053,#4774);
#4774 = DEFINITIONAL_REPRESENTATION('',(#4775),#4779);
#4775 = LINE('',#4776,#4777);
#4776 = CARTESIAN_POINT('',(3.32646751559,0.));
#4777 = VECTOR('',#4778,1.);
#4778 = DIRECTION('',(1.,0.));
#4779 = ( GEOMETRIC_REPRESENTATION_CONTEXT(2) 
PARAMETRIC_REPRESENTATION_CONTEXT() REPRESENTATION_CONTEXT('2D SPACE',''
  ) );
#4780 = PCURVE('',#1021,#4781);
#4781 = DEFINITIONAL_REPRESENTATION('',(#4782),#4786);
#4782 = LINE('',#4783,#4784);
#4783 = CARTESIAN_POINT('',(-3.32646751559,-0.375));
#4784 = VECTOR('',#4785,1.);
#4785 = DIRECTION('',(-1.,-0.));
#4786 = ( GEOMETRIC_REPRESENTATION_CONTEXT(2) 
PARAMETRIC_REPRESENTATION_CONTEXT() REPRESENTATION_CONTEXT('2D SPACE',''
  ) );
#4787 = ORIENTED_EDGE('',*,*,#4788,.F.);
#4788 = EDGE_CURVE('',#4663,#4765,#4789,.T.);
#4789 = SURFACE_CURVE('',#4790,(#4795,#4805),.PCURVE_S1.);
#4790 = HYPERBOLA('',#4791,0.568181818182,1.);
#4791 = AXIS2_PLACEMENT_3D('',#4792,#4793,#4794);
#4792 = CARTESIAN_POINT('',(0.,1.,18.384090909091));
#4793 = DIRECTION('',(-0.,1.,0.));
#4794 = DIRECTION('',(0.,0.,1.));
#4795 = PCURVE('',#1053,#4796);
#4796 = DEFINITIONAL_REPRESENTATION('',(#4797),#4804);
#4797 = B_SPLINE_CURVE_WITH_KNOTS('',5,(#4798,#4799,#4800,#4801,#4802,
    #4803),.UNSPECIFIED.,.F.,.F.,(6,6),(-2.4608390603,-2.37836936639),
  .PIECEWISE_BEZIER_KNOTS.);
#4798 = CARTESIAN_POINT('',(9.254464253926,0.261363636364));
#4799 = CARTESIAN_POINT('',(9.251668671081,0.206871442138));
#4800 = CARTESIAN_POINT('',(9.248816284443,0.153519230196));
#4801 = CARTESIAN_POINT('',(9.245905600599,0.101276116151));
#4802 = CARTESIAN_POINT('',(9.24293507281,5.011250692257E-02));
#4803 = CARTESIAN_POINT('',(9.239903098769,-3.81490145127E-16));
#4804 = ( GEOMETRIC_REPRESENTATION_CONTEXT(2) 
PARAMETRIC_REPRESENTATION_CONTEXT() REPRESENTATION_CONTEXT('2D SPACE',''
  ) );
#4805 = PCURVE('',#1888,#4806);
#4806 = DEFINITIONAL_REPRESENTATION('',(#4807),#4811);
#4807 = ( BOUNDED_CURVE() B_SPLINE_CURVE(2,(#4808,#4809,#4810),
.UNSPECIFIED.,.F.,.F.) B_SPLINE_CURVE_WITH_KNOTS((3,3),(-2.4608390603,
-2.37836936639),.PIECEWISE_BEZIER_KNOTS.) CURVE() 
GEOMETRIC_REPRESENTATION_ITEM() RATIONAL_B_SPLINE_CURVE((1.,
1.000850276769,1.)) REPRESENTATION_ITEM('') );
#4808 = CARTESIAN_POINT('',(8.136363636364,1.285363295957));
#4809 = CARTESIAN_POINT('',(8.000210309793,1.52851109952));
#4810 = CARTESIAN_POINT('',(7.875,1.752701616704));
#4811 = ( GEOMETRIC_REPRESENTATION_CONTEXT(2) 
PARAMETRIC_REPRESENTATION_CONTEXT() REPRESENTATION_CONTEXT('2D SPACE',''
  ) );
#4812 = ADVANCED_FACE('',(#4813),#873,.T.);
#4813 = FACE_BOUND('',#4814,.T.);
#4814 = EDGE_LOOP('',(#4815,#4839,#4840,#4841));
#4815 = ORIENTED_EDGE('',*,*,#4816,.F.);
#4816 = EDGE_CURVE('',#857,#4817,#4819,.T.);
#4817 = VERTEX_POINT('',#4818);
#4818 = CARTESIAN_POINT('',(-5.814636704043,1.,20.236363636364));
#4819 = SURFACE_CURVE('',#4820,(#4825,#4832),.PCURVE_S1.);
#4820 = CIRCLE('',#4821,5.9);
#4821 = AXIS2_PLACEMENT_3D('',#4822,#4823,#4824);
#4822 = CARTESIAN_POINT('',(0.,0.,20.236363636364));
#4823 = DIRECTION('',(0.,0.,1.));
#4824 = DIRECTION('',(-0.985531644753,-0.169491525424,0.));
#4825 = PCURVE('',#873,#4826);
#4826 = DEFINITIONAL_REPRESENTATION('',(#4827),#4831);
#4827 = LINE('',#4828,#4829);
#4828 = CARTESIAN_POINT('',(3.311906360434,0.261363636364));
#4829 = VECTOR('',#4830,1.);
#4830 = DIRECTION('',(1.,0.));
#4831 = ( GEOMETRIC_REPRESENTATION_CONTEXT(2) 
PARAMETRIC_REPRESENTATION_CONTEXT() REPRESENTATION_CONTEXT('2D SPACE',''
  ) );
#4832 = PCURVE('',#903,#4833);
#4833 = DEFINITIONAL_REPRESENTATION('',(#4834),#4838);
#4834 = LINE('',#4835,#4836);
#4835 = CARTESIAN_POINT('',(3.311906360434,6.636363636364));
#4836 = VECTOR('',#4837,1.);
#4837 = DIRECTION('',(1.,0.));
#4838 = ( GEOMETRIC_REPRESENTATION_CONTEXT(2) 
PARAMETRIC_REPRESENTATION_CONTEXT() REPRESENTATION_CONTEXT('2D SPACE',''
  ) );
#4839 = ORIENTED_EDGE('',*,*,#856,.T.);
#4840 = ORIENTED_EDGE('',*,*,#4708,.T.);
#4841 = ORIENTED_EDGE('',*,*,#4842,.F.);
#4842 = EDGE_CURVE('',#4817,#4709,#4843,.T.);
#4843 = SURFACE_CURVE('',#4844,(#4849,#4859),.PCURVE_S1.);
#4844 = HYPERBOLA('',#4845,0.568181818182,1.);
#4845 = AXIS2_PLACEMENT_3D('',#4846,#4847,#4848);
#4846 = CARTESIAN_POINT('',(0.,1.,16.884090909091));
#4847 = DIRECTION('',(-0.,1.,0.));
#4848 = DIRECTION('',(0.,0.,1.));
#4849 = PCURVE('',#873,#4850);
#4850 = DEFINITIONAL_REPRESENTATION('',(#4851),#4858);
#4851 = B_SPLINE_CURVE_WITH_KNOTS('',5,(#4852,#4853,#4854,#4855,#4856,
    #4857),.UNSPECIFIED.,.F.,.F.,(6,6),(-2.4608390603,-2.37836936639),
  .PIECEWISE_BEZIER_KNOTS.);
#4852 = CARTESIAN_POINT('',(9.254464253926,0.261363636364));
#4853 = CARTESIAN_POINT('',(9.251668671081,0.206871442138));
#4854 = CARTESIAN_POINT('',(9.248816284443,0.153519230196));
#4855 = CARTESIAN_POINT('',(9.245905600599,0.101276116151));
#4856 = CARTESIAN_POINT('',(9.24293507281,5.011250692257E-02));
#4857 = CARTESIAN_POINT('',(9.239903098769,-3.81490145127E-16));
#4858 = ( GEOMETRIC_REPRESENTATION_CONTEXT(2) 
PARAMETRIC_REPRESENTATION_CONTEXT() REPRESENTATION_CONTEXT('2D SPACE',''
  ) );
#4859 = PCURVE('',#1888,#4860);
#4860 = DEFINITIONAL_REPRESENTATION('',(#4861),#4865);
#4861 = ( BOUNDED_CURVE() B_SPLINE_CURVE(2,(#4862,#4863,#4864),
.UNSPECIFIED.,.F.,.F.) B_SPLINE_CURVE_WITH_KNOTS((3,3),(-2.4608390603,
-2.37836936639),.PIECEWISE_BEZIER_KNOTS.) CURVE() 
GEOMETRIC_REPRESENTATION_ITEM() RATIONAL_B_SPLINE_CURVE((1.,
1.000850276769,1.)) REPRESENTATION_ITEM('') );
#4862 = CARTESIAN_POINT('',(6.636363636364,1.285363295957));
#4863 = CARTESIAN_POINT('',(6.500210309793,1.52851109952));
#4864 = CARTESIAN_POINT('',(6.375,1.752701616704));
#4865 = ( GEOMETRIC_REPRESENTATION_CONTEXT(2) 
PARAMETRIC_REPRESENTATION_CONTEXT() REPRESENTATION_CONTEXT('2D SPACE',''
  ) );
#4866 = ADVANCED_FACE('',(#4867),#1021,.T.);
#4867 = FACE_BOUND('',#4868,.T.);
#4868 = EDGE_LOOP('',(#4869,#4870,#4871,#4895));
#4869 = ORIENTED_EDGE('',*,*,#4764,.F.);
#4870 = ORIENTED_EDGE('',*,*,#1004,.T.);
#4871 = ORIENTED_EDGE('',*,*,#4872,.T.);
#4872 = EDGE_CURVE('',#979,#4873,#4875,.T.);
#4873 = VERTEX_POINT('',#4874);
#4874 = CARTESIAN_POINT('',(-5.814636704043,1.,21.213636363636));
#4875 = SURFACE_CURVE('',#4876,(#4881,#4888),.PCURVE_S1.);
#4876 = CIRCLE('',#4877,5.9);
#4877 = AXIS2_PLACEMENT_3D('',#4878,#4879,#4880);
#4878 = CARTESIAN_POINT('',(0.,0.,21.213636363636));
#4879 = DIRECTION('',(0.,0.,1.));
#4880 = DIRECTION('',(-0.985531644753,-0.169491525424,0.));
#4881 = PCURVE('',#1021,#4882);
#4882 = DEFINITIONAL_REPRESENTATION('',(#4883),#4887);
#4883 = LINE('',#4884,#4885);
#4884 = CARTESIAN_POINT('',(-3.311906360434,-0.113636363636));
#4885 = VECTOR('',#4886,1.);
#4886 = DIRECTION('',(-1.,-0.));
#4887 = ( GEOMETRIC_REPRESENTATION_CONTEXT(2) 
PARAMETRIC_REPRESENTATION_CONTEXT() REPRESENTATION_CONTEXT('2D SPACE',''
  ) );
#4888 = PCURVE('',#993,#4889);
#4889 = DEFINITIONAL_REPRESENTATION('',(#4890),#4894);
#4890 = LINE('',#4891,#4892);
#4891 = CARTESIAN_POINT('',(3.311906360434,7.613636363636));
#4892 = VECTOR('',#4893,1.);
#4893 = DIRECTION('',(1.,0.));
#4894 = ( GEOMETRIC_REPRESENTATION_CONTEXT(2) 
PARAMETRIC_REPRESENTATION_CONTEXT() REPRESENTATION_CONTEXT('2D SPACE',''
  ) );
#4895 = ORIENTED_EDGE('',*,*,#4896,.F.);
#4896 = EDGE_CURVE('',#4765,#4873,#4897,.T.);
#4897 = SURFACE_CURVE('',#4898,(#4903,#4913),.PCURVE_S1.);
#4898 = HYPERBOLA('',#4899,0.568181818182,1.);
#4899 = AXIS2_PLACEMENT_3D('',#4900,#4901,#4902);
#4900 = CARTESIAN_POINT('',(0.,1.,24.565909090909));
#4901 = DIRECTION('',(0.,1.,0.));
#4902 = DIRECTION('',(-0.,0.,-1.));
#4903 = PCURVE('',#1021,#4904);
#4904 = DEFINITIONAL_REPRESENTATION('',(#4905),#4912);
#4905 = B_SPLINE_CURVE_WITH_KNOTS('',5,(#4906,#4907,#4908,#4909,#4910,
    #4911),.UNSPECIFIED.,.F.,.F.,(6,6),(2.37836936639,2.4608390603),
  .PIECEWISE_BEZIER_KNOTS.);
#4906 = CARTESIAN_POINT('',(-9.239903098769,-0.375));
#4907 = CARTESIAN_POINT('',(-9.24293507281,-0.324887493077));
#4908 = CARTESIAN_POINT('',(-9.245905600599,-0.273723883849));
#4909 = CARTESIAN_POINT('',(-9.248816284443,-0.221480769804));
#4910 = CARTESIAN_POINT('',(-9.251668671081,-0.168128557862));
#4911 = CARTESIAN_POINT('',(-9.254464253926,-0.113636363636));
#4912 = ( GEOMETRIC_REPRESENTATION_CONTEXT(2) 
PARAMETRIC_REPRESENTATION_CONTEXT() REPRESENTATION_CONTEXT('2D SPACE',''
  ) );
#4913 = PCURVE('',#1888,#4914);
#4914 = DEFINITIONAL_REPRESENTATION('',(#4915),#4919);
#4915 = ( BOUNDED_CURVE() B_SPLINE_CURVE(2,(#4916,#4917,#4918),
.UNSPECIFIED.,.F.,.F.) B_SPLINE_CURVE_WITH_KNOTS((3,3),(2.37836936639,
2.4608390603),.PIECEWISE_BEZIER_KNOTS.) CURVE() 
GEOMETRIC_REPRESENTATION_ITEM() RATIONAL_B_SPLINE_CURVE((1.,
1.000850276769,1.)) REPRESENTATION_ITEM('') );
#4916 = CARTESIAN_POINT('',(7.875,1.752701616704));
#4917 = CARTESIAN_POINT('',(7.749789690207,1.52851109952));
#4918 = CARTESIAN_POINT('',(7.613636363636,1.285363295957));
#4919 = ( GEOMETRIC_REPRESENTATION_CONTEXT(2) 
PARAMETRIC_REPRESENTATION_CONTEXT() REPRESENTATION_CONTEXT('2D SPACE',''
  ) );
#4920 = ADVANCED_FACE('',(#4921),#903,.T.);
#4921 = FACE_BOUND('',#4922,.T.);
#4922 = EDGE_LOOP('',(#4923,#4947,#4948,#4949));
#4923 = ORIENTED_EDGE('',*,*,#4924,.F.);
#4924 = EDGE_CURVE('',#889,#4925,#4927,.T.);
#4925 = VERTEX_POINT('',#4926);
#4926 = CARTESIAN_POINT('',(-5.814636704043,1.,20.463636363636));
#4927 = SURFACE_CURVE('',#4928,(#4933,#4940),.PCURVE_S1.);
#4928 = CIRCLE('',#4929,5.9);
#4929 = AXIS2_PLACEMENT_3D('',#4930,#4931,#4932);
#4930 = CARTESIAN_POINT('',(0.,0.,20.463636363636));
#4931 = DIRECTION('',(0.,0.,1.));
#4932 = DIRECTION('',(-0.985531644753,-0.169491525424,0.));
#4933 = PCURVE('',#903,#4934);
#4934 = DEFINITIONAL_REPRESENTATION('',(#4935),#4939);
#4935 = LINE('',#4936,#4937);
#4936 = CARTESIAN_POINT('',(3.311906360434,6.863636363636));
#4937 = VECTOR('',#4938,1.);
#4938 = DIRECTION('',(1.,0.));
#4939 = ( GEOMETRIC_REPRESENTATION_CONTEXT(2) 
PARAMETRIC_REPRESENTATION_CONTEXT() REPRESENTATION_CONTEXT('2D SPACE',''
  ) );
#4940 = PCURVE('',#931,#4941);
#4941 = DEFINITIONAL_REPRESENTATION('',(#4942),#4946);
#4942 = LINE('',#4943,#4944);
#4943 = CARTESIAN_POINT('',(-3.311906360434,-0.113636363636));
#4944 = VECTOR('',#4945,1.);
#4945 = DIRECTION('',(-1.,-0.));
#4946 = ( GEOMETRIC_REPRESENTATION_CONTEXT(2) 
PARAMETRIC_REPRESENTATION_CONTEXT() REPRESENTATION_CONTEXT('2D SPACE',''
  ) );
#4947 = ORIENTED_EDGE('',*,*,#888,.F.);
#4948 = ORIENTED_EDGE('',*,*,#4816,.T.);
#4949 = ORIENTED_EDGE('',*,*,#4950,.T.);
#4950 = EDGE_CURVE('',#4817,#4925,#4951,.T.);
#4951 = SURFACE_CURVE('',#4952,(#4956,#4962),.PCURVE_S1.);
#4952 = LINE('',#4953,#4954);
#4953 = CARTESIAN_POINT('',(-5.814636704043,1.,13.6));
#4954 = VECTOR('',#4955,1.);
#4955 = DIRECTION('',(0.,0.,1.));
#4956 = PCURVE('',#903,#4957);
#4957 = DEFINITIONAL_REPRESENTATION('',(#4958),#4961);
#4958 = B_SPLINE_CURVE_WITH_KNOTS('',1,(#4959,#4960),.UNSPECIFIED.,.F.,
  .F.,(2,2),(6.636363636364,6.863636363636),.PIECEWISE_BEZIER_KNOTS.);
#4959 = CARTESIAN_POINT('',(9.254464253926,6.636363636364));
#4960 = CARTESIAN_POINT('',(9.254464253926,6.863636363636));
#4961 = ( GEOMETRIC_REPRESENTATION_CONTEXT(2) 
PARAMETRIC_REPRESENTATION_CONTEXT() REPRESENTATION_CONTEXT('2D SPACE',''
  ) );
#4962 = PCURVE('',#1888,#4963);
#4963 = DEFINITIONAL_REPRESENTATION('',(#4964),#4967);
#4964 = B_SPLINE_CURVE_WITH_KNOTS('',1,(#4965,#4966),.UNSPECIFIED.,.F.,
  .F.,(2,2),(6.636363036364,6.863636963636),.PIECEWISE_BEZIER_KNOTS.);
#4965 = CARTESIAN_POINT('',(6.636363036364,1.285363295957));
#4966 = CARTESIAN_POINT('',(6.863636963636,1.285363295957));
#4967 = ( GEOMETRIC_REPRESENTATION_CONTEXT(2) 
PARAMETRIC_REPRESENTATION_CONTEXT() REPRESENTATION_CONTEXT('2D SPACE',''
  ) );
#4968 = ADVANCED_FACE('',(#4969),#993,.T.);
#4969 = FACE_BOUND('',#4970,.T.);
#4970 = EDGE_LOOP('',(#4971,#4972,#4973,#4997));
#4971 = ORIENTED_EDGE('',*,*,#4872,.F.);
#4972 = ORIENTED_EDGE('',*,*,#978,.F.);
#4973 = ORIENTED_EDGE('',*,*,#4974,.T.);
#4974 = EDGE_CURVE('',#947,#4975,#4977,.T.);
#4975 = VERTEX_POINT('',#4976);
#4976 = CARTESIAN_POINT('',(-5.814636704043,1.,20.986363636364));
#4977 = SURFACE_CURVE('',#4978,(#4983,#4990),.PCURVE_S1.);
#4978 = CIRCLE('',#4979,5.9);
#4979 = AXIS2_PLACEMENT_3D('',#4980,#4981,#4982);
#4980 = CARTESIAN_POINT('',(0.,0.,20.986363636364));
#4981 = DIRECTION('',(0.,0.,1.));
#4982 = DIRECTION('',(-0.985531644753,-0.169491525424,0.));
#4983 = PCURVE('',#993,#4984);
#4984 = DEFINITIONAL_REPRESENTATION('',(#4985),#4989);
#4985 = LINE('',#4986,#4987);
#4986 = CARTESIAN_POINT('',(3.311906360434,7.386363636364));
#4987 = VECTOR('',#4988,1.);
#4988 = DIRECTION('',(1.,0.));
#4989 = ( GEOMETRIC_REPRESENTATION_CONTEXT(2) 
PARAMETRIC_REPRESENTATION_CONTEXT() REPRESENTATION_CONTEXT('2D SPACE',''
  ) );
#4990 = PCURVE('',#963,#4991);
#4991 = DEFINITIONAL_REPRESENTATION('',(#4992),#4996);
#4992 = LINE('',#4993,#4994);
#4993 = CARTESIAN_POINT('',(3.311906360434,0.261363636364));
#4994 = VECTOR('',#4995,1.);
#4995 = DIRECTION('',(1.,0.));
#4996 = ( GEOMETRIC_REPRESENTATION_CONTEXT(2) 
PARAMETRIC_REPRESENTATION_CONTEXT() REPRESENTATION_CONTEXT('2D SPACE',''
  ) );
#4997 = ORIENTED_EDGE('',*,*,#4998,.T.);
#4998 = EDGE_CURVE('',#4975,#4873,#4999,.T.);
#4999 = SURFACE_CURVE('',#5000,(#5004,#5010),.PCURVE_S1.);
#5000 = LINE('',#5001,#5002);
#5001 = CARTESIAN_POINT('',(-5.814636704043,1.,13.6));
#5002 = VECTOR('',#5003,1.);
#5003 = DIRECTION('',(0.,0.,1.));
#5004 = PCURVE('',#993,#5005);
#5005 = DEFINITIONAL_REPRESENTATION('',(#5006),#5009);
#5006 = B_SPLINE_CURVE_WITH_KNOTS('',1,(#5007,#5008),.UNSPECIFIED.,.F.,
  .F.,(2,2),(7.386363636364,7.613636363636),.PIECEWISE_BEZIER_KNOTS.);
#5007 = CARTESIAN_POINT('',(9.254464253926,7.386363636364));
#5008 = CARTESIAN_POINT('',(9.254464253926,7.613636363636));
#5009 = ( GEOMETRIC_REPRESENTATION_CONTEXT(2) 
PARAMETRIC_REPRESENTATION_CONTEXT() REPRESENTATION_CONTEXT('2D SPACE',''
  ) );
#5010 = PCURVE('',#1888,#5011);
#5011 = DEFINITIONAL_REPRESENTATION('',(#5012),#5015);
#5012 = B_SPLINE_CURVE_WITH_KNOTS('',1,(#5013,#5014),.UNSPECIFIED.,.F.,
  .F.,(2,2),(7.386363036364,7.613636963636),.PIECEWISE_BEZIER_KNOTS.);
#5013 = CARTESIAN_POINT('',(7.386363036364,1.285363295957));
#5014 = CARTESIAN_POINT('',(7.613636963636,1.285363295957));
#5015 = ( GEOMETRIC_REPRESENTATION_CONTEXT(2) 
PARAMETRIC_REPRESENTATION_CONTEXT() REPRESENTATION_CONTEXT('2D SPACE',''
  ) );
#5016 = ADVANCED_FACE('',(#5017),#931,.T.);
#5017 = FACE_BOUND('',#5018,.T.);
#5018 = EDGE_LOOP('',(#5019,#5043,#5044,#5045));
#5019 = ORIENTED_EDGE('',*,*,#5020,.F.);
#5020 = EDGE_CURVE('',#915,#5021,#5023,.T.);
#5021 = VERTEX_POINT('',#5022);
#5022 = CARTESIAN_POINT('',(-5.347298383296,1.,20.725));
#5023 = SURFACE_CURVE('',#5024,(#5029,#5036),.PCURVE_S1.);
#5024 = CIRCLE('',#5025,5.44);
#5025 = AXIS2_PLACEMENT_3D('',#5026,#5027,#5028);
#5026 = CARTESIAN_POINT('',(0.,0.,20.725));
#5027 = DIRECTION('',(0.,0.,1.));
#5028 = DIRECTION('',(-0.982959261635,-0.183823529412,0.));
#5029 = PCURVE('',#931,#5030);
#5030 = DEFINITIONAL_REPRESENTATION('',(#5031),#5035);
#5031 = LINE('',#5032,#5033);
#5032 = CARTESIAN_POINT('',(-3.32646751559,-0.375));
#5033 = VECTOR('',#5034,1.);
#5034 = DIRECTION('',(-1.,-0.));
#5035 = ( GEOMETRIC_REPRESENTATION_CONTEXT(2) 
PARAMETRIC_REPRESENTATION_CONTEXT() REPRESENTATION_CONTEXT('2D SPACE',''
  ) );
#5036 = PCURVE('',#963,#5037);
#5037 = DEFINITIONAL_REPRESENTATION('',(#5038),#5042);
#5038 = LINE('',#5039,#5040);
#5039 = CARTESIAN_POINT('',(3.32646751559,0.));
#5040 = VECTOR('',#5041,1.);
#5041 = DIRECTION('',(1.,0.));
#5042 = ( GEOMETRIC_REPRESENTATION_CONTEXT(2) 
PARAMETRIC_REPRESENTATION_CONTEXT() REPRESENTATION_CONTEXT('2D SPACE',''
  ) );
#5043 = ORIENTED_EDGE('',*,*,#914,.T.);
#5044 = ORIENTED_EDGE('',*,*,#4924,.T.);
#5045 = ORIENTED_EDGE('',*,*,#5046,.F.);
#5046 = EDGE_CURVE('',#5021,#4925,#5047,.T.);
#5047 = SURFACE_CURVE('',#5048,(#5053,#5063),.PCURVE_S1.);
#5048 = HYPERBOLA('',#5049,0.568181818182,1.);
#5049 = AXIS2_PLACEMENT_3D('',#5050,#5051,#5052);
#5050 = CARTESIAN_POINT('',(0.,1.,23.815909090909));
#5051 = DIRECTION('',(0.,1.,0.));
#5052 = DIRECTION('',(-0.,0.,-1.));
#5053 = PCURVE('',#931,#5054);
#5054 = DEFINITIONAL_REPRESENTATION('',(#5055),#5062);
#5055 = B_SPLINE_CURVE_WITH_KNOTS('',5,(#5056,#5057,#5058,#5059,#5060,
    #5061),.UNSPECIFIED.,.F.,.F.,(6,6),(2.37836936639,2.4608390603),
  .PIECEWISE_BEZIER_KNOTS.);
#5056 = CARTESIAN_POINT('',(-9.239903098769,-0.375));
#5057 = CARTESIAN_POINT('',(-9.24293507281,-0.324887493077));
#5058 = CARTESIAN_POINT('',(-9.245905600599,-0.273723883849));
#5059 = CARTESIAN_POINT('',(-9.248816284443,-0.221480769804));
#5060 = CARTESIAN_POINT('',(-9.251668671081,-0.168128557862));
#5061 = CARTESIAN_POINT('',(-9.254464253926,-0.113636363636));
#5062 = ( GEOMETRIC_REPRESENTATION_CONTEXT(2) 
PARAMETRIC_REPRESENTATION_CONTEXT() REPRESENTATION_CONTEXT('2D SPACE',''
  ) );
#5063 = PCURVE('',#1888,#5064);
#5064 = DEFINITIONAL_REPRESENTATION('',(#5065),#5069);
#5065 = ( BOUNDED_CURVE() B_SPLINE_CURVE(2,(#5066,#5067,#5068),
.UNSPECIFIED.,.F.,.F.) B_SPLINE_CURVE_WITH_KNOTS((3,3),(2.37836936639,
2.4608390603),.PIECEWISE_BEZIER_KNOTS.) CURVE() 
GEOMETRIC_REPRESENTATION_ITEM() RATIONAL_B_SPLINE_CURVE((1.,
1.000850276769,1.)) REPRESENTATION_ITEM('') );
#5066 = CARTESIAN_POINT('',(7.125,1.752701616704));
#5067 = CARTESIAN_POINT('',(6.999789690207,1.52851109952));
#5068 = CARTESIAN_POINT('',(6.863636363636,1.285363295957));
#5069 = ( GEOMETRIC_REPRESENTATION_CONTEXT(2) 
PARAMETRIC_REPRESENTATION_CONTEXT() REPRESENTATION_CONTEXT('2D SPACE',''
  ) );
#5070 = ADVANCED_FACE('',(#5071),#963,.T.);
#5071 = FACE_BOUND('',#5072,.T.);
#5072 = EDGE_LOOP('',(#5073,#5074,#5075,#5076));
#5073 = ORIENTED_EDGE('',*,*,#4974,.F.);
#5074 = ORIENTED_EDGE('',*,*,#946,.T.);
#5075 = ORIENTED_EDGE('',*,*,#5020,.T.);
#5076 = ORIENTED_EDGE('',*,*,#5077,.F.);
#5077 = EDGE_CURVE('',#4975,#5021,#5078,.T.);
#5078 = SURFACE_CURVE('',#5079,(#5084,#5094),.PCURVE_S1.);
#5079 = HYPERBOLA('',#5080,0.568181818182,1.);
#5080 = AXIS2_PLACEMENT_3D('',#5081,#5082,#5083);
#5081 = CARTESIAN_POINT('',(0.,1.,17.634090909091));
#5082 = DIRECTION('',(-0.,1.,0.));
#5083 = DIRECTION('',(0.,0.,1.));
#5084 = PCURVE('',#963,#5085);
#5085 = DEFINITIONAL_REPRESENTATION('',(#5086),#5093);
#5086 = B_SPLINE_CURVE_WITH_KNOTS('',5,(#5087,#5088,#5089,#5090,#5091,
    #5092),.UNSPECIFIED.,.F.,.F.,(6,6),(-2.4608390603,-2.37836936639),
  .PIECEWISE_BEZIER_KNOTS.);
#5087 = CARTESIAN_POINT('',(9.254464253926,0.261363636364));
#5088 = CARTESIAN_POINT('',(9.251668671081,0.206871442138));
#5089 = CARTESIAN_POINT('',(9.248816284443,0.153519230196));
#5090 = CARTESIAN_POINT('',(9.245905600599,0.101276116151));
#5091 = CARTESIAN_POINT('',(9.24293507281,5.011250692257E-02));
#5092 = CARTESIAN_POINT('',(9.239903098769,-3.81490145127E-16));
#5093 = ( GEOMETRIC_REPRESENTATION_CONTEXT(2) 
PARAMETRIC_REPRESENTATION_CONTEXT() REPRESENTATION_CONTEXT('2D SPACE',''
  ) );
#5094 = PCURVE('',#1888,#5095);
#5095 = DEFINITIONAL_REPRESENTATION('',(#5096),#5100);
#5096 = ( BOUNDED_CURVE() B_SPLINE_CURVE(2,(#5097,#5098,#5099),
.UNSPECIFIED.,.F.,.F.) B_SPLINE_CURVE_WITH_KNOTS((3,3),(-2.4608390603,
-2.37836936639),.PIECEWISE_BEZIER_KNOTS.) CURVE() 
GEOMETRIC_REPRESENTATION_ITEM() RATIONAL_B_SPLINE_CURVE((1.,
1.000850276769,1.)) REPRESENTATION_ITEM('') );
#5097 = CARTESIAN_POINT('',(7.386363636364,1.285363295957));
#5098 = CARTESIAN_POINT('',(7.250210309793,1.52851109952));
#5099 = CARTESIAN_POINT('',(7.125,1.752701616704));
#5100 = ( GEOMETRIC_REPRESENTATION_CONTEXT(2) 
PARAMETRIC_REPRESENTATION_CONTEXT() REPRESENTATION_CONTEXT('2D SPACE',''
  ) );
#5101 = ADVANCED_FACE('',(#5102),#1888,.F.);
#5102 = FACE_BOUND('',#5103,.F.);
#5103 = EDGE_LOOP('',(#5104,#5105,#5106,#5107,#5108,#5109,#5110,#5111,
    #5112,#5113,#5114,#5115,#5116,#5117,#5118,#5119,#5120,#5121,#5122,
    #5123,#5124,#5125,#5126,#5127,#5128,#5129,#5130,#5131,#5132,#5133,
    #5134,#5135,#5136,#5137,#5138,#5139,#5140,#5141,#5142,#5143,#5144,
    #5145,#5146,#5147,#5148,#5149,#5150,#5151,#5152,#5153,#5154,#5155,
    #5156,#5157,#5158,#5159,#5160,#5161,#5162,#5163));
#5104 = ORIENTED_EDGE('',*,*,#1872,.T.);
#5105 = ORIENTED_EDGE('',*,*,#2031,.F.);
#5106 = ORIENTED_EDGE('',*,*,#2244,.F.);
#5107 = ORIENTED_EDGE('',*,*,#2346,.F.);
#5108 = ORIENTED_EDGE('',*,*,#2454,.T.);
#5109 = ORIENTED_EDGE('',*,*,#2550,.F.);
#5110 = ORIENTED_EDGE('',*,*,#2658,.F.);
#5111 = ORIENTED_EDGE('',*,*,#2766,.T.);
#5112 = ORIENTED_EDGE('',*,*,#2862,.F.);
#5113 = ORIENTED_EDGE('',*,*,#2970,.F.);
#5114 = ORIENTED_EDGE('',*,*,#3078,.T.);
#5115 = ORIENTED_EDGE('',*,*,#3174,.F.);
#5116 = ORIENTED_EDGE('',*,*,#3282,.F.);
#5117 = ORIENTED_EDGE('',*,*,#3390,.T.);
#5118 = ORIENTED_EDGE('',*,*,#3486,.F.);
#5119 = ORIENTED_EDGE('',*,*,#3594,.F.);
#5120 = ORIENTED_EDGE('',*,*,#3702,.T.);
#5121 = ORIENTED_EDGE('',*,*,#3798,.F.);
#5122 = ORIENTED_EDGE('',*,*,#3906,.F.);
#5123 = ORIENTED_EDGE('',*,*,#4014,.T.);
#5124 = ORIENTED_EDGE('',*,*,#4110,.F.);
#5125 = ORIENTED_EDGE('',*,*,#4218,.F.);
#5126 = ORIENTED_EDGE('',*,*,#4326,.T.);
#5127 = ORIENTED_EDGE('',*,*,#4422,.F.);
#5128 = ORIENTED_EDGE('',*,*,#4530,.F.);
#5129 = ORIENTED_EDGE('',*,*,#4638,.T.);
#5130 = ORIENTED_EDGE('',*,*,#4734,.F.);
#5131 = ORIENTED_EDGE('',*,*,#4842,.F.);
#5132 = ORIENTED_EDGE('',*,*,#4950,.T.);
#5133 = ORIENTED_EDGE('',*,*,#5046,.F.);
#5134 = ORIENTED_EDGE('',*,*,#5077,.F.);
#5135 = ORIENTED_EDGE('',*,*,#4998,.T.);
#5136 = ORIENTED_EDGE('',*,*,#4896,.F.);
#5137 = ORIENTED_EDGE('',*,*,#4788,.F.);
#5138 = ORIENTED_EDGE('',*,*,#4686,.T.);
#5139 = ORIENTED_EDGE('',*,*,#4584,.F.);
#5140 = ORIENTED_EDGE('',*,*,#4476,.F.);
#5141 = ORIENTED_EDGE('',*,*,#4374,.T.);
#5142 = ORIENTED_EDGE('',*,*,#4272,.F.);
#5143 = ORIENTED_EDGE('',*,*,#4164,.F.);
#5144 = ORIENTED_EDGE('',*,*,#4062,.T.);
#5145 = ORIENTED_EDGE('',*,*,#3960,.F.);
#5146 = ORIENTED_EDGE('',*,*,#3852,.F.);
#5147 = ORIENTED_EDGE('',*,*,#3750,.T.);
#5148 = ORIENTED_EDGE('',*,*,#3648,.F.);
#5149 = ORIENTED_EDGE('',*,*,#3540,.F.);
#5150 = ORIENTED_EDGE('',*,*,#3438,.T.);
#5151 = ORIENTED_EDGE('',*,*,#3336,.F.);
#5152 = ORIENTED_EDGE('',*,*,#3228,.F.);
#5153 = ORIENTED_EDGE('',*,*,#3126,.T.);
#5154 = ORIENTED_EDGE('',*,*,#3024,.F.);
#5155 = ORIENTED_EDGE('',*,*,#2916,.F.);
#5156 = ORIENTED_EDGE('',*,*,#2814,.T.);
#5157 = ORIENTED_EDGE('',*,*,#2712,.F.);
#5158 = ORIENTED_EDGE('',*,*,#2604,.F.);
#5159 = ORIENTED_EDGE('',*,*,#2502,.T.);
#5160 = ORIENTED_EDGE('',*,*,#2400,.F.);
#5161 = ORIENTED_EDGE('',*,*,#2292,.F.);
#5162 = ORIENTED_EDGE('',*,*,#2081,.T.);
#5163 = ORIENTED_EDGE('',*,*,#1957,.F.);
#5164 = ADVANCED_FACE('',(#5165),#1940,.F.);
#5165 = FACE_BOUND('',#5166,.F.);
#5166 = EDGE_LOOP('',(#5167,#5168,#5191,#5218));
#5167 = ORIENTED_EDGE('',*,*,#1923,.F.);
#5168 = ORIENTED_EDGE('',*,*,#5169,.F.);
#5169 = EDGE_CURVE('',#5170,#1924,#5172,.T.);
#5170 = VERTEX_POINT('',#5171);
#5171 = CARTESIAN_POINT('',(4.,-9.797174393179E-16,15.));
#5172 = SEAM_CURVE('',#5173,(#5177,#5184),.PCURVE_S1.);
#5173 = LINE('',#5174,#5175);
#5174 = CARTESIAN_POINT('',(4.,-9.797174393179E-16,15.));
#5175 = VECTOR('',#5176,1.);
#5176 = DIRECTION('',(0.,0.,1.));
#5177 = PCURVE('',#1940,#5178);
#5178 = DEFINITIONAL_REPRESENTATION('',(#5179),#5183);
#5179 = LINE('',#5180,#5181);
#5180 = CARTESIAN_POINT('',(6.28318530718,-0.));
#5181 = VECTOR('',#5182,1.);
#5182 = DIRECTION('',(0.,1.));
#5183 = ( GEOMETRIC_REPRESENTATION_CONTEXT(2) 
PARAMETRIC_REPRESENTATION_CONTEXT() REPRESENTATION_CONTEXT('2D SPACE',''
  ) );
#5184 = PCURVE('',#1940,#5185);
#5185 = DEFINITIONAL_REPRESENTATION('',(#5186),#5190);
#5186 = LINE('',#5187,#5188);
#5187 = CARTESIAN_POINT('',(0.,-0.));
#5188 = VECTOR('',#5189,1.);
#5189 = DIRECTION('',(0.,1.));
#5190 = ( GEOMETRIC_REPRESENTATION_CONTEXT(2) 
PARAMETRIC_REPRESENTATION_CONTEXT() REPRESENTATION_CONTEXT('2D SPACE',''
  ) );
#5191 = ORIENTED_EDGE('',*,*,#5192,.T.);
#5192 = EDGE_CURVE('',#5170,#5170,#5193,.T.);
#5193 = SURFACE_CURVE('',#5194,(#5199,#5206),.PCURVE_S1.);
#5194 = CIRCLE('',#5195,4.);
#5195 = AXIS2_PLACEMENT_3D('',#5196,#5197,#5198);
#5196 = CARTESIAN_POINT('',(0.,0.,15.));
#5197 = DIRECTION('',(0.,0.,1.));
#5198 = DIRECTION('',(1.,0.,-0.));
#5199 = PCURVE('',#1940,#5200);
#5200 = DEFINITIONAL_REPRESENTATION('',(#5201),#5205);
#5201 = LINE('',#5202,#5203);
#5202 = CARTESIAN_POINT('',(0.,0.));
#5203 = VECTOR('',#5204,1.);
#5204 = DIRECTION('',(1.,0.));
#5205 = ( GEOMETRIC_REPRESENTATION_CONTEXT(2) 
PARAMETRIC_REPRESENTATION_CONTEXT() REPRESENTATION_CONTEXT('2D SPACE',''
  ) );
#5206 = PCURVE('',#5207,#5212);
#5207 = PLANE('',#5208);
#5208 = AXIS2_PLACEMENT_3D('',#5209,#5210,#5211);
#5209 = CARTESIAN_POINT('',(0.,0.,15.));
#5210 = DIRECTION('',(0.,0.,1.));
#5211 = DIRECTION('',(1.,0.,-0.));
#5212 = DEFINITIONAL_REPRESENTATION('',(#5213),#5217);
#5213 = CIRCLE('',#5214,4.);
#5214 = AXIS2_PLACEMENT_2D('',#5215,#5216);
#5215 = CARTESIAN_POINT('',(0.,0.));
#5216 = DIRECTION('',(1.,0.));
#5217 = ( GEOMETRIC_REPRESENTATION_CONTEXT(2) 
PARAMETRIC_REPRESENTATION_CONTEXT() REPRESENTATION_CONTEXT('2D SPACE',''
  ) );
#5218 = ORIENTED_EDGE('',*,*,#5169,.T.);
#5219 = ADVANCED_FACE('',(#5220),#2122,.F.);
#5220 = FACE_BOUND('',#5221,.F.);
#5221 = EDGE_LOOP('',(#5222,#5245,#5273,#5294));
#5222 = ORIENTED_EDGE('',*,*,#5223,.F.);
#5223 = EDGE_CURVE('',#5224,#2105,#5226,.T.);
#5224 = VERTEX_POINT('',#5225);
#5225 = CARTESIAN_POINT('',(-6.,-6.,13.2));
#5226 = SURFACE_CURVE('',#5227,(#5231,#5238),.PCURVE_S1.);
#5227 = LINE('',#5228,#5229);
#5228 = CARTESIAN_POINT('',(-6.,-6.,13.2));
#5229 = VECTOR('',#5230,1.);
#5230 = DIRECTION('',(0.,0.,1.));
#5231 = PCURVE('',#2122,#5232);
#5232 = DEFINITIONAL_REPRESENTATION('',(#5233),#5237);
#5233 = LINE('',#5234,#5235);
#5234 = CARTESIAN_POINT('',(0.,0.));
#5235 = VECTOR('',#5236,1.);
#5236 = DIRECTION('',(1.,0.));
#5237 = ( GEOMETRIC_REPRESENTATION_CONTEXT(2) 
PARAMETRIC_REPRESENTATION_CONTEXT() REPRESENTATION_CONTEXT('2D SPACE',''
  ) );
#5238 = PCURVE('',#2150,#5239);
#5239 = DEFINITIONAL_REPRESENTATION('',(#5240),#5244);
#5240 = LINE('',#5241,#5242);
#5241 = CARTESIAN_POINT('',(0.,0.));
#5242 = VECTOR('',#5243,1.);
#5243 = DIRECTION('',(1.,0.));
#5244 = ( GEOMETRIC_REPRESENTATION_CONTEXT(2) 
PARAMETRIC_REPRESENTATION_CONTEXT() REPRESENTATION_CONTEXT('2D SPACE',''
  ) );
#5245 = ORIENTED_EDGE('',*,*,#5246,.T.);
#5246 = EDGE_CURVE('',#5224,#5247,#5249,.T.);
#5247 = VERTEX_POINT('',#5248);
#5248 = CARTESIAN_POINT('',(-6.,6.,13.2));
#5249 = SURFACE_CURVE('',#5250,(#5254,#5261),.PCURVE_S1.);
#5250 = LINE('',#5251,#5252);
#5251 = CARTESIAN_POINT('',(-6.,-6.,13.2));
#5252 = VECTOR('',#5253,1.);
#5253 = DIRECTION('',(-0.,1.,0.));
#5254 = PCURVE('',#2122,#5255);
#5255 = DEFINITIONAL_REPRESENTATION('',(#5256),#5260);
#5256 = LINE('',#5257,#5258);
#5257 = CARTESIAN_POINT('',(0.,0.));
#5258 = VECTOR('',#5259,1.);
#5259 = DIRECTION('',(0.,-1.));
#5260 = ( GEOMETRIC_REPRESENTATION_CONTEXT(2) 
PARAMETRIC_REPRESENTATION_CONTEXT() REPRESENTATION_CONTEXT('2D SPACE',''
  ) );
#5261 = PCURVE('',#5262,#5267);
#5262 = PLANE('',#5263);
#5263 = AXIS2_PLACEMENT_3D('',#5264,#5265,#5266);
#5264 = CARTESIAN_POINT('',(-6.,-6.,13.2));
#5265 = DIRECTION('',(0.,0.,1.));
#5266 = DIRECTION('',(1.,0.,-0.));
#5267 = DEFINITIONAL_REPRESENTATION('',(#5268),#5272);
#5268 = LINE('',#5269,#5270);
#5269 = CARTESIAN_POINT('',(0.,0.));
#5270 = VECTOR('',#5271,1.);
#5271 = DIRECTION('',(0.,1.));
#5272 = ( GEOMETRIC_REPRESENTATION_CONTEXT(2) 
PARAMETRIC_REPRESENTATION_CONTEXT() REPRESENTATION_CONTEXT('2D SPACE',''
  ) );
#5273 = ORIENTED_EDGE('',*,*,#5274,.T.);
#5274 = EDGE_CURVE('',#5247,#2107,#5275,.T.);
#5275 = SURFACE_CURVE('',#5276,(#5280,#5287),.PCURVE_S1.);
#5276 = LINE('',#5277,#5278);
#5277 = CARTESIAN_POINT('',(-6.,6.,13.2));
#5278 = VECTOR('',#5279,1.);
#5279 = DIRECTION('',(0.,0.,1.));
#5280 = PCURVE('',#2122,#5281);
#5281 = DEFINITIONAL_REPRESENTATION('',(#5282),#5286);
#5282 = LINE('',#5283,#5284);
#5283 = CARTESIAN_POINT('',(0.,-12.));
#5284 = VECTOR('',#5285,1.);
#5285 = DIRECTION('',(1.,0.));
#5286 = ( GEOMETRIC_REPRESENTATION_CONTEXT(2) 
PARAMETRIC_REPRESENTATION_CONTEXT() REPRESENTATION_CONTEXT('2D SPACE',''
  ) );
#5287 = PCURVE('',#2204,#5288);
#5288 = DEFINITIONAL_REPRESENTATION('',(#5289),#5293);
#5289 = LINE('',#5290,#5291);
#5290 = CARTESIAN_POINT('',(0.,0.));
#5291 = VECTOR('',#5292,1.);
#5292 = DIRECTION('',(1.,0.));
#5293 = ( GEOMETRIC_REPRESENTATION_CONTEXT(2) 
PARAMETRIC_REPRESENTATION_CONTEXT() REPRESENTATION_CONTEXT('2D SPACE',''
  ) );
#5294 = ORIENTED_EDGE('',*,*,#2104,.F.);
#5295 = ADVANCED_FACE('',(#5296),#2204,.T.);
#5296 = FACE_BOUND('',#5297,.T.);
#5297 = EDGE_LOOP('',(#5298,#5321,#5322,#5323));
#5298 = ORIENTED_EDGE('',*,*,#5299,.F.);
#5299 = EDGE_CURVE('',#5247,#5300,#5302,.T.);
#5300 = VERTEX_POINT('',#5301);
#5301 = CARTESIAN_POINT('',(6.,6.,13.2));
#5302 = SURFACE_CURVE('',#5303,(#5307,#5314),.PCURVE_S1.);
#5303 = LINE('',#5304,#5305);
#5304 = CARTESIAN_POINT('',(-6.,6.,13.2));
#5305 = VECTOR('',#5306,1.);
#5306 = DIRECTION('',(1.,0.,-0.));
#5307 = PCURVE('',#2204,#5308);
#5308 = DEFINITIONAL_REPRESENTATION('',(#5309),#5313);
#5309 = LINE('',#5310,#5311);
#5310 = CARTESIAN_POINT('',(0.,0.));
#5311 = VECTOR('',#5312,1.);
#5312 = DIRECTION('',(0.,1.));
#5313 = ( GEOMETRIC_REPRESENTATION_CONTEXT(2) 
PARAMETRIC_REPRESENTATION_CONTEXT() REPRESENTATION_CONTEXT('2D SPACE',''
  ) );
#5314 = PCURVE('',#5262,#5315);
#5315 = DEFINITIONAL_REPRESENTATION('',(#5316),#5320);
#5316 = LINE('',#5317,#5318);
#5317 = CARTESIAN_POINT('',(0.,12.));
#5318 = VECTOR('',#5319,1.);
#5319 = DIRECTION('',(1.,0.));
#5320 = ( GEOMETRIC_REPRESENTATION_CONTEXT(2) 
PARAMETRIC_REPRESENTATION_CONTEXT() REPRESENTATION_CONTEXT('2D SPACE',''
  ) );
#5321 = ORIENTED_EDGE('',*,*,#5274,.T.);
#5322 = ORIENTED_EDGE('',*,*,#2190,.T.);
#5323 = ORIENTED_EDGE('',*,*,#5324,.F.);
#5324 = EDGE_CURVE('',#5300,#2163,#5325,.T.);
#5325 = SURFACE_CURVE('',#5326,(#5330,#5337),.PCURVE_S1.);
#5326 = LINE('',#5327,#5328);
#5327 = CARTESIAN_POINT('',(6.,6.,13.2));
#5328 = VECTOR('',#5329,1.);
#5329 = DIRECTION('',(0.,0.,1.));
#5330 = PCURVE('',#2204,#5331);
#5331 = DEFINITIONAL_REPRESENTATION('',(#5332),#5336);
#5332 = LINE('',#5333,#5334);
#5333 = CARTESIAN_POINT('',(0.,12.));
#5334 = VECTOR('',#5335,1.);
#5335 = DIRECTION('',(1.,0.));
#5336 = ( GEOMETRIC_REPRESENTATION_CONTEXT(2) 
PARAMETRIC_REPRESENTATION_CONTEXT() REPRESENTATION_CONTEXT('2D SPACE',''
  ) );
#5337 = PCURVE('',#2178,#5338);
#5338 = DEFINITIONAL_REPRESENTATION('',(#5339),#5343);
#5339 = LINE('',#5340,#5341);
#5340 = CARTESIAN_POINT('',(0.,-12.));
#5341 = VECTOR('',#5342,1.);
#5342 = DIRECTION('',(1.,0.));
#5343 = ( GEOMETRIC_REPRESENTATION_CONTEXT(2) 
PARAMETRIC_REPRESENTATION_CONTEXT() REPRESENTATION_CONTEXT('2D SPACE',''
  ) );
#5344 = ADVANCED_FACE('',(#5345),#2150,.F.);
#5345 = FACE_BOUND('',#5346,.F.);
#5346 = EDGE_LOOP('',(#5347,#5370,#5371,#5372));
#5347 = ORIENTED_EDGE('',*,*,#5348,.F.);
#5348 = EDGE_CURVE('',#5224,#5349,#5351,.T.);
#5349 = VERTEX_POINT('',#5350);
#5350 = CARTESIAN_POINT('',(6.,-6.,13.2));
#5351 = SURFACE_CURVE('',#5352,(#5356,#5363),.PCURVE_S1.);
#5352 = LINE('',#5353,#5354);
#5353 = CARTESIAN_POINT('',(-6.,-6.,13.2));
#5354 = VECTOR('',#5355,1.);
#5355 = DIRECTION('',(1.,0.,-0.));
#5356 = PCURVE('',#2150,#5357);
#5357 = DEFINITIONAL_REPRESENTATION('',(#5358),#5362);
#5358 = LINE('',#5359,#5360);
#5359 = CARTESIAN_POINT('',(0.,0.));
#5360 = VECTOR('',#5361,1.);
#5361 = DIRECTION('',(0.,1.));
#5362 = ( GEOMETRIC_REPRESENTATION_CONTEXT(2) 
PARAMETRIC_REPRESENTATION_CONTEXT() REPRESENTATION_CONTEXT('2D SPACE',''
  ) );
#5363 = PCURVE('',#5262,#5364);
#5364 = DEFINITIONAL_REPRESENTATION('',(#5365),#5369);
#5365 = LINE('',#5366,#5367);
#5366 = CARTESIAN_POINT('',(0.,0.));
#5367 = VECTOR('',#5368,1.);
#5368 = DIRECTION('',(1.,0.));
#5369 = ( GEOMETRIC_REPRESENTATION_CONTEXT(2) 
PARAMETRIC_REPRESENTATION_CONTEXT() REPRESENTATION_CONTEXT('2D SPACE',''
  ) );
#5370 = ORIENTED_EDGE('',*,*,#5223,.T.);
#5371 = ORIENTED_EDGE('',*,*,#2134,.T.);
#5372 = ORIENTED_EDGE('',*,*,#5373,.F.);
#5373 = EDGE_CURVE('',#5349,#2135,#5374,.T.);
#5374 = SURFACE_CURVE('',#5375,(#5379,#5386),.PCURVE_S1.);
#5375 = LINE('',#5376,#5377);
#5376 = CARTESIAN_POINT('',(6.,-6.,13.2));
#5377 = VECTOR('',#5378,1.);
#5378 = DIRECTION('',(0.,0.,1.));
#5379 = PCURVE('',#2150,#5380);
#5380 = DEFINITIONAL_REPRESENTATION('',(#5381),#5385);
#5381 = LINE('',#5382,#5383);
#5382 = CARTESIAN_POINT('',(0.,12.));
#5383 = VECTOR('',#5384,1.);
#5384 = DIRECTION('',(1.,0.));
#5385 = ( GEOMETRIC_REPRESENTATION_CONTEXT(2) 
PARAMETRIC_REPRESENTATION_CONTEXT() REPRESENTATION_CONTEXT('2D SPACE',''
  ) );
#5386 = PCURVE('',#2178,#5387);
#5387 = DEFINITIONAL_REPRESENTATION('',(#5388),#5392);
#5388 = LINE('',#5389,#5390);
#5389 = CARTESIAN_POINT('',(0.,0.));
#5390 = VECTOR('',#5391,1.);
#5391 = DIRECTION('',(1.,0.));
#5392 = ( GEOMETRIC_REPRESENTATION_CONTEXT(2) 
PARAMETRIC_REPRESENTATION_CONTEXT() REPRESENTATION_CONTEXT('2D SPACE',''
  ) );
#5393 = ADVANCED_FACE('',(#5394),#2178,.T.);
#5394 = FACE_BOUND('',#5395,.T.);
#5395 = EDGE_LOOP('',(#5396,#5397,#5418,#5419));
#5396 = ORIENTED_EDGE('',*,*,#5373,.F.);
#5397 = ORIENTED_EDGE('',*,*,#5398,.T.);
#5398 = EDGE_CURVE('',#5349,#5300,#5399,.T.);
#5399 = SURFACE_CURVE('',#5400,(#5404,#5411),.PCURVE_S1.);
#5400 = LINE('',#5401,#5402);
#5401 = CARTESIAN_POINT('',(6.,-6.,13.2));
#5402 = VECTOR('',#5403,1.);
#5403 = DIRECTION('',(-0.,1.,0.));
#5404 = PCURVE('',#2178,#5405);
#5405 = DEFINITIONAL_REPRESENTATION('',(#5406),#5410);
#5406 = LINE('',#5407,#5408);
#5407 = CARTESIAN_POINT('',(0.,0.));
#5408 = VECTOR('',#5409,1.);
#5409 = DIRECTION('',(0.,-1.));
#5410 = ( GEOMETRIC_REPRESENTATION_CONTEXT(2) 
PARAMETRIC_REPRESENTATION_CONTEXT() REPRESENTATION_CONTEXT('2D SPACE',''
  ) );
#5411 = PCURVE('',#5262,#5412);
#5412 = DEFINITIONAL_REPRESENTATION('',(#5413),#5417);
#5413 = LINE('',#5414,#5415);
#5414 = CARTESIAN_POINT('',(12.,0.));
#5415 = VECTOR('',#5416,1.);
#5416 = DIRECTION('',(0.,1.));
#5417 = ( GEOMETRIC_REPRESENTATION_CONTEXT(2) 
PARAMETRIC_REPRESENTATION_CONTEXT() REPRESENTATION_CONTEXT('2D SPACE',''
  ) );
#5418 = ORIENTED_EDGE('',*,*,#5324,.T.);
#5419 = ORIENTED_EDGE('',*,*,#2162,.F.);
#5420 = ADVANCED_FACE('',(#5421),#5207,.T.);
#5421 = FACE_BOUND('',#5422,.F.);
#5422 = EDGE_LOOP('',(#5423));
#5423 = ORIENTED_EDGE('',*,*,#5192,.F.);
#5424 = ADVANCED_FACE('',(#5425),#5262,.F.);
#5425 = FACE_BOUND('',#5426,.F.);
#5426 = EDGE_LOOP('',(#5427,#5428,#5429,#5430));
#5427 = ORIENTED_EDGE('',*,*,#5246,.F.);
#5428 = ORIENTED_EDGE('',*,*,#5348,.T.);
#5429 = ORIENTED_EDGE('',*,*,#5398,.T.);
#5430 = ORIENTED_EDGE('',*,*,#5299,.F.);
#5431 = MANIFOLD_SOLID_BREP('',#5432);
#5432 = CLOSED_SHELL('',(#5433,#5521,#5575,#5629,#5664,#5668,#5723));
#5433 = ADVANCED_FACE('',(#5434),#5448,.T.);
#5434 = FACE_BOUND('',#5435,.T.);
#5435 = EDGE_LOOP('',(#5436,#5466,#5493,#5494));
#5436 = ORIENTED_EDGE('',*,*,#5437,.T.);
#5437 = EDGE_CURVE('',#5438,#5440,#5442,.T.);
#5438 = VERTEX_POINT('',#5439);
#5439 = CARTESIAN_POINT('',(4.4,0.,34.1));
#5440 = VERTEX_POINT('',#5441);
#5441 = CARTESIAN_POINT('',(4.4,0.,38.6));
#5442 = SEAM_CURVE('',#5443,(#5447,#5459),.PCURVE_S1.);
#5443 = LINE('',#5444,#5445);
#5444 = CARTESIAN_POINT('',(4.4,-1.07768918325E-15,33.6));
#5445 = VECTOR('',#5446,1.);
#5446 = DIRECTION('',(0.,0.,1.));
#5447 = PCURVE('',#5448,#5453);
#5448 = CYLINDRICAL_SURFACE('',#5449,4.4);
#5449 = AXIS2_PLACEMENT_3D('',#5450,#5451,#5452);
#5450 = CARTESIAN_POINT('',(0.,0.,33.6));
#5451 = DIRECTION('',(0.,0.,1.));
#5452 = DIRECTION('',(1.,0.,-0.));
#5453 = DEFINITIONAL_REPRESENTATION('',(#5454),#5458);
#5454 = LINE('',#5455,#5456);
#5455 = CARTESIAN_POINT('',(6.28318530718,-0.));
#5456 = VECTOR('',#5457,1.);
#5457 = DIRECTION('',(0.,1.));
#5458 = ( GEOMETRIC_REPRESENTATION_CONTEXT(2) 
PARAMETRIC_REPRESENTATION_CONTEXT() REPRESENTATION_CONTEXT('2D SPACE',''
  ) );
#5459 = PCURVE('',#5448,#5460);
#5460 = DEFINITIONAL_REPRESENTATION('',(#5461),#5465);
#5461 = LINE('',#5462,#5463);
#5462 = CARTESIAN_POINT('',(0.,-0.));
#5463 = VECTOR('',#5464,1.);
#5464 = DIRECTION('',(0.,1.));
#5465 = ( GEOMETRIC_REPRESENTATION_CONTEXT(2) 
PARAMETRIC_REPRESENTATION_CONTEXT() REPRESENTATION_CONTEXT('2D SPACE',''
  ) );
#5466 = ORIENTED_EDGE('',*,*,#5467,.F.);
#5467 = EDGE_CURVE('',#5440,#5440,#5468,.T.);
#5468 = SURFACE_CURVE('',#5469,(#5474,#5481),.PCURVE_S1.);
#5469 = CIRCLE('',#5470,4.4);
#5470 = AXIS2_PLACEMENT_3D('',#5471,#5472,#5473);
#5471 = CARTESIAN_POINT('',(0.,0.,38.6));
#5472 = DIRECTION('',(0.,0.,1.));
#5473 = DIRECTION('',(1.,0.,-0.));
#5474 = PCURVE('',#5448,#5475);
#5475 = DEFINITIONAL_REPRESENTATION('',(#5476),#5480);
#5476 = LINE('',#5477,#5478);
#5477 = CARTESIAN_POINT('',(0.,5.));
#5478 = VECTOR('',#5479,1.);
#5479 = DIRECTION('',(1.,0.));
#5480 = ( GEOMETRIC_REPRESENTATION_CONTEXT(2) 
PARAMETRIC_REPRESENTATION_CONTEXT() REPRESENTATION_CONTEXT('2D SPACE',''
  ) );
#5481 = PCURVE('',#5482,#5487);
#5482 = TOROIDAL_SURFACE('',#5483,3.9,0.5);
#5483 = AXIS2_PLACEMENT_3D('',#5484,#5485,#5486);
#5484 = CARTESIAN_POINT('',(0.,0.,38.6));
#5485 = DIRECTION('',(0.,0.,1.));
#5486 = DIRECTION('',(1.,0.,-0.));
#5487 = DEFINITIONAL_REPRESENTATION('',(#5488),#5492);
#5488 = LINE('',#5489,#5490);
#5489 = CARTESIAN_POINT('',(0.,0.));
#5490 = VECTOR('',#5491,1.);
#5491 = DIRECTION('',(1.,0.));
#5492 = ( GEOMETRIC_REPRESENTATION_CONTEXT(2) 
PARAMETRIC_REPRESENTATION_CONTEXT() REPRESENTATION_CONTEXT('2D SPACE',''
  ) );
#5493 = ORIENTED_EDGE('',*,*,#5437,.F.);
#5494 = ORIENTED_EDGE('',*,*,#5495,.T.);
#5495 = EDGE_CURVE('',#5438,#5438,#5496,.T.);
#5496 = SURFACE_CURVE('',#5497,(#5502,#5509),.PCURVE_S1.);
#5497 = CIRCLE('',#5498,4.4);
#5498 = AXIS2_PLACEMENT_3D('',#5499,#5500,#5501);
#5499 = CARTESIAN_POINT('',(0.,0.,34.1));
#5500 = DIRECTION('',(0.,0.,1.));
#5501 = DIRECTION('',(1.,0.,-0.));
#5502 = PCURVE('',#5448,#5503);
#5503 = DEFINITIONAL_REPRESENTATION('',(#5504),#5508);
#5504 = LINE('',#5505,#5506);
#5505 = CARTESIAN_POINT('',(0.,0.5));
#5506 = VECTOR('',#5507,1.);
#5507 = DIRECTION('',(1.,0.));
#5508 = ( GEOMETRIC_REPRESENTATION_CONTEXT(2) 
PARAMETRIC_REPRESENTATION_CONTEXT() REPRESENTATION_CONTEXT('2D SPACE',''
  ) );
#5509 = PCURVE('',#5510,#5515);
#5510 = TOROIDAL_SURFACE('',#5511,3.9,0.5);
#5511 = AXIS2_PLACEMENT_3D('',#5512,#5513,#5514);
#5512 = CARTESIAN_POINT('',(0.,0.,34.1));
#5513 = DIRECTION('',(-0.,-0.,-1.));
#5514 = DIRECTION('',(1.,0.,-0.));
#5515 = DEFINITIONAL_REPRESENTATION('',(#5516),#5520);
#5516 = LINE('',#5517,#5518);
#5517 = CARTESIAN_POINT('',(-0.,0.));
#5518 = VECTOR('',#5519,1.);
#5519 = DIRECTION('',(-1.,0.));
#5520 = ( GEOMETRIC_REPRESENTATION_CONTEXT(2) 
PARAMETRIC_REPRESENTATION_CONTEXT() REPRESENTATION_CONTEXT('2D SPACE',''
  ) );
#5521 = ADVANCED_FACE('',(#5522),#5510,.T.);
#5522 = FACE_BOUND('',#5523,.F.);
#5523 = EDGE_LOOP('',(#5524,#5546,#5547,#5548));
#5524 = ORIENTED_EDGE('',*,*,#5525,.F.);
#5525 = EDGE_CURVE('',#5438,#5526,#5528,.T.);
#5526 = VERTEX_POINT('',#5527);
#5527 = CARTESIAN_POINT('',(3.9,0.,33.6));
#5528 = SEAM_CURVE('',#5529,(#5534,#5540),.PCURVE_S1.);
#5529 = CIRCLE('',#5530,0.5);
#5530 = AXIS2_PLACEMENT_3D('',#5531,#5532,#5533);
#5531 = CARTESIAN_POINT('',(3.9,0.,34.1));
#5532 = DIRECTION('',(0.,1.,0.));
#5533 = DIRECTION('',(1.,0.,-0.));
#5534 = PCURVE('',#5510,#5535);
#5535 = DEFINITIONAL_REPRESENTATION('',(#5536),#5539);
#5536 = B_SPLINE_CURVE_WITH_KNOTS('',1,(#5537,#5538),.UNSPECIFIED.,.F.,
  .F.,(2,2),(0.,1.570796326795),.PIECEWISE_BEZIER_KNOTS.);
#5537 = CARTESIAN_POINT('',(0.,0.));
#5538 = CARTESIAN_POINT('',(0.,1.570796326795));
#5539 = ( GEOMETRIC_REPRESENTATION_CONTEXT(2) 
PARAMETRIC_REPRESENTATION_CONTEXT() REPRESENTATION_CONTEXT('2D SPACE',''
  ) );
#5540 = PCURVE('',#5510,#5541);
#5541 = DEFINITIONAL_REPRESENTATION('',(#5542),#5545);
#5542 = B_SPLINE_CURVE_WITH_KNOTS('',1,(#5543,#5544),.UNSPECIFIED.,.F.,
  .F.,(2,2),(0.,1.570796326795),.PIECEWISE_BEZIER_KNOTS.);
#5543 = CARTESIAN_POINT('',(-6.28318530718,0.));
#5544 = CARTESIAN_POINT('',(-6.28318530718,1.570796326795));
#5545 = ( GEOMETRIC_REPRESENTATION_CONTEXT(2) 
PARAMETRIC_REPRESENTATION_CONTEXT() REPRESENTATION_CONTEXT('2D SPACE',''
  ) );
#5546 = ORIENTED_EDGE('',*,*,#5495,.F.);
#5547 = ORIENTED_EDGE('',*,*,#5525,.T.);
#5548 = ORIENTED_EDGE('',*,*,#5549,.T.);
#5549 = EDGE_CURVE('',#5526,#5526,#5550,.T.);
#5550 = SURFACE_CURVE('',#5551,(#5556,#5563),.PCURVE_S1.);
#5551 = CIRCLE('',#5552,3.9);
#5552 = AXIS2_PLACEMENT_3D('',#5553,#5554,#5555);
#5553 = CARTESIAN_POINT('',(0.,0.,33.6));
#5554 = DIRECTION('',(0.,0.,1.));
#5555 = DIRECTION('',(1.,0.,-0.));
#5556 = PCURVE('',#5510,#5557);
#5557 = DEFINITIONAL_REPRESENTATION('',(#5558),#5562);
#5558 = LINE('',#5559,#5560);
#5559 = CARTESIAN_POINT('',(-0.,1.570796326795));
#5560 = VECTOR('',#5561,1.);
#5561 = DIRECTION('',(-1.,0.));
#5562 = ( GEOMETRIC_REPRESENTATION_CONTEXT(2) 
PARAMETRIC_REPRESENTATION_CONTEXT() REPRESENTATION_CONTEXT('2D SPACE',''
  ) );
#5563 = PCURVE('',#5564,#5569);
#5564 = PLANE('',#5565);
#5565 = AXIS2_PLACEMENT_3D('',#5566,#5567,#5568);
#5566 = CARTESIAN_POINT('',(0.,0.,33.6));
#5567 = DIRECTION('',(0.,0.,1.));
#5568 = DIRECTION('',(1.,0.,-0.));
#5569 = DEFINITIONAL_REPRESENTATION('',(#5570),#5574);
#5570 = CIRCLE('',#5571,3.9);
#5571 = AXIS2_PLACEMENT_2D('',#5572,#5573);
#5572 = CARTESIAN_POINT('',(0.,0.));
#5573 = DIRECTION('',(1.,0.));
#5574 = ( GEOMETRIC_REPRESENTATION_CONTEXT(2) 
PARAMETRIC_REPRESENTATION_CONTEXT() REPRESENTATION_CONTEXT('2D SPACE',''
  ) );
#5575 = ADVANCED_FACE('',(#5576),#5482,.T.);
#5576 = FACE_BOUND('',#5577,.T.);
#5577 = EDGE_LOOP('',(#5578,#5600,#5601,#5602));
#5578 = ORIENTED_EDGE('',*,*,#5579,.F.);
#5579 = EDGE_CURVE('',#5440,#5580,#5582,.T.);
#5580 = VERTEX_POINT('',#5581);
#5581 = CARTESIAN_POINT('',(3.9,0.,39.1));
#5582 = SEAM_CURVE('',#5583,(#5588,#5594),.PCURVE_S1.);
#5583 = CIRCLE('',#5584,0.5);
#5584 = AXIS2_PLACEMENT_3D('',#5585,#5586,#5587);
#5585 = CARTESIAN_POINT('',(3.9,0.,38.6));
#5586 = DIRECTION('',(0.,-1.,0.));
#5587 = DIRECTION('',(1.,0.,0.));
#5588 = PCURVE('',#5482,#5589);
#5589 = DEFINITIONAL_REPRESENTATION('',(#5590),#5593);
#5590 = B_SPLINE_CURVE_WITH_KNOTS('',1,(#5591,#5592),.UNSPECIFIED.,.F.,
  .F.,(2,2),(0.,1.570796326795),.PIECEWISE_BEZIER_KNOTS.);
#5591 = CARTESIAN_POINT('',(0.,0.));
#5592 = CARTESIAN_POINT('',(0.,1.570796326795));
#5593 = ( GEOMETRIC_REPRESENTATION_CONTEXT(2) 
PARAMETRIC_REPRESENTATION_CONTEXT() REPRESENTATION_CONTEXT('2D SPACE',''
  ) );
#5594 = PCURVE('',#5482,#5595);
#5595 = DEFINITIONAL_REPRESENTATION('',(#5596),#5599);
#5596 = B_SPLINE_CURVE_WITH_KNOTS('',1,(#5597,#5598),.UNSPECIFIED.,.F.,
  .F.,(2,2),(0.,1.570796326795),.PIECEWISE_BEZIER_KNOTS.);
#5597 = CARTESIAN_POINT('',(6.28318530718,0.));
#5598 = CARTESIAN_POINT('',(6.28318530718,1.570796326795));
#5599 = ( GEOMETRIC_REPRESENTATION_CONTEXT(2) 
PARAMETRIC_REPRESENTATION_CONTEXT() REPRESENTATION_CONTEXT('2D SPACE',''
  ) );
#5600 = ORIENTED_EDGE('',*,*,#5467,.T.);
#5601 = ORIENTED_EDGE('',*,*,#5579,.T.);
#5602 = ORIENTED_EDGE('',*,*,#5603,.F.);
#5603 = EDGE_CURVE('',#5580,#5580,#5604,.T.);
#5604 = SURFACE_CURVE('',#5605,(#5610,#5617),.PCURVE_S1.);
#5605 = CIRCLE('',#5606,3.9);
#5606 = AXIS2_PLACEMENT_3D('',#5607,#5608,#5609);
#5607 = CARTESIAN_POINT('',(0.,0.,39.1));
#5608 = DIRECTION('',(0.,0.,1.));
#5609 = DIRECTION('',(1.,0.,-0.));
#5610 = PCURVE('',#5482,#5611);
#5611 = DEFINITIONAL_REPRESENTATION('',(#5612),#5616);
#5612 = LINE('',#5613,#5614);
#5613 = CARTESIAN_POINT('',(0.,1.570796326795));
#5614 = VECTOR('',#5615,1.);
#5615 = DIRECTION('',(1.,0.));
#5616 = ( GEOMETRIC_REPRESENTATION_CONTEXT(2) 
PARAMETRIC_REPRESENTATION_CONTEXT() REPRESENTATION_CONTEXT('2D SPACE',''
  ) );
#5617 = PCURVE('',#5618,#5623);
#5618 = PLANE('',#5619);
#5619 = AXIS2_PLACEMENT_3D('',#5620,#5621,#5622);
#5620 = CARTESIAN_POINT('',(0.,0.,39.1));
#5621 = DIRECTION('',(0.,0.,1.));
#5622 = DIRECTION('',(1.,0.,-0.));
#5623 = DEFINITIONAL_REPRESENTATION('',(#5624),#5628);
#5624 = CIRCLE('',#5625,3.9);
#5625 = AXIS2_PLACEMENT_2D('',#5626,#5627);
#5626 = CARTESIAN_POINT('',(0.,0.));
#5627 = DIRECTION('',(1.,0.));
#5628 = ( GEOMETRIC_REPRESENTATION_CONTEXT(2) 
PARAMETRIC_REPRESENTATION_CONTEXT() REPRESENTATION_CONTEXT('2D SPACE',''
  ) );
#5629 = ADVANCED_FACE('',(#5630,#5633),#5564,.F.);
#5630 = FACE_BOUND('',#5631,.F.);
#5631 = EDGE_LOOP('',(#5632));
#5632 = ORIENTED_EDGE('',*,*,#5549,.T.);
#5633 = FACE_BOUND('',#5634,.F.);
#5634 = EDGE_LOOP('',(#5635));
#5635 = ORIENTED_EDGE('',*,*,#5636,.F.);
#5636 = EDGE_CURVE('',#5637,#5637,#5639,.T.);
#5637 = VERTEX_POINT('',#5638);
#5638 = CARTESIAN_POINT('',(3.75,-9.184850993605E-16,33.6));
#5639 = SURFACE_CURVE('',#5640,(#5645,#5652),.PCURVE_S1.);
#5640 = CIRCLE('',#5641,3.75);
#5641 = AXIS2_PLACEMENT_3D('',#5642,#5643,#5644);
#5642 = CARTESIAN_POINT('',(0.,0.,33.6));
#5643 = DIRECTION('',(0.,0.,1.));
#5644 = DIRECTION('',(1.,0.,-0.));
#5645 = PCURVE('',#5564,#5646);
#5646 = DEFINITIONAL_REPRESENTATION('',(#5647),#5651);
#5647 = CIRCLE('',#5648,3.75);
#5648 = AXIS2_PLACEMENT_2D('',#5649,#5650);
#5649 = CARTESIAN_POINT('',(0.,0.));
#5650 = DIRECTION('',(1.,0.));
#5651 = ( GEOMETRIC_REPRESENTATION_CONTEXT(2) 
PARAMETRIC_REPRESENTATION_CONTEXT() REPRESENTATION_CONTEXT('2D SPACE',''
  ) );
#5652 = PCURVE('',#5653,#5658);
#5653 = CYLINDRICAL_SURFACE('',#5654,3.75);
#5654 = AXIS2_PLACEMENT_3D('',#5655,#5656,#5657);
#5655 = CARTESIAN_POINT('',(0.,0.,26.1));
#5656 = DIRECTION('',(0.,0.,1.));
#5657 = DIRECTION('',(1.,0.,-0.));
#5658 = DEFINITIONAL_REPRESENTATION('',(#5659),#5663);
#5659 = LINE('',#5660,#5661);
#5660 = CARTESIAN_POINT('',(0.,7.5));
#5661 = VECTOR('',#5662,1.);
#5662 = DIRECTION('',(1.,0.));
#5663 = ( GEOMETRIC_REPRESENTATION_CONTEXT(2) 
PARAMETRIC_REPRESENTATION_CONTEXT() REPRESENTATION_CONTEXT('2D SPACE',''
  ) );
#5664 = ADVANCED_FACE('',(#5665),#5618,.T.);
#5665 = FACE_BOUND('',#5666,.T.);
#5666 = EDGE_LOOP('',(#5667));
#5667 = ORIENTED_EDGE('',*,*,#5603,.T.);
#5668 = ADVANCED_FACE('',(#5669),#5653,.T.);
#5669 = FACE_BOUND('',#5670,.T.);
#5670 = EDGE_LOOP('',(#5671,#5672,#5695,#5722));
#5671 = ORIENTED_EDGE('',*,*,#5636,.F.);
#5672 = ORIENTED_EDGE('',*,*,#5673,.F.);
#5673 = EDGE_CURVE('',#5674,#5637,#5676,.T.);
#5674 = VERTEX_POINT('',#5675);
#5675 = CARTESIAN_POINT('',(3.75,-9.184850993605E-16,26.1));
#5676 = SEAM_CURVE('',#5677,(#5681,#5688),.PCURVE_S1.);
#5677 = LINE('',#5678,#5679);
#5678 = CARTESIAN_POINT('',(3.75,-9.184850993605E-16,26.1));
#5679 = VECTOR('',#5680,1.);
#5680 = DIRECTION('',(0.,0.,1.));
#5681 = PCURVE('',#5653,#5682);
#5682 = DEFINITIONAL_REPRESENTATION('',(#5683),#5687);
#5683 = LINE('',#5684,#5685);
#5684 = CARTESIAN_POINT('',(6.28318530718,-0.));
#5685 = VECTOR('',#5686,1.);
#5686 = DIRECTION('',(0.,1.));
#5687 = ( GEOMETRIC_REPRESENTATION_CONTEXT(2) 
PARAMETRIC_REPRESENTATION_CONTEXT() REPRESENTATION_CONTEXT('2D SPACE',''
  ) );
#5688 = PCURVE('',#5653,#5689);
#5689 = DEFINITIONAL_REPRESENTATION('',(#5690),#5694);
#5690 = LINE('',#5691,#5692);
#5691 = CARTESIAN_POINT('',(0.,-0.));
#5692 = VECTOR('',#5693,1.);
#5693 = DIRECTION('',(0.,1.));
#5694 = ( GEOMETRIC_REPRESENTATION_CONTEXT(2) 
PARAMETRIC_REPRESENTATION_CONTEXT() REPRESENTATION_CONTEXT('2D SPACE',''
  ) );
#5695 = ORIENTED_EDGE('',*,*,#5696,.T.);
#5696 = EDGE_CURVE('',#5674,#5674,#5697,.T.);
#5697 = SURFACE_CURVE('',#5698,(#5703,#5710),.PCURVE_S1.);
#5698 = CIRCLE('',#5699,3.75);
#5699 = AXIS2_PLACEMENT_3D('',#5700,#5701,#5702);
#5700 = CARTESIAN_POINT('',(0.,0.,26.1));
#5701 = DIRECTION('',(0.,0.,1.));
#5702 = DIRECTION('',(1.,0.,-0.));
#5703 = PCURVE('',#5653,#5704);
#5704 = DEFINITIONAL_REPRESENTATION('',(#5705),#5709);
#5705 = LINE('',#5706,#5707);
#5706 = CARTESIAN_POINT('',(0.,0.));
#5707 = VECTOR('',#5708,1.);
#5708 = DIRECTION('',(1.,0.));
#5709 = ( GEOMETRIC_REPRESENTATION_CONTEXT(2) 
PARAMETRIC_REPRESENTATION_CONTEXT() REPRESENTATION_CONTEXT('2D SPACE',''
  ) );
#5710 = PCURVE('',#5711,#5716);
#5711 = PLANE('',#5712);
#5712 = AXIS2_PLACEMENT_3D('',#5713,#5714,#5715);
#5713 = CARTESIAN_POINT('',(0.,0.,26.1));
#5714 = DIRECTION('',(0.,0.,1.));
#5715 = DIRECTION('',(1.,0.,-0.));
#5716 = DEFINITIONAL_REPRESENTATION('',(#5717),#5721);
#5717 = CIRCLE('',#5718,3.75);
#5718 = AXIS2_PLACEMENT_2D('',#5719,#5720);
#5719 = CARTESIAN_POINT('',(0.,0.));
#5720 = DIRECTION('',(1.,0.));
#5721 = ( GEOMETRIC_REPRESENTATION_CONTEXT(2) 
PARAMETRIC_REPRESENTATION_CONTEXT() REPRESENTATION_CONTEXT('2D SPACE',''
  ) );
#5722 = ORIENTED_EDGE('',*,*,#5673,.T.);
#5723 = ADVANCED_FACE('',(#5724),#5711,.F.);
#5724 = FACE_BOUND('',#5725,.T.);
#5725 = EDGE_LOOP('',(#5726));
#5726 = ORIENTED_EDGE('',*,*,#5696,.F.);
#5727 = MANIFOLD_SOLID_BREP('',#5728);
#5728 = CLOSED_SHELL('',(#5729,#5849,#5949,#5996,#6043,#6050));
#5729 = ADVANCED_FACE('',(#5730),#5744,.F.);
#5730 = FACE_BOUND('',#5731,.F.);
#5731 = EDGE_LOOP('',(#5732,#5767,#5795,#5823));
#5732 = ORIENTED_EDGE('',*,*,#5733,.F.);
#5733 = EDGE_CURVE('',#5734,#5736,#5738,.T.);
#5734 = VERTEX_POINT('',#5735);
#5735 = CARTESIAN_POINT('',(-4.6,-3.5,-5.));
#5736 = VERTEX_POINT('',#5737);
#5737 = CARTESIAN_POINT('',(-4.6,-3.5,5.));
#5738 = SURFACE_CURVE('',#5739,(#5743,#5755),.PCURVE_S1.);
#5739 = LINE('',#5740,#5741);
#5740 = CARTESIAN_POINT('',(-4.6,-3.5,-5.));
#5741 = VECTOR('',#5742,1.);
#5742 = DIRECTION('',(0.,0.,1.));
#5743 = PCURVE('',#5744,#5749);
#5744 = PLANE('',#5745);
#5745 = AXIS2_PLACEMENT_3D('',#5746,#5747,#5748);
#5746 = CARTESIAN_POINT('',(-4.6,-3.5,-5.));
#5747 = DIRECTION('',(1.,0.,-0.));
#5748 = DIRECTION('',(0.,0.,1.));
#5749 = DEFINITIONAL_REPRESENTATION('',(#5750),#5754);
#5750 = LINE('',#5751,#5752);
#5751 = CARTESIAN_POINT('',(0.,0.));
#5752 = VECTOR('',#5753,1.);
#5753 = DIRECTION('',(1.,0.));
#5754 = ( GEOMETRIC_REPRESENTATION_CONTEXT(2) 
PARAMETRIC_REPRESENTATION_CONTEXT() REPRESENTATION_CONTEXT('2D SPACE',''
  ) );
#5755 = PCURVE('',#5756,#5761);
#5756 = PLANE('',#5757);
#5757 = AXIS2_PLACEMENT_3D('',#5758,#5759,#5760);
#5758 = CARTESIAN_POINT('',(-4.6,-3.5,-5.));
#5759 = DIRECTION('',(-0.,1.,0.));
#5760 = DIRECTION('',(0.,0.,1.));
#5761 = DEFINITIONAL_REPRESENTATION('',(#5762),#5766);
#5762 = LINE('',#5763,#5764);
#5763 = CARTESIAN_POINT('',(0.,0.));
#5764 = VECTOR('',#5765,1.);
#5765 = DIRECTION('',(1.,0.));
#5766 = ( GEOMETRIC_REPRESENTATION_CONTEXT(2) 
PARAMETRIC_REPRESENTATION_CONTEXT() REPRESENTATION_CONTEXT('2D SPACE',''
  ) );
#5767 = ORIENTED_EDGE('',*,*,#5768,.T.);
#5768 = EDGE_CURVE('',#5734,#5769,#5771,.T.);
#5769 = VERTEX_POINT('',#5770);
#5770 = CARTESIAN_POINT('',(-4.6,-2.5,-5.));
#5771 = SURFACE_CURVE('',#5772,(#5776,#5783),.PCURVE_S1.);
#5772 = LINE('',#5773,#5774);
#5773 = CARTESIAN_POINT('',(-4.6,-3.5,-5.));
#5774 = VECTOR('',#5775,1.);
#5775 = DIRECTION('',(-0.,1.,0.));
#5776 = PCURVE('',#5744,#5777);
#5777 = DEFINITIONAL_REPRESENTATION('',(#5778),#5782);
#5778 = LINE('',#5779,#5780);
#5779 = CARTESIAN_POINT('',(0.,0.));
#5780 = VECTOR('',#5781,1.);
#5781 = DIRECTION('',(0.,-1.));
#5782 = ( GEOMETRIC_REPRESENTATION_CONTEXT(2) 
PARAMETRIC_REPRESENTATION_CONTEXT() REPRESENTATION_CONTEXT('2D SPACE',''
  ) );
#5783 = PCURVE('',#5784,#5789);
#5784 = PLANE('',#5785);
#5785 = AXIS2_PLACEMENT_3D('',#5786,#5787,#5788);
#5786 = CARTESIAN_POINT('',(-4.6,-3.5,-5.));
#5787 = DIRECTION('',(0.,0.,1.));
#5788 = DIRECTION('',(1.,0.,-0.));
#5789 = DEFINITIONAL_REPRESENTATION('',(#5790),#5794);
#5790 = LINE('',#5791,#5792);
#5791 = CARTESIAN_POINT('',(0.,0.));
#5792 = VECTOR('',#5793,1.);
#5793 = DIRECTION('',(0.,1.));
#5794 = ( GEOMETRIC_REPRESENTATION_CONTEXT(2) 
PARAMETRIC_REPRESENTATION_CONTEXT() REPRESENTATION_CONTEXT('2D SPACE',''
  ) );
#5795 = ORIENTED_EDGE('',*,*,#5796,.T.);
#5796 = EDGE_CURVE('',#5769,#5797,#5799,.T.);
#5797 = VERTEX_POINT('',#5798);
#5798 = CARTESIAN_POINT('',(-4.6,-2.5,5.));
#5799 = SURFACE_CURVE('',#5800,(#5804,#5811),.PCURVE_S1.);
#5800 = LINE('',#5801,#5802);
#5801 = CARTESIAN_POINT('',(-4.6,-2.5,-5.));
#5802 = VECTOR('',#5803,1.);
#5803 = DIRECTION('',(0.,0.,1.));
#5804 = PCURVE('',#5744,#5805);
#5805 = DEFINITIONAL_REPRESENTATION('',(#5806),#5810);
#5806 = LINE('',#5807,#5808);
#5807 = CARTESIAN_POINT('',(0.,-1.));
#5808 = VECTOR('',#5809,1.);
#5809 = DIRECTION('',(1.,0.));
#5810 = ( GEOMETRIC_REPRESENTATION_CONTEXT(2) 
PARAMETRIC_REPRESENTATION_CONTEXT() REPRESENTATION_CONTEXT('2D SPACE',''
  ) );
#5811 = PCURVE('',#5812,#5817);
#5812 = PLANE('',#5813);
#5813 = AXIS2_PLACEMENT_3D('',#5814,#5815,#5816);
#5814 = CARTESIAN_POINT('',(-4.6,-2.5,-5.));
#5815 = DIRECTION('',(-0.,1.,0.));
#5816 = DIRECTION('',(0.,0.,1.));
#5817 = DEFINITIONAL_REPRESENTATION('',(#5818),#5822);
#5818 = LINE('',#5819,#5820);
#5819 = CARTESIAN_POINT('',(0.,0.));
#5820 = VECTOR('',#5821,1.);
#5821 = DIRECTION('',(1.,0.));
#5822 = ( GEOMETRIC_REPRESENTATION_CONTEXT(2) 
PARAMETRIC_REPRESENTATION_CONTEXT() REPRESENTATION_CONTEXT('2D SPACE',''
  ) );
#5823 = ORIENTED_EDGE('',*,*,#5824,.F.);
#5824 = EDGE_CURVE('',#5736,#5797,#5825,.T.);
#5825 = SURFACE_CURVE('',#5826,(#5830,#5837),.PCURVE_S1.);
#5826 = LINE('',#5827,#5828);
#5827 = CARTESIAN_POINT('',(-4.6,-3.5,5.));
#5828 = VECTOR('',#5829,1.);
#5829 = DIRECTION('',(-0.,1.,0.));
#5830 = PCURVE('',#5744,#5831);
#5831 = DEFINITIONAL_REPRESENTATION('',(#5832),#5836);
#5832 = LINE('',#5833,#5834);
#5833 = CARTESIAN_POINT('',(10.,0.));
#5834 = VECTOR('',#5835,1.);
#5835 = DIRECTION('',(0.,-1.));
#5836 = ( GEOMETRIC_REPRESENTATION_CONTEXT(2) 
PARAMETRIC_REPRESENTATION_CONTEXT() REPRESENTATION_CONTEXT('2D SPACE',''
  ) );
#5837 = PCURVE('',#5838,#5843);
#5838 = PLANE('',#5839);
#5839 = AXIS2_PLACEMENT_3D('',#5840,#5841,#5842);
#5840 = CARTESIAN_POINT('',(-4.6,-3.5,5.));
#5841 = DIRECTION('',(0.,0.,1.));
#5842 = DIRECTION('',(1.,0.,-0.));
#5843 = DEFINITIONAL_REPRESENTATION('',(#5844),#5848);
#5844 = LINE('',#5845,#5846);
#5845 = CARTESIAN_POINT('',(0.,0.));
#5846 = VECTOR('',#5847,1.);
#5847 = DIRECTION('',(0.,1.));
#5848 = ( GEOMETRIC_REPRESENTATION_CONTEXT(2) 
PARAMETRIC_REPRESENTATION_CONTEXT() REPRESENTATION_CONTEXT('2D SPACE',''
  ) );
#5849 = ADVANCED_FACE('',(#5850),#5864,.T.);
#5850 = FACE_BOUND('',#5851,.T.);
#5851 = EDGE_LOOP('',(#5852,#5882,#5905,#5928));
#5852 = ORIENTED_EDGE('',*,*,#5853,.F.);
#5853 = EDGE_CURVE('',#5854,#5856,#5858,.T.);
#5854 = VERTEX_POINT('',#5855);
#5855 = CARTESIAN_POINT('',(-1.6,-3.5,-5.));
#5856 = VERTEX_POINT('',#5857);
#5857 = CARTESIAN_POINT('',(-1.6,-3.5,5.));
#5858 = SURFACE_CURVE('',#5859,(#5863,#5875),.PCURVE_S1.);
#5859 = LINE('',#5860,#5861);
#5860 = CARTESIAN_POINT('',(-1.6,-3.5,-5.));
#5861 = VECTOR('',#5862,1.);
#5862 = DIRECTION('',(0.,0.,1.));
#5863 = PCURVE('',#5864,#5869);
#5864 = PLANE('',#5865);
#5865 = AXIS2_PLACEMENT_3D('',#5866,#5867,#5868);
#5866 = CARTESIAN_POINT('',(-1.6,-3.5,-5.));
#5867 = DIRECTION('',(1.,0.,-0.));
#5868 = DIRECTION('',(0.,0.,1.));
#5869 = DEFINITIONAL_REPRESENTATION('',(#5870),#5874);
#5870 = LINE('',#5871,#5872);
#5871 = CARTESIAN_POINT('',(0.,0.));
#5872 = VECTOR('',#5873,1.);
#5873 = DIRECTION('',(1.,0.));
#5874 = ( GEOMETRIC_REPRESENTATION_CONTEXT(2) 
PARAMETRIC_REPRESENTATION_CONTEXT() REPRESENTATION_CONTEXT('2D SPACE',''
  ) );
#5875 = PCURVE('',#5756,#5876);
#5876 = DEFINITIONAL_REPRESENTATION('',(#5877),#5881);
#5877 = LINE('',#5878,#5879);
#5878 = CARTESIAN_POINT('',(0.,3.));
#5879 = VECTOR('',#5880,1.);
#5880 = DIRECTION('',(1.,0.));
#5881 = ( GEOMETRIC_REPRESENTATION_CONTEXT(2) 
PARAMETRIC_REPRESENTATION_CONTEXT() REPRESENTATION_CONTEXT('2D SPACE',''
  ) );
#5882 = ORIENTED_EDGE('',*,*,#5883,.T.);
#5883 = EDGE_CURVE('',#5854,#5884,#5886,.T.);
#5884 = VERTEX_POINT('',#5885);
#5885 = CARTESIAN_POINT('',(-1.6,-2.5,-5.));
#5886 = SURFACE_CURVE('',#5887,(#5891,#5898),.PCURVE_S1.);
#5887 = LINE('',#5888,#5889);
#5888 = CARTESIAN_POINT('',(-1.6,-3.5,-5.));
#5889 = VECTOR('',#5890,1.);
#5890 = DIRECTION('',(-0.,1.,0.));
#5891 = PCURVE('',#5864,#5892);
#5892 = DEFINITIONAL_REPRESENTATION('',(#5893),#5897);
#5893 = LINE('',#5894,#5895);
#5894 = CARTESIAN_POINT('',(0.,0.));
#5895 = VECTOR('',#5896,1.);
#5896 = DIRECTION('',(0.,-1.));
#5897 = ( GEOMETRIC_REPRESENTATION_CONTEXT(2) 
PARAMETRIC_REPRESENTATION_CONTEXT() REPRESENTATION_CONTEXT('2D SPACE',''
  ) );
#5898 = PCURVE('',#5784,#5899);
#5899 = DEFINITIONAL_REPRESENTATION('',(#5900),#5904);
#5900 = LINE('',#5901,#5902);
#5901 = CARTESIAN_POINT('',(3.,0.));
#5902 = VECTOR('',#5903,1.);
#5903 = DIRECTION('',(0.,1.));
#5904 = ( GEOMETRIC_REPRESENTATION_CONTEXT(2) 
PARAMETRIC_REPRESENTATION_CONTEXT() REPRESENTATION_CONTEXT('2D SPACE',''
  ) );
#5905 = ORIENTED_EDGE('',*,*,#5906,.T.);
#5906 = EDGE_CURVE('',#5884,#5907,#5909,.T.);
#5907 = VERTEX_POINT('',#5908);
#5908 = CARTESIAN_POINT('',(-1.6,-2.5,5.));
#5909 = SURFACE_CURVE('',#5910,(#5914,#5921),.PCURVE_S1.);
#5910 = LINE('',#5911,#5912);
#5911 = CARTESIAN_POINT('',(-1.6,-2.5,-5.));
#5912 = VECTOR('',#5913,1.);
#5913 = DIRECTION('',(0.,0.,1.));
#5914 = PCURVE('',#5864,#5915);
#5915 = DEFINITIONAL_REPRESENTATION('',(#5916),#5920);
#5916 = LINE('',#5917,#5918);
#5917 = CARTESIAN_POINT('',(0.,-1.));
#5918 = VECTOR('',#5919,1.);
#5919 = DIRECTION('',(1.,0.));
#5920 = ( GEOMETRIC_REPRESENTATION_CONTEXT(2) 
PARAMETRIC_REPRESENTATION_CONTEXT() REPRESENTATION_CONTEXT('2D SPACE',''
  ) );
#5921 = PCURVE('',#5812,#5922);
#5922 = DEFINITIONAL_REPRESENTATION('',(#5923),#5927);
#5923 = LINE('',#5924,#5925);
#5924 = CARTESIAN_POINT('',(0.,3.));
#5925 = VECTOR('',#5926,1.);
#5926 = DIRECTION('',(1.,0.));
#5927 = ( GEOMETRIC_REPRESENTATION_CONTEXT(2) 
PARAMETRIC_REPRESENTATION_CONTEXT() REPRESENTATION_CONTEXT('2D SPACE',''
  ) );
#5928 = ORIENTED_EDGE('',*,*,#5929,.F.);
#5929 = EDGE_CURVE('',#5856,#5907,#5930,.T.);
#5930 = SURFACE_CURVE('',#5931,(#5935,#5942),.PCURVE_S1.);
#5931 = LINE('',#5932,#5933);
#5932 = CARTESIAN_POINT('',(-1.6,-3.5,5.));
#5933 = VECTOR('',#5934,1.);
#5934 = DIRECTION('',(-0.,1.,0.));
#5935 = PCURVE('',#5864,#5936);
#5936 = DEFINITIONAL_REPRESENTATION('',(#5937),#5941);
#5937 = LINE('',#5938,#5939);
#5938 = CARTESIAN_POINT('',(10.,0.));
#5939 = VECTOR('',#5940,1.);
#5940 = DIRECTION('',(0.,-1.));
#5941 = ( GEOMETRIC_REPRESENTATION_CONTEXT(2) 
PARAMETRIC_REPRESENTATION_CONTEXT() REPRESENTATION_CONTEXT('2D SPACE',''
  ) );
#5942 = PCURVE('',#5838,#5943);
#5943 = DEFINITIONAL_REPRESENTATION('',(#5944),#5948);
#5944 = LINE('',#5945,#5946);
#5945 = CARTESIAN_POINT('',(3.,0.));
#5946 = VECTOR('',#5947,1.);
#5947 = DIRECTION('',(0.,1.));
#5948 = ( GEOMETRIC_REPRESENTATION_CONTEXT(2) 
PARAMETRIC_REPRESENTATION_CONTEXT() REPRESENTATION_CONTEXT('2D SPACE',''
  ) );
#5949 = ADVANCED_FACE('',(#5950),#5756,.F.);
#5950 = FACE_BOUND('',#5951,.F.);
#5951 = EDGE_LOOP('',(#5952,#5973,#5974,#5995));
#5952 = ORIENTED_EDGE('',*,*,#5953,.F.);
#5953 = EDGE_CURVE('',#5734,#5854,#5954,.T.);
#5954 = SURFACE_CURVE('',#5955,(#5959,#5966),.PCURVE_S1.);
#5955 = LINE('',#5956,#5957);
#5956 = CARTESIAN_POINT('',(-4.6,-3.5,-5.));
#5957 = VECTOR('',#5958,1.);
#5958 = DIRECTION('',(1.,0.,-0.));
#5959 = PCURVE('',#5756,#5960);
#5960 = DEFINITIONAL_REPRESENTATION('',(#5961),#5965);
#5961 = LINE('',#5962,#5963);
#5962 = CARTESIAN_POINT('',(0.,0.));
#5963 = VECTOR('',#5964,1.);
#5964 = DIRECTION('',(0.,1.));
#5965 = ( GEOMETRIC_REPRESENTATION_CONTEXT(2) 
PARAMETRIC_REPRESENTATION_CONTEXT() REPRESENTATION_CONTEXT('2D SPACE',''
  ) );
#5966 = PCURVE('',#5784,#5967);
#5967 = DEFINITIONAL_REPRESENTATION('',(#5968),#5972);
#5968 = LINE('',#5969,#5970);
#5969 = CARTESIAN_POINT('',(0.,0.));
#5970 = VECTOR('',#5971,1.);
#5971 = DIRECTION('',(1.,0.));
#5972 = ( GEOMETRIC_REPRESENTATION_CONTEXT(2) 
PARAMETRIC_REPRESENTATION_CONTEXT() REPRESENTATION_CONTEXT('2D SPACE',''
  ) );
#5973 = ORIENTED_EDGE('',*,*,#5733,.T.);
#5974 = ORIENTED_EDGE('',*,*,#5975,.T.);
#5975 = EDGE_CURVE('',#5736,#5856,#5976,.T.);
#5976 = SURFACE_CURVE('',#5977,(#5981,#5988),.PCURVE_S1.);
#5977 = LINE('',#5978,#5979);
#5978 = CARTESIAN_POINT('',(-4.6,-3.5,5.));
#5979 = VECTOR('',#5980,1.);
#5980 = DIRECTION('',(1.,0.,-0.));
#5981 = PCURVE('',#5756,#5982);
#5982 = DEFINITIONAL_REPRESENTATION('',(#5983),#5987);
#5983 = LINE('',#5984,#5985);
#5984 = CARTESIAN_POINT('',(10.,0.));
#5985 = VECTOR('',#5986,1.);
#5986 = DIRECTION('',(0.,1.));
#5987 = ( GEOMETRIC_REPRESENTATION_CONTEXT(2) 
PARAMETRIC_REPRESENTATION_CONTEXT() REPRESENTATION_CONTEXT('2D SPACE',''
  ) );
#5988 = PCURVE('',#5838,#5989);
#5989 = DEFINITIONAL_REPRESENTATION('',(#5990),#5994);
#5990 = LINE('',#5991,#5992);
#5991 = CARTESIAN_POINT('',(0.,0.));
#5992 = VECTOR('',#5993,1.);
#5993 = DIRECTION('',(1.,0.));
#5994 = ( GEOMETRIC_REPRESENTATION_CONTEXT(2) 
PARAMETRIC_REPRESENTATION_CONTEXT() REPRESENTATION_CONTEXT('2D SPACE',''
  ) );
#5995 = ORIENTED_EDGE('',*,*,#5853,.F.);
#5996 = ADVANCED_FACE('',(#5997),#5812,.T.);
#5997 = FACE_BOUND('',#5998,.T.);
#5998 = EDGE_LOOP('',(#5999,#6020,#6021,#6042));
#5999 = ORIENTED_EDGE('',*,*,#6000,.F.);
#6000 = EDGE_CURVE('',#5769,#5884,#6001,.T.);
#6001 = SURFACE_CURVE('',#6002,(#6006,#6013),.PCURVE_S1.);
#6002 = LINE('',#6003,#6004);
#6003 = CARTESIAN_POINT('',(-4.6,-2.5,-5.));
#6004 = VECTOR('',#6005,1.);
#6005 = DIRECTION('',(1.,0.,-0.));
#6006 = PCURVE('',#5812,#6007);
#6007 = DEFINITIONAL_REPRESENTATION('',(#6008),#6012);
#6008 = LINE('',#6009,#6010);
#6009 = CARTESIAN_POINT('',(0.,0.));
#6010 = VECTOR('',#6011,1.);
#6011 = DIRECTION('',(0.,1.));
#6012 = ( GEOMETRIC_REPRESENTATION_CONTEXT(2) 
PARAMETRIC_REPRESENTATION_CONTEXT() REPRESENTATION_CONTEXT('2D SPACE',''
  ) );
#6013 = PCURVE('',#5784,#6014);
#6014 = DEFINITIONAL_REPRESENTATION('',(#6015),#6019);
#6015 = LINE('',#6016,#6017);
#6016 = CARTESIAN_POINT('',(0.,1.));
#6017 = VECTOR('',#6018,1.);
#6018 = DIRECTION('',(1.,0.));
#6019 = ( GEOMETRIC_REPRESENTATION_CONTEXT(2) 
PARAMETRIC_REPRESENTATION_CONTEXT() REPRESENTATION_CONTEXT('2D SPACE',''
  ) );
#6020 = ORIENTED_EDGE('',*,*,#5796,.T.);
#6021 = ORIENTED_EDGE('',*,*,#6022,.T.);
#6022 = EDGE_CURVE('',#5797,#5907,#6023,.T.);
#6023 = SURFACE_CURVE('',#6024,(#6028,#6035),.PCURVE_S1.);
#6024 = LINE('',#6025,#6026);
#6025 = CARTESIAN_POINT('',(-4.6,-2.5,5.));
#6026 = VECTOR('',#6027,1.);
#6027 = DIRECTION('',(1.,0.,-0.));
#6028 = PCURVE('',#5812,#6029);
#6029 = DEFINITIONAL_REPRESENTATION('',(#6030),#6034);
#6030 = LINE('',#6031,#6032);
#6031 = CARTESIAN_POINT('',(10.,0.));
#6032 = VECTOR('',#6033,1.);
#6033 = DIRECTION('',(0.,1.));
#6034 = ( GEOMETRIC_REPRESENTATION_CONTEXT(2) 
PARAMETRIC_REPRESENTATION_CONTEXT() REPRESENTATION_CONTEXT('2D SPACE',''
  ) );
#6035 = PCURVE('',#5838,#6036);
#6036 = DEFINITIONAL_REPRESENTATION('',(#6037),#6041);
#6037 = LINE('',#6038,#6039);
#6038 = CARTESIAN_POINT('',(0.,1.));
#6039 = VECTOR('',#6040,1.);
#6040 = DIRECTION('',(1.,0.));
#6041 = ( GEOMETRIC_REPRESENTATION_CONTEXT(2) 
PARAMETRIC_REPRESENTATION_CONTEXT() REPRESENTATION_CONTEXT('2D SPACE',''
  ) );
#6042 = ORIENTED_EDGE('',*,*,#5906,.F.);
#6043 = ADVANCED_FACE('',(#6044),#5784,.F.);
#6044 = FACE_BOUND('',#6045,.F.);
#6045 = EDGE_LOOP('',(#6046,#6047,#6048,#6049));
#6046 = ORIENTED_EDGE('',*,*,#5768,.F.);
#6047 = ORIENTED_EDGE('',*,*,#5953,.T.);
#6048 = ORIENTED_EDGE('',*,*,#5883,.T.);
#6049 = ORIENTED_EDGE('',*,*,#6000,.F.);
#6050 = ADVANCED_FACE('',(#6051),#5838,.T.);
#6051 = FACE_BOUND('',#6052,.T.);
#6052 = EDGE_LOOP('',(#6053,#6054,#6055,#6056));
#6053 = ORIENTED_EDGE('',*,*,#5824,.F.);
#6054 = ORIENTED_EDGE('',*,*,#5975,.T.);
#6055 = ORIENTED_EDGE('',*,*,#5929,.T.);
#6056 = ORIENTED_EDGE('',*,*,#6022,.F.);
#6057 = MANIFOLD_SOLID_BREP('',#6058);
#6058 = CLOSED_SHELL('',(#6059,#6179,#6279,#6326,#6373,#6380));
#6059 = ADVANCED_FACE('',(#6060),#6074,.F.);
#6060 = FACE_BOUND('',#6061,.F.);
#6061 = EDGE_LOOP('',(#6062,#6097,#6125,#6153));
#6062 = ORIENTED_EDGE('',*,*,#6063,.F.);
#6063 = EDGE_CURVE('',#6064,#6066,#6068,.T.);
#6064 = VERTEX_POINT('',#6065);
#6065 = CARTESIAN_POINT('',(-4.6,2.5,-5.));
#6066 = VERTEX_POINT('',#6067);
#6067 = CARTESIAN_POINT('',(-4.6,2.5,5.));
#6068 = SURFACE_CURVE('',#6069,(#6073,#6085),.PCURVE_S1.);
#6069 = LINE('',#6070,#6071);
#6070 = CARTESIAN_POINT('',(-4.6,2.5,-5.));
#6071 = VECTOR('',#6072,1.);
#6072 = DIRECTION('',(0.,0.,1.));
#6073 = PCURVE('',#6074,#6079);
#6074 = PLANE('',#6075);
#6075 = AXIS2_PLACEMENT_3D('',#6076,#6077,#6078);
#6076 = CARTESIAN_POINT('',(-4.6,2.5,-5.));
#6077 = DIRECTION('',(1.,0.,-0.));
#6078 = DIRECTION('',(0.,0.,1.));
#6079 = DEFINITIONAL_REPRESENTATION('',(#6080),#6084);
#6080 = LINE('',#6081,#6082);
#6081 = CARTESIAN_POINT('',(0.,0.));
#6082 = VECTOR('',#6083,1.);
#6083 = DIRECTION('',(1.,0.));
#6084 = ( GEOMETRIC_REPRESENTATION_CONTEXT(2) 
PARAMETRIC_REPRESENTATION_CONTEXT() REPRESENTATION_CONTEXT('2D SPACE',''
  ) );
#6085 = PCURVE('',#6086,#6091);
#6086 = PLANE('',#6087);
#6087 = AXIS2_PLACEMENT_3D('',#6088,#6089,#6090);
#6088 = CARTESIAN_POINT('',(-4.6,2.5,-5.));
#6089 = DIRECTION('',(-0.,1.,0.));
#6090 = DIRECTION('',(0.,0.,1.));
#6091 = DEFINITIONAL_REPRESENTATION('',(#6092),#6096);
#6092 = LINE('',#6093,#6094);
#6093 = CARTESIAN_POINT('',(0.,0.));
#6094 = VECTOR('',#6095,1.);
#6095 = DIRECTION('',(1.,0.));
#6096 = ( GEOMETRIC_REPRESENTATION_CONTEXT(2) 
PARAMETRIC_REPRESENTATION_CONTEXT() REPRESENTATION_CONTEXT('2D SPACE',''
  ) );
#6097 = ORIENTED_EDGE('',*,*,#6098,.T.);
#6098 = EDGE_CURVE('',#6064,#6099,#6101,.T.);
#6099 = VERTEX_POINT('',#6100);
#6100 = CARTESIAN_POINT('',(-4.6,3.5,-5.));
#6101 = SURFACE_CURVE('',#6102,(#6106,#6113),.PCURVE_S1.);
#6102 = LINE('',#6103,#6104);
#6103 = CARTESIAN_POINT('',(-4.6,2.5,-5.));
#6104 = VECTOR('',#6105,1.);
#6105 = DIRECTION('',(-0.,1.,0.));
#6106 = PCURVE('',#6074,#6107);
#6107 = DEFINITIONAL_REPRESENTATION('',(#6108),#6112);
#6108 = LINE('',#6109,#6110);
#6109 = CARTESIAN_POINT('',(0.,0.));
#6110 = VECTOR('',#6111,1.);
#6111 = DIRECTION('',(0.,-1.));
#6112 = ( GEOMETRIC_REPRESENTATION_CONTEXT(2) 
PARAMETRIC_REPRESENTATION_CONTEXT() REPRESENTATION_CONTEXT('2D SPACE',''
  ) );
#6113 = PCURVE('',#6114,#6119);
#6114 = PLANE('',#6115);
#6115 = AXIS2_PLACEMENT_3D('',#6116,#6117,#6118);
#6116 = CARTESIAN_POINT('',(-4.6,2.5,-5.));
#6117 = DIRECTION('',(0.,0.,1.));
#6118 = DIRECTION('',(1.,0.,-0.));
#6119 = DEFINITIONAL_REPRESENTATION('',(#6120),#6124);
#6120 = LINE('',#6121,#6122);
#6121 = CARTESIAN_POINT('',(0.,0.));
#6122 = VECTOR('',#6123,1.);
#6123 = DIRECTION('',(0.,1.));
#6124 = ( GEOMETRIC_REPRESENTATION_CONTEXT(2) 
PARAMETRIC_REPRESENTATION_CONTEXT() REPRESENTATION_CONTEXT('2D SPACE',''
  ) );
#6125 = ORIENTED_EDGE('',*,*,#6126,.T.);
#6126 = EDGE_CURVE('',#6099,#6127,#6129,.T.);
#6127 = VERTEX_POINT('',#6128);
#6128 = CARTESIAN_POINT('',(-4.6,3.5,5.));
#6129 = SURFACE_CURVE('',#6130,(#6134,#6141),.PCURVE_S1.);
#6130 = LINE('',#6131,#6132);
#6131 = CARTESIAN_POINT('',(-4.6,3.5,-5.));
#6132 = VECTOR('',#6133,1.);
#6133 = DIRECTION('',(0.,0.,1.));
#6134 = PCURVE('',#6074,#6135);
#6135 = DEFINITIONAL_REPRESENTATION('',(#6136),#6140);
#6136 = LINE('',#6137,#6138);
#6137 = CARTESIAN_POINT('',(0.,-1.));
#6138 = VECTOR('',#6139,1.);
#6139 = DIRECTION('',(1.,0.));
#6140 = ( GEOMETRIC_REPRESENTATION_CONTEXT(2) 
PARAMETRIC_REPRESENTATION_CONTEXT() REPRESENTATION_CONTEXT('2D SPACE',''
  ) );
#6141 = PCURVE('',#6142,#6147);
#6142 = PLANE('',#6143);
#6143 = AXIS2_PLACEMENT_3D('',#6144,#6145,#6146);
#6144 = CARTESIAN_POINT('',(-4.6,3.5,-5.));
#6145 = DIRECTION('',(-0.,1.,0.));
#6146 = DIRECTION('',(0.,0.,1.));
#6147 = DEFINITIONAL_REPRESENTATION('',(#6148),#6152);
#6148 = LINE('',#6149,#6150);
#6149 = CARTESIAN_POINT('',(0.,0.));
#6150 = VECTOR('',#6151,1.);
#6151 = DIRECTION('',(1.,0.));
#6152 = ( GEOMETRIC_REPRESENTATION_CONTEXT(2) 
PARAMETRIC_REPRESENTATION_CONTEXT() REPRESENTATION_CONTEXT('2D SPACE',''
  ) );
#6153 = ORIENTED_EDGE('',*,*,#6154,.F.);
#6154 = EDGE_CURVE('',#6066,#6127,#6155,.T.);
#6155 = SURFACE_CURVE('',#6156,(#6160,#6167),.PCURVE_S1.);
#6156 = LINE('',#6157,#6158);
#6157 = CARTESIAN_POINT('',(-4.6,2.5,5.));
#6158 = VECTOR('',#6159,1.);
#6159 = DIRECTION('',(-0.,1.,0.));
#6160 = PCURVE('',#6074,#6161);
#6161 = DEFINITIONAL_REPRESENTATION('',(#6162),#6166);
#6162 = LINE('',#6163,#6164);
#6163 = CARTESIAN_POINT('',(10.,0.));
#6164 = VECTOR('',#6165,1.);
#6165 = DIRECTION('',(0.,-1.));
#6166 = ( GEOMETRIC_REPRESENTATION_CONTEXT(2) 
PARAMETRIC_REPRESENTATION_CONTEXT() REPRESENTATION_CONTEXT('2D SPACE',''
  ) );
#6167 = PCURVE('',#6168,#6173);
#6168 = PLANE('',#6169);
#6169 = AXIS2_PLACEMENT_3D('',#6170,#6171,#6172);
#6170 = CARTESIAN_POINT('',(-4.6,2.5,5.));
#6171 = DIRECTION('',(0.,0.,1.));
#6172 = DIRECTION('',(1.,0.,-0.));
#6173 = DEFINITIONAL_REPRESENTATION('',(#6174),#6178);
#6174 = LINE('',#6175,#6176);
#6175 = CARTESIAN_POINT('',(0.,0.));
#6176 = VECTOR('',#6177,1.);
#6177 = DIRECTION('',(0.,1.));
#6178 = ( GEOMETRIC_REPRESENTATION_CONTEXT(2) 
PARAMETRIC_REPRESENTATION_CONTEXT() REPRESENTATION_CONTEXT('2D SPACE',''
  ) );
#6179 = ADVANCED_FACE('',(#6180),#6194,.T.);
#6180 = FACE_BOUND('',#6181,.T.);
#6181 = EDGE_LOOP('',(#6182,#6212,#6235,#6258));
#6182 = ORIENTED_EDGE('',*,*,#6183,.F.);
#6183 = EDGE_CURVE('',#6184,#6186,#6188,.T.);
#6184 = VERTEX_POINT('',#6185);
#6185 = CARTESIAN_POINT('',(-1.6,2.5,-5.));
#6186 = VERTEX_POINT('',#6187);
#6187 = CARTESIAN_POINT('',(-1.6,2.5,5.));
#6188 = SURFACE_CURVE('',#6189,(#6193,#6205),.PCURVE_S1.);
#6189 = LINE('',#6190,#6191);
#6190 = CARTESIAN_POINT('',(-1.6,2.5,-5.));
#6191 = VECTOR('',#6192,1.);
#6192 = DIRECTION('',(0.,0.,1.));
#6193 = PCURVE('',#6194,#6199);
#6194 = PLANE('',#6195);
#6195 = AXIS2_PLACEMENT_3D('',#6196,#6197,#6198);
#6196 = CARTESIAN_POINT('',(-1.6,2.5,-5.));
#6197 = DIRECTION('',(1.,0.,-0.));
#6198 = DIRECTION('',(0.,0.,1.));
#6199 = DEFINITIONAL_REPRESENTATION('',(#6200),#6204);
#6200 = LINE('',#6201,#6202);
#6201 = CARTESIAN_POINT('',(0.,0.));
#6202 = VECTOR('',#6203,1.);
#6203 = DIRECTION('',(1.,0.));
#6204 = ( GEOMETRIC_REPRESENTATION_CONTEXT(2) 
PARAMETRIC_REPRESENTATION_CONTEXT() REPRESENTATION_CONTEXT('2D SPACE',''
  ) );
#6205 = PCURVE('',#6086,#6206);
#6206 = DEFINITIONAL_REPRESENTATION('',(#6207),#6211);
#6207 = LINE('',#6208,#6209);
#6208 = CARTESIAN_POINT('',(0.,3.));
#6209 = VECTOR('',#6210,1.);
#6210 = DIRECTION('',(1.,0.));
#6211 = ( GEOMETRIC_REPRESENTATION_CONTEXT(2) 
PARAMETRIC_REPRESENTATION_CONTEXT() REPRESENTATION_CONTEXT('2D SPACE',''
  ) );
#6212 = ORIENTED_EDGE('',*,*,#6213,.T.);
#6213 = EDGE_CURVE('',#6184,#6214,#6216,.T.);
#6214 = VERTEX_POINT('',#6215);
#6215 = CARTESIAN_POINT('',(-1.6,3.5,-5.));
#6216 = SURFACE_CURVE('',#6217,(#6221,#6228),.PCURVE_S1.);
#6217 = LINE('',#6218,#6219);
#6218 = CARTESIAN_POINT('',(-1.6,2.5,-5.));
#6219 = VECTOR('',#6220,1.);
#6220 = DIRECTION('',(-0.,1.,0.));
#6221 = PCURVE('',#6194,#6222);
#6222 = DEFINITIONAL_REPRESENTATION('',(#6223),#6227);
#6223 = LINE('',#6224,#6225);
#6224 = CARTESIAN_POINT('',(0.,0.));
#6225 = VECTOR('',#6226,1.);
#6226 = DIRECTION('',(0.,-1.));
#6227 = ( GEOMETRIC_REPRESENTATION_CONTEXT(2) 
PARAMETRIC_REPRESENTATION_CONTEXT() REPRESENTATION_CONTEXT('2D SPACE',''
  ) );
#6228 = PCURVE('',#6114,#6229);
#6229 = DEFINITIONAL_REPRESENTATION('',(#6230),#6234);
#6230 = LINE('',#6231,#6232);
#6231 = CARTESIAN_POINT('',(3.,0.));
#6232 = VECTOR('',#6233,1.);
#6233 = DIRECTION('',(0.,1.));
#6234 = ( GEOMETRIC_REPRESENTATION_CONTEXT(2) 
PARAMETRIC_REPRESENTATION_CONTEXT() REPRESENTATION_CONTEXT('2D SPACE',''
  ) );
#6235 = ORIENTED_EDGE('',*,*,#6236,.T.);
#6236 = EDGE_CURVE('',#6214,#6237,#6239,.T.);
#6237 = VERTEX_POINT('',#6238);
#6238 = CARTESIAN_POINT('',(-1.6,3.5,5.));
#6239 = SURFACE_CURVE('',#6240,(#6244,#6251),.PCURVE_S1.);
#6240 = LINE('',#6241,#6242);
#6241 = CARTESIAN_POINT('',(-1.6,3.5,-5.));
#6242 = VECTOR('',#6243,1.);
#6243 = DIRECTION('',(0.,0.,1.));
#6244 = PCURVE('',#6194,#6245);
#6245 = DEFINITIONAL_REPRESENTATION('',(#6246),#6250);
#6246 = LINE('',#6247,#6248);
#6247 = CARTESIAN_POINT('',(0.,-1.));
#6248 = VECTOR('',#6249,1.);
#6249 = DIRECTION('',(1.,0.));
#6250 = ( GEOMETRIC_REPRESENTATION_CONTEXT(2) 
PARAMETRIC_REPRESENTATION_CONTEXT() REPRESENTATION_CONTEXT('2D SPACE',''
  ) );
#6251 = PCURVE('',#6142,#6252);
#6252 = DEFINITIONAL_REPRESENTATION('',(#6253),#6257);
#6253 = LINE('',#6254,#6255);
#6254 = CARTESIAN_POINT('',(0.,3.));
#6255 = VECTOR('',#6256,1.);
#6256 = DIRECTION('',(1.,0.));
#6257 = ( GEOMETRIC_REPRESENTATION_CONTEXT(2) 
PARAMETRIC_REPRESENTATION_CONTEXT() REPRESENTATION_CONTEXT('2D SPACE',''
  ) );
#6258 = ORIENTED_EDGE('',*,*,#6259,.F.);
#6259 = EDGE_CURVE('',#6186,#6237,#6260,.T.);
#6260 = SURFACE_CURVE('',#6261,(#6265,#6272),.PCURVE_S1.);
#6261 = LINE('',#6262,#6263);
#6262 = CARTESIAN_POINT('',(-1.6,2.5,5.));
#6263 = VECTOR('',#6264,1.);
#6264 = DIRECTION('',(-0.,1.,0.));
#6265 = PCURVE('',#6194,#6266);
#6266 = DEFINITIONAL_REPRESENTATION('',(#6267),#6271);
#6267 = LINE('',#6268,#6269);
#6268 = CARTESIAN_POINT('',(10.,0.));
#6269 = VECTOR('',#6270,1.);
#6270 = DIRECTION('',(0.,-1.));
#6271 = ( GEOMETRIC_REPRESENTATION_CONTEXT(2) 
PARAMETRIC_REPRESENTATION_CONTEXT() REPRESENTATION_CONTEXT('2D SPACE',''
  ) );
#6272 = PCURVE('',#6168,#6273);
#6273 = DEFINITIONAL_REPRESENTATION('',(#6274),#6278);
#6274 = LINE('',#6275,#6276);
#6275 = CARTESIAN_POINT('',(3.,0.));
#6276 = VECTOR('',#6277,1.);
#6277 = DIRECTION('',(0.,1.));
#6278 = ( GEOMETRIC_REPRESENTATION_CONTEXT(2) 
PARAMETRIC_REPRESENTATION_CONTEXT() REPRESENTATION_CONTEXT('2D SPACE',''
  ) );
#6279 = ADVANCED_FACE('',(#6280),#6086,.F.);
#6280 = FACE_BOUND('',#6281,.F.);
#6281 = EDGE_LOOP('',(#6282,#6303,#6304,#6325));
#6282 = ORIENTED_EDGE('',*,*,#6283,.F.);
#6283 = EDGE_CURVE('',#6064,#6184,#6284,.T.);
#6284 = SURFACE_CURVE('',#6285,(#6289,#6296),.PCURVE_S1.);
#6285 = LINE('',#6286,#6287);
#6286 = CARTESIAN_POINT('',(-4.6,2.5,-5.));
#6287 = VECTOR('',#6288,1.);
#6288 = DIRECTION('',(1.,0.,-0.));
#6289 = PCURVE('',#6086,#6290);
#6290 = DEFINITIONAL_REPRESENTATION('',(#6291),#6295);
#6291 = LINE('',#6292,#6293);
#6292 = CARTESIAN_POINT('',(0.,0.));
#6293 = VECTOR('',#6294,1.);
#6294 = DIRECTION('',(0.,1.));
#6295 = ( GEOMETRIC_REPRESENTATION_CONTEXT(2) 
PARAMETRIC_REPRESENTATION_CONTEXT() REPRESENTATION_CONTEXT('2D SPACE',''
  ) );
#6296 = PCURVE('',#6114,#6297);
#6297 = DEFINITIONAL_REPRESENTATION('',(#6298),#6302);
#6298 = LINE('',#6299,#6300);
#6299 = CARTESIAN_POINT('',(0.,0.));
#6300 = VECTOR('',#6301,1.);
#6301 = DIRECTION('',(1.,0.));
#6302 = ( GEOMETRIC_REPRESENTATION_CONTEXT(2) 
PARAMETRIC_REPRESENTATION_CONTEXT() REPRESENTATION_CONTEXT('2D SPACE',''
  ) );
#6303 = ORIENTED_EDGE('',*,*,#6063,.T.);
#6304 = ORIENTED_EDGE('',*,*,#6305,.T.);
#6305 = EDGE_CURVE('',#6066,#6186,#6306,.T.);
#6306 = SURFACE_CURVE('',#6307,(#6311,#6318),.PCURVE_S1.);
#6307 = LINE('',#6308,#6309);
#6308 = CARTESIAN_POINT('',(-4.6,2.5,5.));
#6309 = VECTOR('',#6310,1.);
#6310 = DIRECTION('',(1.,0.,-0.));
#6311 = PCURVE('',#6086,#6312);
#6312 = DEFINITIONAL_REPRESENTATION('',(#6313),#6317);
#6313 = LINE('',#6314,#6315);
#6314 = CARTESIAN_POINT('',(10.,0.));
#6315 = VECTOR('',#6316,1.);
#6316 = DIRECTION('',(0.,1.));
#6317 = ( GEOMETRIC_REPRESENTATION_CONTEXT(2) 
PARAMETRIC_REPRESENTATION_CONTEXT() REPRESENTATION_CONTEXT('2D SPACE',''
  ) );
#6318 = PCURVE('',#6168,#6319);
#6319 = DEFINITIONAL_REPRESENTATION('',(#6320),#6324);
#6320 = LINE('',#6321,#6322);
#6321 = CARTESIAN_POINT('',(0.,0.));
#6322 = VECTOR('',#6323,1.);
#6323 = DIRECTION('',(1.,0.));
#6324 = ( GEOMETRIC_REPRESENTATION_CONTEXT(2) 
PARAMETRIC_REPRESENTATION_CONTEXT() REPRESENTATION_CONTEXT('2D SPACE',''
  ) );
#6325 = ORIENTED_EDGE('',*,*,#6183,.F.);
#6326 = ADVANCED_FACE('',(#6327),#6142,.T.);
#6327 = FACE_BOUND('',#6328,.T.);
#6328 = EDGE_LOOP('',(#6329,#6350,#6351,#6372));
#6329 = ORIENTED_EDGE('',*,*,#6330,.F.);
#6330 = EDGE_CURVE('',#6099,#6214,#6331,.T.);
#6331 = SURFACE_CURVE('',#6332,(#6336,#6343),.PCURVE_S1.);
#6332 = LINE('',#6333,#6334);
#6333 = CARTESIAN_POINT('',(-4.6,3.5,-5.));
#6334 = VECTOR('',#6335,1.);
#6335 = DIRECTION('',(1.,0.,-0.));
#6336 = PCURVE('',#6142,#6337);
#6337 = DEFINITIONAL_REPRESENTATION('',(#6338),#6342);
#6338 = LINE('',#6339,#6340);
#6339 = CARTESIAN_POINT('',(0.,0.));
#6340 = VECTOR('',#6341,1.);
#6341 = DIRECTION('',(0.,1.));
#6342 = ( GEOMETRIC_REPRESENTATION_CONTEXT(2) 
PARAMETRIC_REPRESENTATION_CONTEXT() REPRESENTATION_CONTEXT('2D SPACE',''
  ) );
#6343 = PCURVE('',#6114,#6344);
#6344 = DEFINITIONAL_REPRESENTATION('',(#6345),#6349);
#6345 = LINE('',#6346,#6347);
#6346 = CARTESIAN_POINT('',(0.,1.));
#6347 = VECTOR('',#6348,1.);
#6348 = DIRECTION('',(1.,0.));
#6349 = ( GEOMETRIC_REPRESENTATION_CONTEXT(2) 
PARAMETRIC_REPRESENTATION_CONTEXT() REPRESENTATION_CONTEXT('2D SPACE',''
  ) );
#6350 = ORIENTED_EDGE('',*,*,#6126,.T.);
#6351 = ORIENTED_EDGE('',*,*,#6352,.T.);
#6352 = EDGE_CURVE('',#6127,#6237,#6353,.T.);
#6353 = SURFACE_CURVE('',#6354,(#6358,#6365),.PCURVE_S1.);
#6354 = LINE('',#6355,#6356);
#6355 = CARTESIAN_POINT('',(-4.6,3.5,5.));
#6356 = VECTOR('',#6357,1.);
#6357 = DIRECTION('',(1.,0.,-0.));
#6358 = PCURVE('',#6142,#6359);
#6359 = DEFINITIONAL_REPRESENTATION('',(#6360),#6364);
#6360 = LINE('',#6361,#6362);
#6361 = CARTESIAN_POINT('',(10.,0.));
#6362 = VECTOR('',#6363,1.);
#6363 = DIRECTION('',(0.,1.));
#6364 = ( GEOMETRIC_REPRESENTATION_CONTEXT(2) 
PARAMETRIC_REPRESENTATION_CONTEXT() REPRESENTATION_CONTEXT('2D SPACE',''
  ) );
#6365 = PCURVE('',#6168,#6366);
#6366 = DEFINITIONAL_REPRESENTATION('',(#6367),#6371);
#6367 = LINE('',#6368,#6369);
#6368 = CARTESIAN_POINT('',(0.,1.));
#6369 = VECTOR('',#6370,1.);
#6370 = DIRECTION('',(1.,0.));
#6371 = ( GEOMETRIC_REPRESENTATION_CONTEXT(2) 
PARAMETRIC_REPRESENTATION_CONTEXT() REPRESENTATION_CONTEXT('2D SPACE',''
  ) );
#6372 = ORIENTED_EDGE('',*,*,#6236,.F.);
#6373 = ADVANCED_FACE('',(#6374),#6114,.F.);
#6374 = FACE_BOUND('',#6375,.F.);
#6375 = EDGE_LOOP('',(#6376,#6377,#6378,#6379));
#6376 = ORIENTED_EDGE('',*,*,#6098,.F.);
#6377 = ORIENTED_EDGE('',*,*,#6283,.T.);
#6378 = ORIENTED_EDGE('',*,*,#6213,.T.);
#6379 = ORIENTED_EDGE('',*,*,#6330,.F.);
#6380 = ADVANCED_FACE('',(#6381),#6168,.T.);
#6381 = FACE_BOUND('',#6382,.T.);
#6382 = EDGE_LOOP('',(#6383,#6384,#6385,#6386));
#6383 = ORIENTED_EDGE('',*,*,#6154,.F.);
#6384 = ORIENTED_EDGE('',*,*,#6305,.T.);
#6385 = ORIENTED_EDGE('',*,*,#6259,.T.);
#6386 = ORIENTED_EDGE('',*,*,#6352,.F.);
#6387 = ( GEOMETRIC_REPRESENTATION_CONTEXT(3) 
GLOBAL_UNCERTAINTY_ASSIGNED_CONTEXT((#6391)) 
GLOBAL_UNIT_ASSIGNED_CONTEXT((#6388,#6389,#6390)) REPRESENTATION_CONTEXT
('Context #1','3D Context with UNIT and UNCERTAINTY') );
#6388 = ( LENGTH_UNIT() NAMED_UNIT(*) SI_UNIT(.MILLI.,.METRE.) );
#6389 = ( NAMED_UNIT(*) PLANE_ANGLE_UNIT() SI_UNIT($,.RADIAN.) );
#6390 = ( NAMED_UNIT(*) SI_UNIT($,.STERADIAN.) SOLID_ANGLE_UNIT() );
#6391 = UNCERTAINTY_MEASURE_WITH_UNIT(LENGTH_MEASURE(1.E-07),#6388,
  'distance_accuracy_value','confusion accuracy');
#6392 = CONTEXT_DEPENDENT_SHAPE_REPRESENTATION(#6393,#6395);
#6393 = ( REPRESENTATION_RELATIONSHIP('','',#40,#10) 
REPRESENTATION_RELATIONSHIP_WITH_TRANSFORMATION(#6394) 
SHAPE_REPRESENTATION_RELATIONSHIP() );
#6394 = ITEM_DEFINED_TRANSFORMATION('','',#11,#15);
#6395 = PRODUCT_DEFINITION_SHAPE('Placement','Placement of an item',
  #6396);
#6396 = NEXT_ASSEMBLY_USAGE_OCCURRENCE('1','metal','',#5,#35,$);
#6397 = PRODUCT_RELATED_PRODUCT_CATEGORY('part',$,(#37));
#6398 = SHAPE_DEFINITION_REPRESENTATION(#6399,#6405);
#6399 = PRODUCT_DEFINITION_SHAPE('','',#6400);
#6400 = PRODUCT_DEFINITION('design','',#6401,#6404);
#6401 = PRODUCT_DEFINITION_FORMATION('','',#6402);
#6402 = PRODUCT('body','body','',(#6403));
#6403 = PRODUCT_CONTEXT('',#2,'mechanical');
#6404 = PRODUCT_DEFINITION_CONTEXT('part definition',#2,'design');
#6405 = ADVANCED_BREP_SHAPE_REPRESENTATION('',(#11,#6406),#8189);
#6406 = MANIFOLD_SOLID_BREP('',#6407);
#6407 = CLOSED_SHELL('',(#6408,#6822,#7029,#7077,#7130,#7184,#7237,#7290
    ,#7344,#7398,#7452,#7507,#7538,#7592,#7618,#7667,#7741,#7794,#7822,
    #7849,#7899,#7947,#7972,#8021,#8069,#8117,#8142,#8148,#8175,#8182));
#6408 = ADVANCED_FACE('',(#6409),#6423,.T.);
#6409 = FACE_BOUND('',#6410,.T.);
#6410 = EDGE_LOOP('',(#6411,#6446,#6479,#6507,#6536,#6564,#6593,#6621,
    #6650,#6673,#6706,#6734,#6767,#6795));
#6411 = ORIENTED_EDGE('',*,*,#6412,.F.);
#6412 = EDGE_CURVE('',#6413,#6415,#6417,.T.);
#6413 = VERTEX_POINT('',#6414);
#6414 = CARTESIAN_POINT('',(-11.6,2.4,12.6));
#6415 = VERTEX_POINT('',#6416);
#6416 = CARTESIAN_POINT('',(-11.6,5.3,12.6));
#6417 = SURFACE_CURVE('',#6418,(#6422,#6434),.PCURVE_S1.);
#6418 = LINE('',#6419,#6420);
#6419 = CARTESIAN_POINT('',(-11.6,-6.5,12.6));
#6420 = VECTOR('',#6421,1.);
#6421 = DIRECTION('',(-0.,1.,0.));
#6422 = PCURVE('',#6423,#6428);
#6423 = PLANE('',#6424);
#6424 = AXIS2_PLACEMENT_3D('',#6425,#6426,#6427);
#6425 = CARTESIAN_POINT('',(4.4,0.,12.6));
#6426 = DIRECTION('',(0.,0.,1.));
#6427 = DIRECTION('',(1.,0.,-0.));
#6428 = DEFINITIONAL_REPRESENTATION('',(#6429),#6433);
#6429 = LINE('',#6430,#6431);
#6430 = CARTESIAN_POINT('',(-16.,-6.5));
#6431 = VECTOR('',#6432,1.);
#6432 = DIRECTION('',(0.,1.));
#6433 = ( GEOMETRIC_REPRESENTATION_CONTEXT(2) 
PARAMETRIC_REPRESENTATION_CONTEXT() REPRESENTATION_CONTEXT('2D SPACE',''
  ) );
#6434 = PCURVE('',#6435,#6440);
#6435 = PLANE('',#6436);
#6436 = AXIS2_PLACEMENT_3D('',#6437,#6438,#6439);
#6437 = CARTESIAN_POINT('',(-11.6,-6.5,0.));
#6438 = DIRECTION('',(1.,0.,-0.));
#6439 = DIRECTION('',(0.,0.,1.));
#6440 = DEFINITIONAL_REPRESENTATION('',(#6441),#6445);
#6441 = LINE('',#6442,#6443);
#6442 = CARTESIAN_POINT('',(12.6,0.));
#6443 = VECTOR('',#6444,1.);
#6444 = DIRECTION('',(0.,-1.));
#6445 = ( GEOMETRIC_REPRESENTATION_CONTEXT(2) 
PARAMETRIC_REPRESENTATION_CONTEXT() REPRESENTATION_CONTEXT('2D SPACE',''
  ) );
#6446 = ORIENTED_EDGE('',*,*,#6447,.T.);
#6447 = EDGE_CURVE('',#6413,#6448,#6450,.T.);
#6448 = VERTEX_POINT('',#6449);
#6449 = CARTESIAN_POINT('',(-12.1,1.9,12.6));
#6450 = SURFACE_CURVE('',#6451,(#6456,#6467),.PCURVE_S1.);
#6451 = CIRCLE('',#6452,0.5);
#6452 = AXIS2_PLACEMENT_3D('',#6453,#6454,#6455);
#6453 = CARTESIAN_POINT('',(-12.1,2.4,12.6));
#6454 = DIRECTION('',(-0.,-0.,-1.));
#6455 = DIRECTION('',(0.,-1.,0.));
#6456 = PCURVE('',#6423,#6457);
#6457 = DEFINITIONAL_REPRESENTATION('',(#6458),#6466);
#6458 = ( BOUNDED_CURVE() B_SPLINE_CURVE(2,(#6459,#6460,#6461,#6462,
#6463,#6464,#6465),.UNSPECIFIED.,.T.,.F.) B_SPLINE_CURVE_WITH_KNOTS((1,2
    ,2,2,2,1),(-2.094395102393,0.,2.094395102393,4.188790204786,
6.28318530718,8.377580409573),.UNSPECIFIED.) CURVE() 
GEOMETRIC_REPRESENTATION_ITEM() RATIONAL_B_SPLINE_CURVE((1.,0.5,1.,0.5,
1.,0.5,1.)) REPRESENTATION_ITEM('') );
#6459 = CARTESIAN_POINT('',(-16.5,1.9));
#6460 = CARTESIAN_POINT('',(-17.36602540378,1.9));
#6461 = CARTESIAN_POINT('',(-16.93301270189,2.65));
#6462 = CARTESIAN_POINT('',(-16.5,3.4));
#6463 = CARTESIAN_POINT('',(-16.0669872981,2.65));
#6464 = CARTESIAN_POINT('',(-15.63397459621,1.9));
#6465 = CARTESIAN_POINT('',(-16.5,1.9));
#6466 = ( GEOMETRIC_REPRESENTATION_CONTEXT(2) 
PARAMETRIC_REPRESENTATION_CONTEXT() REPRESENTATION_CONTEXT('2D SPACE',''
  ) );
#6467 = PCURVE('',#6468,#6473);
#6468 = CYLINDRICAL_SURFACE('',#6469,0.5);
#6469 = AXIS2_PLACEMENT_3D('',#6470,#6471,#6472);
#6470 = CARTESIAN_POINT('',(-12.1,2.4,5.6));
#6471 = DIRECTION('',(0.,0.,1.));
#6472 = DIRECTION('',(1.,0.,-0.));
#6473 = DEFINITIONAL_REPRESENTATION('',(#6474),#6478);
#6474 = LINE('',#6475,#6476);
#6475 = CARTESIAN_POINT('',(4.712388980385,7.));
#6476 = VECTOR('',#6477,1.);
#6477 = DIRECTION('',(-1.,0.));
#6478 = ( GEOMETRIC_REPRESENTATION_CONTEXT(2) 
PARAMETRIC_REPRESENTATION_CONTEXT() REPRESENTATION_CONTEXT('2D SPACE',''
  ) );
#6479 = ORIENTED_EDGE('',*,*,#6480,.F.);
#6480 = EDGE_CURVE('',#6481,#6448,#6483,.T.);
#6481 = VERTEX_POINT('',#6482);
#6482 = CARTESIAN_POINT('',(-14.1,1.9,12.6));
#6483 = SURFACE_CURVE('',#6484,(#6488,#6495),.PCURVE_S1.);
#6484 = LINE('',#6485,#6486);
#6485 = CARTESIAN_POINT('',(-14.6,1.9,12.6));
#6486 = VECTOR('',#6487,1.);
#6487 = DIRECTION('',(1.,0.,-0.));
#6488 = PCURVE('',#6423,#6489);
#6489 = DEFINITIONAL_REPRESENTATION('',(#6490),#6494);
#6490 = LINE('',#6491,#6492);
#6491 = CARTESIAN_POINT('',(-19.,1.9));
#6492 = VECTOR('',#6493,1.);
#6493 = DIRECTION('',(1.,0.));
#6494 = ( GEOMETRIC_REPRESENTATION_CONTEXT(2) 
PARAMETRIC_REPRESENTATION_CONTEXT() REPRESENTATION_CONTEXT('2D SPACE',''
  ) );
#6495 = PCURVE('',#6496,#6501);
#6496 = PLANE('',#6497);
#6497 = AXIS2_PLACEMENT_3D('',#6498,#6499,#6500);
#6498 = CARTESIAN_POINT('',(-14.6,1.9,5.6));
#6499 = DIRECTION('',(-0.,1.,0.));
#6500 = DIRECTION('',(0.,0.,1.));
#6501 = DEFINITIONAL_REPRESENTATION('',(#6502),#6506);
#6502 = LINE('',#6503,#6504);
#6503 = CARTESIAN_POINT('',(7.,0.));
#6504 = VECTOR('',#6505,1.);
#6505 = DIRECTION('',(0.,1.));
#6506 = ( GEOMETRIC_REPRESENTATION_CONTEXT(2) 
PARAMETRIC_REPRESENTATION_CONTEXT() REPRESENTATION_CONTEXT('2D SPACE',''
  ) );
#6507 = ORIENTED_EDGE('',*,*,#6508,.T.);
#6508 = EDGE_CURVE('',#6481,#6509,#6511,.T.);
#6509 = VERTEX_POINT('',#6510);
#6510 = CARTESIAN_POINT('',(-14.6,1.4,12.6));
#6511 = SURFACE_CURVE('',#6512,(#6517,#6524),.PCURVE_S1.);
#6512 = CIRCLE('',#6513,0.5);
#6513 = AXIS2_PLACEMENT_3D('',#6514,#6515,#6516);
#6514 = CARTESIAN_POINT('',(-14.1,1.4,12.6));
#6515 = DIRECTION('',(0.,0.,1.));
#6516 = DIRECTION('',(0.,-1.,0.));
#6517 = PCURVE('',#6423,#6518);
#6518 = DEFINITIONAL_REPRESENTATION('',(#6519),#6523);
#6519 = CIRCLE('',#6520,0.5);
#6520 = AXIS2_PLACEMENT_2D('',#6521,#6522);
#6521 = CARTESIAN_POINT('',(-18.5,1.4));
#6522 = DIRECTION('',(0.,-1.));
#6523 = ( GEOMETRIC_REPRESENTATION_CONTEXT(2) 
PARAMETRIC_REPRESENTATION_CONTEXT() REPRESENTATION_CONTEXT('2D SPACE',''
  ) );
#6524 = PCURVE('',#6525,#6530);
#6525 = CYLINDRICAL_SURFACE('',#6526,0.5);
#6526 = AXIS2_PLACEMENT_3D('',#6527,#6528,#6529);
#6527 = CARTESIAN_POINT('',(-14.1,1.4,5.6));
#6528 = DIRECTION('',(0.,0.,1.));
#6529 = DIRECTION('',(-0.,1.,0.));
#6530 = DEFINITIONAL_REPRESENTATION('',(#6531),#6535);
#6531 = LINE('',#6532,#6533);
#6532 = CARTESIAN_POINT('',(-3.14159265359,7.));
#6533 = VECTOR('',#6534,1.);
#6534 = DIRECTION('',(1.,0.));
#6535 = ( GEOMETRIC_REPRESENTATION_CONTEXT(2) 
PARAMETRIC_REPRESENTATION_CONTEXT() REPRESENTATION_CONTEXT('2D SPACE',''
  ) );
#6536 = ORIENTED_EDGE('',*,*,#6537,.F.);
#6537 = EDGE_CURVE('',#6538,#6509,#6540,.T.);
#6538 = VERTEX_POINT('',#6539);
#6539 = CARTESIAN_POINT('',(-14.6,-1.4,12.6));
#6540 = SURFACE_CURVE('',#6541,(#6545,#6552),.PCURVE_S1.);
#6541 = LINE('',#6542,#6543);
#6542 = CARTESIAN_POINT('',(-14.6,-1.9,12.6));
#6543 = VECTOR('',#6544,1.);
#6544 = DIRECTION('',(-0.,1.,0.));
#6545 = PCURVE('',#6423,#6546);
#6546 = DEFINITIONAL_REPRESENTATION('',(#6547),#6551);
#6547 = LINE('',#6548,#6549);
#6548 = CARTESIAN_POINT('',(-19.,-1.9));
#6549 = VECTOR('',#6550,1.);
#6550 = DIRECTION('',(0.,1.));
#6551 = ( GEOMETRIC_REPRESENTATION_CONTEXT(2) 
PARAMETRIC_REPRESENTATION_CONTEXT() REPRESENTATION_CONTEXT('2D SPACE',''
  ) );
#6552 = PCURVE('',#6553,#6558);
#6553 = PLANE('',#6554);
#6554 = AXIS2_PLACEMENT_3D('',#6555,#6556,#6557);
#6555 = CARTESIAN_POINT('',(-14.6,-1.9,5.6));
#6556 = DIRECTION('',(1.,0.,-0.));
#6557 = DIRECTION('',(0.,0.,1.));
#6558 = DEFINITIONAL_REPRESENTATION('',(#6559),#6563);
#6559 = LINE('',#6560,#6561);
#6560 = CARTESIAN_POINT('',(7.,0.));
#6561 = VECTOR('',#6562,1.);
#6562 = DIRECTION('',(0.,-1.));
#6563 = ( GEOMETRIC_REPRESENTATION_CONTEXT(2) 
PARAMETRIC_REPRESENTATION_CONTEXT() REPRESENTATION_CONTEXT('2D SPACE',''
  ) );
#6564 = ORIENTED_EDGE('',*,*,#6565,.T.);
#6565 = EDGE_CURVE('',#6538,#6566,#6568,.T.);
#6566 = VERTEX_POINT('',#6567);
#6567 = CARTESIAN_POINT('',(-14.1,-1.9,12.6));
#6568 = SURFACE_CURVE('',#6569,(#6574,#6581),.PCURVE_S1.);
#6569 = CIRCLE('',#6570,0.5);
#6570 = AXIS2_PLACEMENT_3D('',#6571,#6572,#6573);
#6571 = CARTESIAN_POINT('',(-14.1,-1.4,12.6));
#6572 = DIRECTION('',(0.,0.,1.));
#6573 = DIRECTION('',(0.,-1.,0.));
#6574 = PCURVE('',#6423,#6575);
#6575 = DEFINITIONAL_REPRESENTATION('',(#6576),#6580);
#6576 = CIRCLE('',#6577,0.5);
#6577 = AXIS2_PLACEMENT_2D('',#6578,#6579);
#6578 = CARTESIAN_POINT('',(-18.5,-1.4));
#6579 = DIRECTION('',(0.,-1.));
#6580 = ( GEOMETRIC_REPRESENTATION_CONTEXT(2) 
PARAMETRIC_REPRESENTATION_CONTEXT() REPRESENTATION_CONTEXT('2D SPACE',''
  ) );
#6581 = PCURVE('',#6582,#6587);
#6582 = CYLINDRICAL_SURFACE('',#6583,0.5);
#6583 = AXIS2_PLACEMENT_3D('',#6584,#6585,#6586);
#6584 = CARTESIAN_POINT('',(-14.1,-1.4,5.6));
#6585 = DIRECTION('',(0.,0.,1.));
#6586 = DIRECTION('',(-1.,-0.,0.));
#6587 = DEFINITIONAL_REPRESENTATION('',(#6588),#6592);
#6588 = LINE('',#6589,#6590);
#6589 = CARTESIAN_POINT('',(-4.712388980385,7.));
#6590 = VECTOR('',#6591,1.);
#6591 = DIRECTION('',(1.,0.));
#6592 = ( GEOMETRIC_REPRESENTATION_CONTEXT(2) 
PARAMETRIC_REPRESENTATION_CONTEXT() REPRESENTATION_CONTEXT('2D SPACE',''
  ) );
#6593 = ORIENTED_EDGE('',*,*,#6594,.T.);
#6594 = EDGE_CURVE('',#6566,#6595,#6597,.T.);
#6595 = VERTEX_POINT('',#6596);
#6596 = CARTESIAN_POINT('',(-12.1,-1.9,12.6));
#6597 = SURFACE_CURVE('',#6598,(#6602,#6609),.PCURVE_S1.);
#6598 = LINE('',#6599,#6600);
#6599 = CARTESIAN_POINT('',(-14.6,-1.9,12.6));
#6600 = VECTOR('',#6601,1.);
#6601 = DIRECTION('',(1.,0.,-0.));
#6602 = PCURVE('',#6423,#6603);
#6603 = DEFINITIONAL_REPRESENTATION('',(#6604),#6608);
#6604 = LINE('',#6605,#6606);
#6605 = CARTESIAN_POINT('',(-19.,-1.9));
#6606 = VECTOR('',#6607,1.);
#6607 = DIRECTION('',(1.,0.));
#6608 = ( GEOMETRIC_REPRESENTATION_CONTEXT(2) 
PARAMETRIC_REPRESENTATION_CONTEXT() REPRESENTATION_CONTEXT('2D SPACE',''
  ) );
#6609 = PCURVE('',#6610,#6615);
#6610 = PLANE('',#6611);
#6611 = AXIS2_PLACEMENT_3D('',#6612,#6613,#6614);
#6612 = CARTESIAN_POINT('',(-14.6,-1.9,5.6));
#6613 = DIRECTION('',(-0.,1.,0.));
#6614 = DIRECTION('',(0.,0.,1.));
#6615 = DEFINITIONAL_REPRESENTATION('',(#6616),#6620);
#6616 = LINE('',#6617,#6618);
#6617 = CARTESIAN_POINT('',(7.,0.));
#6618 = VECTOR('',#6619,1.);
#6619 = DIRECTION('',(0.,1.));
#6620 = ( GEOMETRIC_REPRESENTATION_CONTEXT(2) 
PARAMETRIC_REPRESENTATION_CONTEXT() REPRESENTATION_CONTEXT('2D SPACE',''
  ) );
#6621 = ORIENTED_EDGE('',*,*,#6622,.F.);
#6622 = EDGE_CURVE('',#6623,#6595,#6625,.T.);
#6623 = VERTEX_POINT('',#6624);
#6624 = CARTESIAN_POINT('',(-11.6,-2.4,12.6));
#6625 = SURFACE_CURVE('',#6626,(#6631,#6638),.PCURVE_S1.);
#6626 = CIRCLE('',#6627,0.5);
#6627 = AXIS2_PLACEMENT_3D('',#6628,#6629,#6630);
#6628 = CARTESIAN_POINT('',(-12.1,-2.4,12.6));
#6629 = DIRECTION('',(0.,0.,1.));
#6630 = DIRECTION('',(0.,-1.,0.));
#6631 = PCURVE('',#6423,#6632);
#6632 = DEFINITIONAL_REPRESENTATION('',(#6633),#6637);
#6633 = CIRCLE('',#6634,0.5);
#6634 = AXIS2_PLACEMENT_2D('',#6635,#6636);
#6635 = CARTESIAN_POINT('',(-16.5,-2.4));
#6636 = DIRECTION('',(0.,-1.));
#6637 = ( GEOMETRIC_REPRESENTATION_CONTEXT(2) 
PARAMETRIC_REPRESENTATION_CONTEXT() REPRESENTATION_CONTEXT('2D SPACE',''
  ) );
#6638 = PCURVE('',#6639,#6644);
#6639 = CYLINDRICAL_SURFACE('',#6640,0.5);
#6640 = AXIS2_PLACEMENT_3D('',#6641,#6642,#6643);
#6641 = CARTESIAN_POINT('',(-12.1,-2.4,5.6));
#6642 = DIRECTION('',(0.,0.,1.));
#6643 = DIRECTION('',(1.,0.,-0.));
#6644 = DEFINITIONAL_REPRESENTATION('',(#6645),#6649);
#6645 = LINE('',#6646,#6647);
#6646 = CARTESIAN_POINT('',(-1.570796326795,7.));
#6647 = VECTOR('',#6648,1.);
#6648 = DIRECTION('',(1.,0.));
#6649 = ( GEOMETRIC_REPRESENTATION_CONTEXT(2) 
PARAMETRIC_REPRESENTATION_CONTEXT() REPRESENTATION_CONTEXT('2D SPACE',''
  ) );
#6650 = ORIENTED_EDGE('',*,*,#6651,.F.);
#6651 = EDGE_CURVE('',#6652,#6623,#6654,.T.);
#6652 = VERTEX_POINT('',#6653);
#6653 = CARTESIAN_POINT('',(-11.6,-5.3,12.6));
#6654 = SURFACE_CURVE('',#6655,(#6659,#6666),.PCURVE_S1.);
#6655 = LINE('',#6656,#6657);
#6656 = CARTESIAN_POINT('',(-11.6,-6.5,12.6));
#6657 = VECTOR('',#6658,1.);
#6658 = DIRECTION('',(-0.,1.,0.));
#6659 = PCURVE('',#6423,#6660);
#6660 = DEFINITIONAL_REPRESENTATION('',(#6661),#6665);
#6661 = LINE('',#6662,#6663);
#6662 = CARTESIAN_POINT('',(-16.,-6.5));
#6663 = VECTOR('',#6664,1.);
#6664 = DIRECTION('',(0.,1.));
#6665 = ( GEOMETRIC_REPRESENTATION_CONTEXT(2) 
PARAMETRIC_REPRESENTATION_CONTEXT() REPRESENTATION_CONTEXT('2D SPACE',''
  ) );
#6666 = PCURVE('',#6435,#6667);
#6667 = DEFINITIONAL_REPRESENTATION('',(#6668),#6672);
#6668 = LINE('',#6669,#6670);
#6669 = CARTESIAN_POINT('',(12.6,0.));
#6670 = VECTOR('',#6671,1.);
#6671 = DIRECTION('',(0.,-1.));
#6672 = ( GEOMETRIC_REPRESENTATION_CONTEXT(2) 
PARAMETRIC_REPRESENTATION_CONTEXT() REPRESENTATION_CONTEXT('2D SPACE',''
  ) );
#6673 = ORIENTED_EDGE('',*,*,#6674,.F.);
#6674 = EDGE_CURVE('',#6675,#6652,#6677,.T.);
#6675 = VERTEX_POINT('',#6676);
#6676 = CARTESIAN_POINT('',(-10.4,-6.5,12.6));
#6677 = SURFACE_CURVE('',#6678,(#6683,#6694),.PCURVE_S1.);
#6678 = CIRCLE('',#6679,1.2);
#6679 = AXIS2_PLACEMENT_3D('',#6680,#6681,#6682);
#6680 = CARTESIAN_POINT('',(-10.4,-5.3,12.6));
#6681 = DIRECTION('',(-0.,-0.,-1.));
#6682 = DIRECTION('',(0.,-1.,0.));
#6683 = PCURVE('',#6423,#6684);
#6684 = DEFINITIONAL_REPRESENTATION('',(#6685),#6693);
#6685 = ( BOUNDED_CURVE() B_SPLINE_CURVE(2,(#6686,#6687,#6688,#6689,
#6690,#6691,#6692),.UNSPECIFIED.,.T.,.F.) B_SPLINE_CURVE_WITH_KNOTS((1,2
    ,2,2,2,1),(-2.094395102393,0.,2.094395102393,4.188790204786,
6.28318530718,8.377580409573),.UNSPECIFIED.) CURVE() 
GEOMETRIC_REPRESENTATION_ITEM() RATIONAL_B_SPLINE_CURVE((1.,0.5,1.,0.5,
1.,0.5,1.)) REPRESENTATION_ITEM('') );
#6686 = CARTESIAN_POINT('',(-14.8,-6.5));
#6687 = CARTESIAN_POINT('',(-16.87846096908,-6.5));
#6688 = CARTESIAN_POINT('',(-15.83923048454,-4.7));
#6689 = CARTESIAN_POINT('',(-14.8,-2.9));
#6690 = CARTESIAN_POINT('',(-13.76076951545,-4.7));
#6691 = CARTESIAN_POINT('',(-12.72153903091,-6.5));
#6692 = CARTESIAN_POINT('',(-14.8,-6.5));
#6693 = ( GEOMETRIC_REPRESENTATION_CONTEXT(2) 
PARAMETRIC_REPRESENTATION_CONTEXT() REPRESENTATION_CONTEXT('2D SPACE',''
  ) );
#6694 = PCURVE('',#6695,#6700);
#6695 = CYLINDRICAL_SURFACE('',#6696,1.2);
#6696 = AXIS2_PLACEMENT_3D('',#6697,#6698,#6699);
#6697 = CARTESIAN_POINT('',(-10.4,-5.3,0.));
#6698 = DIRECTION('',(0.,0.,1.));
#6699 = DIRECTION('',(0.,-1.,0.));
#6700 = DEFINITIONAL_REPRESENTATION('',(#6701),#6705);
#6701 = LINE('',#6702,#6703);
#6702 = CARTESIAN_POINT('',(-0.,12.6));
#6703 = VECTOR('',#6704,1.);
#6704 = DIRECTION('',(-1.,0.));
#6705 = ( GEOMETRIC_REPRESENTATION_CONTEXT(2) 
PARAMETRIC_REPRESENTATION_CONTEXT() REPRESENTATION_CONTEXT('2D SPACE',''
  ) );
#6706 = ORIENTED_EDGE('',*,*,#6707,.T.);
#6707 = EDGE_CURVE('',#6675,#6708,#6710,.T.);
#6708 = VERTEX_POINT('',#6709);
#6709 = CARTESIAN_POINT('',(4.4,-6.5,12.6));
#6710 = SURFACE_CURVE('',#6711,(#6715,#6722),.PCURVE_S1.);
#6711 = LINE('',#6712,#6713);
#6712 = CARTESIAN_POINT('',(-11.6,-6.5,12.6));
#6713 = VECTOR('',#6714,1.);
#6714 = DIRECTION('',(1.,0.,-0.));
#6715 = PCURVE('',#6423,#6716);
#6716 = DEFINITIONAL_REPRESENTATION('',(#6717),#6721);
#6717 = LINE('',#6718,#6719);
#6718 = CARTESIAN_POINT('',(-16.,-6.5));
#6719 = VECTOR('',#6720,1.);
#6720 = DIRECTION('',(1.,0.));
#6721 = ( GEOMETRIC_REPRESENTATION_CONTEXT(2) 
PARAMETRIC_REPRESENTATION_CONTEXT() REPRESENTATION_CONTEXT('2D SPACE',''
  ) );
#6722 = PCURVE('',#6723,#6728);
#6723 = PLANE('',#6724);
#6724 = AXIS2_PLACEMENT_3D('',#6725,#6726,#6727);
#6725 = CARTESIAN_POINT('',(-11.6,-6.5,0.));
#6726 = DIRECTION('',(-0.,1.,0.));
#6727 = DIRECTION('',(0.,0.,1.));
#6728 = DEFINITIONAL_REPRESENTATION('',(#6729),#6733);
#6729 = LINE('',#6730,#6731);
#6730 = CARTESIAN_POINT('',(12.6,0.));
#6731 = VECTOR('',#6732,1.);
#6732 = DIRECTION('',(0.,1.));
#6733 = ( GEOMETRIC_REPRESENTATION_CONTEXT(2) 
PARAMETRIC_REPRESENTATION_CONTEXT() REPRESENTATION_CONTEXT('2D SPACE',''
  ) );
#6734 = ORIENTED_EDGE('',*,*,#6735,.F.);
#6735 = EDGE_CURVE('',#6736,#6708,#6738,.T.);
#6736 = VERTEX_POINT('',#6737);
#6737 = CARTESIAN_POINT('',(4.4,6.5,12.6));
#6738 = SURFACE_CURVE('',#6739,(#6744,#6755),.PCURVE_S1.);
#6739 = CIRCLE('',#6740,6.5);
#6740 = AXIS2_PLACEMENT_3D('',#6741,#6742,#6743);
#6741 = CARTESIAN_POINT('',(4.4,0.,12.6));
#6742 = DIRECTION('',(0.,0.,-1.));
#6743 = DIRECTION('',(0.,1.,0.));
#6744 = PCURVE('',#6423,#6745);
#6745 = DEFINITIONAL_REPRESENTATION('',(#6746),#6754);
#6746 = ( BOUNDED_CURVE() B_SPLINE_CURVE(2,(#6747,#6748,#6749,#6750,
#6751,#6752,#6753),.UNSPECIFIED.,.T.,.F.) B_SPLINE_CURVE_WITH_KNOTS((1,2
    ,2,2,2,1),(-2.094395102393,0.,2.094395102393,4.188790204786,
6.28318530718,8.377580409573),.UNSPECIFIED.) CURVE() 
GEOMETRIC_REPRESENTATION_ITEM() RATIONAL_B_SPLINE_CURVE((1.,0.5,1.,0.5,
1.,0.5,1.)) REPRESENTATION_ITEM('') );
#6747 = CARTESIAN_POINT('',(0.,6.5));
#6748 = CARTESIAN_POINT('',(11.258330249198,6.5));
#6749 = CARTESIAN_POINT('',(5.629165124599,-3.25));
#6750 = CARTESIAN_POINT('',(1.592040838892E-15,-13.));
#6751 = CARTESIAN_POINT('',(-5.629165124599,-3.25));
#6752 = CARTESIAN_POINT('',(-11.25833024919,6.5));
#6753 = CARTESIAN_POINT('',(0.,6.5));
#6754 = ( GEOMETRIC_REPRESENTATION_CONTEXT(2) 
PARAMETRIC_REPRESENTATION_CONTEXT() REPRESENTATION_CONTEXT('2D SPACE',''
  ) );
#6755 = PCURVE('',#6756,#6761);
#6756 = CYLINDRICAL_SURFACE('',#6757,6.5);
#6757 = AXIS2_PLACEMENT_3D('',#6758,#6759,#6760);
#6758 = CARTESIAN_POINT('',(4.4,0.,0.));
#6759 = DIRECTION('',(0.,0.,1.));
#6760 = DIRECTION('',(1.,0.,-0.));
#6761 = DEFINITIONAL_REPRESENTATION('',(#6762),#6766);
#6762 = LINE('',#6763,#6764);
#6763 = CARTESIAN_POINT('',(7.853981633974,12.6));
#6764 = VECTOR('',#6765,1.);
#6765 = DIRECTION('',(-1.,-0.));
#6766 = ( GEOMETRIC_REPRESENTATION_CONTEXT(2) 
PARAMETRIC_REPRESENTATION_CONTEXT() REPRESENTATION_CONTEXT('2D SPACE',''
  ) );
#6767 = ORIENTED_EDGE('',*,*,#6768,.F.);
#6768 = EDGE_CURVE('',#6769,#6736,#6771,.T.);
#6769 = VERTEX_POINT('',#6770);
#6770 = CARTESIAN_POINT('',(-10.4,6.5,12.6));
#6771 = SURFACE_CURVE('',#6772,(#6776,#6783),.PCURVE_S1.);
#6772 = LINE('',#6773,#6774);
#6773 = CARTESIAN_POINT('',(-11.6,6.5,12.6));
#6774 = VECTOR('',#6775,1.);
#6775 = DIRECTION('',(1.,0.,-0.));
#6776 = PCURVE('',#6423,#6777);
#6777 = DEFINITIONAL_REPRESENTATION('',(#6778),#6782);
#6778 = LINE('',#6779,#6780);
#6779 = CARTESIAN_POINT('',(-16.,6.5));
#6780 = VECTOR('',#6781,1.);
#6781 = DIRECTION('',(1.,0.));
#6782 = ( GEOMETRIC_REPRESENTATION_CONTEXT(2) 
PARAMETRIC_REPRESENTATION_CONTEXT() REPRESENTATION_CONTEXT('2D SPACE',''
  ) );
#6783 = PCURVE('',#6784,#6789);
#6784 = PLANE('',#6785);
#6785 = AXIS2_PLACEMENT_3D('',#6786,#6787,#6788);
#6786 = CARTESIAN_POINT('',(-11.6,6.5,0.));
#6787 = DIRECTION('',(-0.,1.,0.));
#6788 = DIRECTION('',(0.,0.,1.));
#6789 = DEFINITIONAL_REPRESENTATION('',(#6790),#6794);
#6790 = LINE('',#6791,#6792);
#6791 = CARTESIAN_POINT('',(12.6,0.));
#6792 = VECTOR('',#6793,1.);
#6793 = DIRECTION('',(0.,1.));
#6794 = ( GEOMETRIC_REPRESENTATION_CONTEXT(2) 
PARAMETRIC_REPRESENTATION_CONTEXT() REPRESENTATION_CONTEXT('2D SPACE',''
  ) );
#6795 = ORIENTED_EDGE('',*,*,#6796,.T.);
#6796 = EDGE_CURVE('',#6769,#6415,#6797,.T.);
#6797 = SURFACE_CURVE('',#6798,(#6803,#6810),.PCURVE_S1.);
#6798 = CIRCLE('',#6799,1.2);
#6799 = AXIS2_PLACEMENT_3D('',#6800,#6801,#6802);
#6800 = CARTESIAN_POINT('',(-10.4,5.3,12.6));
#6801 = DIRECTION('',(0.,0.,1.));
#6802 = DIRECTION('',(0.,-1.,0.));
#6803 = PCURVE('',#6423,#6804);
#6804 = DEFINITIONAL_REPRESENTATION('',(#6805),#6809);
#6805 = CIRCLE('',#6806,1.2);
#6806 = AXIS2_PLACEMENT_2D('',#6807,#6808);
#6807 = CARTESIAN_POINT('',(-14.8,5.3));
#6808 = DIRECTION('',(0.,-1.));
#6809 = ( GEOMETRIC_REPRESENTATION_CONTEXT(2) 
PARAMETRIC_REPRESENTATION_CONTEXT() REPRESENTATION_CONTEXT('2D SPACE',''
  ) );
#6810 = PCURVE('',#6811,#6816);
#6811 = CYLINDRICAL_SURFACE('',#6812,1.2);
#6812 = AXIS2_PLACEMENT_3D('',#6813,#6814,#6815);
#6813 = CARTESIAN_POINT('',(-10.4,5.3,0.));
#6814 = DIRECTION('',(0.,0.,1.));
#6815 = DIRECTION('',(-0.,1.,0.));
#6816 = DEFINITIONAL_REPRESENTATION('',(#6817),#6821);
#6817 = LINE('',#6818,#6819);
#6818 = CARTESIAN_POINT('',(-3.14159265359,12.6));
#6819 = VECTOR('',#6820,1.);
#6820 = DIRECTION('',(1.,0.));
#6821 = ( GEOMETRIC_REPRESENTATION_CONTEXT(2) 
PARAMETRIC_REPRESENTATION_CONTEXT() REPRESENTATION_CONTEXT('2D SPACE',''
  ) );
#6822 = ADVANCED_FACE('',(#6823),#6435,.F.);
#6823 = FACE_BOUND('',#6824,.F.);
#6824 = EDGE_LOOP('',(#6825,#6826,#6849,#6877,#6898,#6899,#6922,#6951,
    #6979,#7008));
#6825 = ORIENTED_EDGE('',*,*,#6651,.F.);
#6826 = ORIENTED_EDGE('',*,*,#6827,.F.);
#6827 = EDGE_CURVE('',#6828,#6652,#6830,.T.);
#6828 = VERTEX_POINT('',#6829);
#6829 = CARTESIAN_POINT('',(-11.6,-5.3,1.2));
#6830 = SURFACE_CURVE('',#6831,(#6835,#6842),.PCURVE_S1.);
#6831 = LINE('',#6832,#6833);
#6832 = CARTESIAN_POINT('',(-11.6,-5.3,0.));
#6833 = VECTOR('',#6834,1.);
#6834 = DIRECTION('',(0.,0.,1.));
#6835 = PCURVE('',#6435,#6836);
#6836 = DEFINITIONAL_REPRESENTATION('',(#6837),#6841);
#6837 = LINE('',#6838,#6839);
#6838 = CARTESIAN_POINT('',(0.,-1.2));
#6839 = VECTOR('',#6840,1.);
#6840 = DIRECTION('',(1.,0.));
#6841 = ( GEOMETRIC_REPRESENTATION_CONTEXT(2) 
PARAMETRIC_REPRESENTATION_CONTEXT() REPRESENTATION_CONTEXT('2D SPACE',''
  ) );
#6842 = PCURVE('',#6695,#6843);
#6843 = DEFINITIONAL_REPRESENTATION('',(#6844),#6848);
#6844 = LINE('',#6845,#6846);
#6845 = CARTESIAN_POINT('',(-1.570796326795,0.));
#6846 = VECTOR('',#6847,1.);
#6847 = DIRECTION('',(-0.,1.));
#6848 = ( GEOMETRIC_REPRESENTATION_CONTEXT(2) 
PARAMETRIC_REPRESENTATION_CONTEXT() REPRESENTATION_CONTEXT('2D SPACE',''
  ) );
#6849 = ORIENTED_EDGE('',*,*,#6850,.T.);
#6850 = EDGE_CURVE('',#6828,#6851,#6853,.T.);
#6851 = VERTEX_POINT('',#6852);
#6852 = CARTESIAN_POINT('',(-11.6,5.3,1.2));
#6853 = SURFACE_CURVE('',#6854,(#6858,#6865),.PCURVE_S1.);
#6854 = LINE('',#6855,#6856);
#6855 = CARTESIAN_POINT('',(-11.6,-6.5,1.2));
#6856 = VECTOR('',#6857,1.);
#6857 = DIRECTION('',(-0.,1.,0.));
#6858 = PCURVE('',#6435,#6859);
#6859 = DEFINITIONAL_REPRESENTATION('',(#6860),#6864);
#6860 = LINE('',#6861,#6862);
#6861 = CARTESIAN_POINT('',(1.2,0.));
#6862 = VECTOR('',#6863,1.);
#6863 = DIRECTION('',(0.,-1.));
#6864 = ( GEOMETRIC_REPRESENTATION_CONTEXT(2) 
PARAMETRIC_REPRESENTATION_CONTEXT() REPRESENTATION_CONTEXT('2D SPACE',''
  ) );
#6865 = PCURVE('',#6866,#6871);
#6866 = CYLINDRICAL_SURFACE('',#6867,1.2);
#6867 = AXIS2_PLACEMENT_3D('',#6868,#6869,#6870);
#6868 = CARTESIAN_POINT('',(-10.4,-6.5,1.2));
#6869 = DIRECTION('',(-0.,1.,0.));
#6870 = DIRECTION('',(-0.,0.,-1.));
#6871 = DEFINITIONAL_REPRESENTATION('',(#6872),#6876);
#6872 = LINE('',#6873,#6874);
#6873 = CARTESIAN_POINT('',(1.570796326795,0.));
#6874 = VECTOR('',#6875,1.);
#6875 = DIRECTION('',(0.,1.));
#6876 = ( GEOMETRIC_REPRESENTATION_CONTEXT(2) 
PARAMETRIC_REPRESENTATION_CONTEXT() REPRESENTATION_CONTEXT('2D SPACE',''
  ) );
#6877 = ORIENTED_EDGE('',*,*,#6878,.T.);
#6878 = EDGE_CURVE('',#6851,#6415,#6879,.T.);
#6879 = SURFACE_CURVE('',#6880,(#6884,#6891),.PCURVE_S1.);
#6880 = LINE('',#6881,#6882);
#6881 = CARTESIAN_POINT('',(-11.6,5.3,0.));
#6882 = VECTOR('',#6883,1.);
#6883 = DIRECTION('',(0.,0.,1.));
#6884 = PCURVE('',#6435,#6885);
#6885 = DEFINITIONAL_REPRESENTATION('',(#6886),#6890);
#6886 = LINE('',#6887,#6888);
#6887 = CARTESIAN_POINT('',(0.,-11.8));
#6888 = VECTOR('',#6889,1.);
#6889 = DIRECTION('',(1.,0.));
#6890 = ( GEOMETRIC_REPRESENTATION_CONTEXT(2) 
PARAMETRIC_REPRESENTATION_CONTEXT() REPRESENTATION_CONTEXT('2D SPACE',''
  ) );
#6891 = PCURVE('',#6811,#6892);
#6892 = DEFINITIONAL_REPRESENTATION('',(#6893),#6897);
#6893 = LINE('',#6894,#6895);
#6894 = CARTESIAN_POINT('',(1.570796326795,0.));
#6895 = VECTOR('',#6896,1.);
#6896 = DIRECTION('',(0.,1.));
#6897 = ( GEOMETRIC_REPRESENTATION_CONTEXT(2) 
PARAMETRIC_REPRESENTATION_CONTEXT() REPRESENTATION_CONTEXT('2D SPACE',''
  ) );
#6898 = ORIENTED_EDGE('',*,*,#6412,.F.);
#6899 = ORIENTED_EDGE('',*,*,#6900,.F.);
#6900 = EDGE_CURVE('',#6901,#6413,#6903,.T.);
#6901 = VERTEX_POINT('',#6902);
#6902 = CARTESIAN_POINT('',(-11.6,2.4,6.1));
#6903 = SURFACE_CURVE('',#6904,(#6908,#6915),.PCURVE_S1.);
#6904 = LINE('',#6905,#6906);
#6905 = CARTESIAN_POINT('',(-11.6,2.4,5.6));
#6906 = VECTOR('',#6907,1.);
#6907 = DIRECTION('',(0.,0.,1.));
#6908 = PCURVE('',#6435,#6909);
#6909 = DEFINITIONAL_REPRESENTATION('',(#6910),#6914);
#6910 = LINE('',#6911,#6912);
#6911 = CARTESIAN_POINT('',(5.6,-8.9));
#6912 = VECTOR('',#6913,1.);
#6913 = DIRECTION('',(1.,0.));
#6914 = ( GEOMETRIC_REPRESENTATION_CONTEXT(2) 
PARAMETRIC_REPRESENTATION_CONTEXT() REPRESENTATION_CONTEXT('2D SPACE',''
  ) );
#6915 = PCURVE('',#6468,#6916);
#6916 = DEFINITIONAL_REPRESENTATION('',(#6917),#6921);
#6917 = LINE('',#6918,#6919);
#6918 = CARTESIAN_POINT('',(-0.,0.));
#6919 = VECTOR('',#6920,1.);
#6920 = DIRECTION('',(-0.,1.));
#6921 = ( GEOMETRIC_REPRESENTATION_CONTEXT(2) 
PARAMETRIC_REPRESENTATION_CONTEXT() REPRESENTATION_CONTEXT('2D SPACE',''
  ) );
#6922 = ORIENTED_EDGE('',*,*,#6923,.F.);
#6923 = EDGE_CURVE('',#6924,#6901,#6926,.T.);
#6924 = VERTEX_POINT('',#6925);
#6925 = CARTESIAN_POINT('',(-11.6,1.4,5.1));
#6926 = SURFACE_CURVE('',#6927,(#6932,#6939),.PCURVE_S1.);
#6927 = CIRCLE('',#6928,1.);
#6928 = AXIS2_PLACEMENT_3D('',#6929,#6930,#6931);
#6929 = CARTESIAN_POINT('',(-11.6,1.4,6.1));
#6930 = DIRECTION('',(1.,0.,0.));
#6931 = DIRECTION('',(0.,-8.881784197001E-16,-1.));
#6932 = PCURVE('',#6435,#6933);
#6933 = DEFINITIONAL_REPRESENTATION('',(#6934),#6938);
#6934 = CIRCLE('',#6935,1.);
#6935 = AXIS2_PLACEMENT_2D('',#6936,#6937);
#6936 = CARTESIAN_POINT('',(6.1,-7.9));
#6937 = DIRECTION('',(-1.,8.881784197001E-16));
#6938 = ( GEOMETRIC_REPRESENTATION_CONTEXT(2) 
PARAMETRIC_REPRESENTATION_CONTEXT() REPRESENTATION_CONTEXT('2D SPACE',''
  ) );
#6939 = PCURVE('',#6940,#6945);
#6940 = TOROIDAL_SURFACE('',#6941,1.,0.5);
#6941 = AXIS2_PLACEMENT_3D('',#6942,#6943,#6944);
#6942 = CARTESIAN_POINT('',(-12.1,1.4,6.1));
#6943 = DIRECTION('',(1.,0.,-0.));
#6944 = DIRECTION('',(0.,-8.881784197001E-16,-1.));
#6945 = DEFINITIONAL_REPRESENTATION('',(#6946),#6950);
#6946 = LINE('',#6947,#6948);
#6947 = CARTESIAN_POINT('',(0.,1.570796326795));
#6948 = VECTOR('',#6949,1.);
#6949 = DIRECTION('',(1.,0.));
#6950 = ( GEOMETRIC_REPRESENTATION_CONTEXT(2) 
PARAMETRIC_REPRESENTATION_CONTEXT() REPRESENTATION_CONTEXT('2D SPACE',''
  ) );
#6951 = ORIENTED_EDGE('',*,*,#6952,.T.);
#6952 = EDGE_CURVE('',#6924,#6953,#6955,.T.);
#6953 = VERTEX_POINT('',#6954);
#6954 = CARTESIAN_POINT('',(-11.6,-1.4,5.1));
#6955 = SURFACE_CURVE('',#6956,(#6960,#6967),.PCURVE_S1.);
#6956 = LINE('',#6957,#6958);
#6957 = CARTESIAN_POINT('',(-11.6,1.9,5.1));
#6958 = VECTOR('',#6959,1.);
#6959 = DIRECTION('',(0.,-1.,0.));
#6960 = PCURVE('',#6435,#6961);
#6961 = DEFINITIONAL_REPRESENTATION('',(#6962),#6966);
#6962 = LINE('',#6963,#6964);
#6963 = CARTESIAN_POINT('',(5.1,-8.4));
#6964 = VECTOR('',#6965,1.);
#6965 = DIRECTION('',(0.,1.));
#6966 = ( GEOMETRIC_REPRESENTATION_CONTEXT(2) 
PARAMETRIC_REPRESENTATION_CONTEXT() REPRESENTATION_CONTEXT('2D SPACE',''
  ) );
#6967 = PCURVE('',#6968,#6973);
#6968 = CYLINDRICAL_SURFACE('',#6969,0.5);
#6969 = AXIS2_PLACEMENT_3D('',#6970,#6971,#6972);
#6970 = CARTESIAN_POINT('',(-12.1,1.9,5.1));
#6971 = DIRECTION('',(0.,-1.,0.));
#6972 = DIRECTION('',(1.,0.,0.));
#6973 = DEFINITIONAL_REPRESENTATION('',(#6974),#6978);
#6974 = LINE('',#6975,#6976);
#6975 = CARTESIAN_POINT('',(0.,0.));
#6976 = VECTOR('',#6977,1.);
#6977 = DIRECTION('',(0.,1.));
#6978 = ( GEOMETRIC_REPRESENTATION_CONTEXT(2) 
PARAMETRIC_REPRESENTATION_CONTEXT() REPRESENTATION_CONTEXT('2D SPACE',''
  ) );
#6979 = ORIENTED_EDGE('',*,*,#6980,.F.);
#6980 = EDGE_CURVE('',#6981,#6953,#6983,.T.);
#6981 = VERTEX_POINT('',#6982);
#6982 = CARTESIAN_POINT('',(-11.6,-2.4,6.1));
#6983 = SURFACE_CURVE('',#6984,(#6989,#6996),.PCURVE_S1.);
#6984 = CIRCLE('',#6985,1.);
#6985 = AXIS2_PLACEMENT_3D('',#6986,#6987,#6988);
#6986 = CARTESIAN_POINT('',(-11.6,-1.4,6.1));
#6987 = DIRECTION('',(1.,0.,0.));
#6988 = DIRECTION('',(0.,-1.,0.));
#6989 = PCURVE('',#6435,#6990);
#6990 = DEFINITIONAL_REPRESENTATION('',(#6991),#6995);
#6991 = CIRCLE('',#6992,1.);
#6992 = AXIS2_PLACEMENT_2D('',#6993,#6994);
#6993 = CARTESIAN_POINT('',(6.1,-5.1));
#6994 = DIRECTION('',(0.,1.));
#6995 = ( GEOMETRIC_REPRESENTATION_CONTEXT(2) 
PARAMETRIC_REPRESENTATION_CONTEXT() REPRESENTATION_CONTEXT('2D SPACE',''
  ) );
#6996 = PCURVE('',#6997,#7002);
#6997 = TOROIDAL_SURFACE('',#6998,1.,0.5);
#6998 = AXIS2_PLACEMENT_3D('',#6999,#7000,#7001);
#6999 = CARTESIAN_POINT('',(-12.1,-1.4,6.1));
#7000 = DIRECTION('',(1.,0.,-0.));
#7001 = DIRECTION('',(0.,-1.,0.));
#7002 = DEFINITIONAL_REPRESENTATION('',(#7003),#7007);
#7003 = LINE('',#7004,#7005);
#7004 = CARTESIAN_POINT('',(0.,1.570796326795));
#7005 = VECTOR('',#7006,1.);
#7006 = DIRECTION('',(1.,0.));
#7007 = ( GEOMETRIC_REPRESENTATION_CONTEXT(2) 
PARAMETRIC_REPRESENTATION_CONTEXT() REPRESENTATION_CONTEXT('2D SPACE',''
  ) );
#7008 = ORIENTED_EDGE('',*,*,#7009,.T.);
#7009 = EDGE_CURVE('',#6981,#6623,#7010,.T.);
#7010 = SURFACE_CURVE('',#7011,(#7015,#7022),.PCURVE_S1.);
#7011 = LINE('',#7012,#7013);
#7012 = CARTESIAN_POINT('',(-11.6,-2.4,5.6));
#7013 = VECTOR('',#7014,1.);
#7014 = DIRECTION('',(0.,0.,1.));
#7015 = PCURVE('',#6435,#7016);
#7016 = DEFINITIONAL_REPRESENTATION('',(#7017),#7021);
#7017 = LINE('',#7018,#7019);
#7018 = CARTESIAN_POINT('',(5.6,-4.1));
#7019 = VECTOR('',#7020,1.);
#7020 = DIRECTION('',(1.,0.));
#7021 = ( GEOMETRIC_REPRESENTATION_CONTEXT(2) 
PARAMETRIC_REPRESENTATION_CONTEXT() REPRESENTATION_CONTEXT('2D SPACE',''
  ) );
#7022 = PCURVE('',#6639,#7023);
#7023 = DEFINITIONAL_REPRESENTATION('',(#7024),#7028);
#7024 = LINE('',#7025,#7026);
#7025 = CARTESIAN_POINT('',(0.,0.));
#7026 = VECTOR('',#7027,1.);
#7027 = DIRECTION('',(0.,1.));
#7028 = ( GEOMETRIC_REPRESENTATION_CONTEXT(2) 
PARAMETRIC_REPRESENTATION_CONTEXT() REPRESENTATION_CONTEXT('2D SPACE',''
  ) );
#7029 = ADVANCED_FACE('',(#7030),#6468,.F.);
#7030 = FACE_BOUND('',#7031,.T.);
#7031 = EDGE_LOOP('',(#7032,#7054,#7075,#7076));
#7032 = ORIENTED_EDGE('',*,*,#7033,.T.);
#7033 = EDGE_CURVE('',#6901,#7034,#7036,.T.);
#7034 = VERTEX_POINT('',#7035);
#7035 = CARTESIAN_POINT('',(-12.1,1.9,6.1));
#7036 = SURFACE_CURVE('',#7037,(#7042,#7048),.PCURVE_S1.);
#7037 = CIRCLE('',#7038,0.5);
#7038 = AXIS2_PLACEMENT_3D('',#7039,#7040,#7041);
#7039 = CARTESIAN_POINT('',(-12.1,2.4,6.1));
#7040 = DIRECTION('',(-0.,1.715124499443E-15,-1.));
#7041 = DIRECTION('',(0.,1.,1.715124499443E-15));
#7042 = PCURVE('',#6468,#7043);
#7043 = DEFINITIONAL_REPRESENTATION('',(#7044),#7047);
#7044 = B_SPLINE_CURVE_WITH_KNOTS('',1,(#7045,#7046),.UNSPECIFIED.,.F.,
  .F.,(2,2),(1.570796326795,3.14159265359),.PIECEWISE_BEZIER_KNOTS.);
#7045 = CARTESIAN_POINT('',(0.,0.5));
#7046 = CARTESIAN_POINT('',(-1.570796326795,0.5));
#7047 = ( GEOMETRIC_REPRESENTATION_CONTEXT(2) 
PARAMETRIC_REPRESENTATION_CONTEXT() REPRESENTATION_CONTEXT('2D SPACE',''
  ) );
#7048 = PCURVE('',#6940,#7049);
#7049 = DEFINITIONAL_REPRESENTATION('',(#7050),#7053);
#7050 = B_SPLINE_CURVE_WITH_KNOTS('',1,(#7051,#7052),.UNSPECIFIED.,.F.,
  .F.,(2,2),(1.570796326795,3.14159265359),.PIECEWISE_BEZIER_KNOTS.);
#7051 = CARTESIAN_POINT('',(1.570796326795,1.570796326795));
#7052 = CARTESIAN_POINT('',(1.570796326795,3.14159265359));
#7053 = ( GEOMETRIC_REPRESENTATION_CONTEXT(2) 
PARAMETRIC_REPRESENTATION_CONTEXT() REPRESENTATION_CONTEXT('2D SPACE',''
  ) );
#7054 = ORIENTED_EDGE('',*,*,#7055,.T.);
#7055 = EDGE_CURVE('',#7034,#6448,#7056,.T.);
#7056 = SURFACE_CURVE('',#7057,(#7061,#7068),.PCURVE_S1.);
#7057 = LINE('',#7058,#7059);
#7058 = CARTESIAN_POINT('',(-12.1,1.9,5.6));
#7059 = VECTOR('',#7060,1.);
#7060 = DIRECTION('',(0.,0.,1.));
#7061 = PCURVE('',#6468,#7062);
#7062 = DEFINITIONAL_REPRESENTATION('',(#7063),#7067);
#7063 = LINE('',#7064,#7065);
#7064 = CARTESIAN_POINT('',(-1.570796326795,0.));
#7065 = VECTOR('',#7066,1.);
#7066 = DIRECTION('',(-0.,1.));
#7067 = ( GEOMETRIC_REPRESENTATION_CONTEXT(2) 
PARAMETRIC_REPRESENTATION_CONTEXT() REPRESENTATION_CONTEXT('2D SPACE',''
  ) );
#7068 = PCURVE('',#6496,#7069);
#7069 = DEFINITIONAL_REPRESENTATION('',(#7070),#7074);
#7070 = LINE('',#7071,#7072);
#7071 = CARTESIAN_POINT('',(0.,2.5));
#7072 = VECTOR('',#7073,1.);
#7073 = DIRECTION('',(1.,0.));
#7074 = ( GEOMETRIC_REPRESENTATION_CONTEXT(2) 
PARAMETRIC_REPRESENTATION_CONTEXT() REPRESENTATION_CONTEXT('2D SPACE',''
  ) );
#7075 = ORIENTED_EDGE('',*,*,#6447,.F.);
#7076 = ORIENTED_EDGE('',*,*,#6900,.F.);
#7077 = ADVANCED_FACE('',(#7078),#6811,.T.);
#7078 = FACE_BOUND('',#7079,.T.);
#7079 = EDGE_LOOP('',(#7080,#7107,#7108,#7109));
#7080 = ORIENTED_EDGE('',*,*,#7081,.F.);
#7081 = EDGE_CURVE('',#6851,#7082,#7084,.T.);
#7082 = VERTEX_POINT('',#7083);
#7083 = CARTESIAN_POINT('',(-10.4,6.5,1.2));
#7084 = SURFACE_CURVE('',#7085,(#7090,#7096),.PCURVE_S1.);
#7085 = CIRCLE('',#7086,1.2);
#7086 = AXIS2_PLACEMENT_3D('',#7087,#7088,#7089);
#7087 = CARTESIAN_POINT('',(-10.4,5.3,1.2));
#7088 = DIRECTION('',(0.,-6.123233995737E-17,-1.));
#7089 = DIRECTION('',(0.,1.,-6.123233995737E-17));
#7090 = PCURVE('',#6811,#7091);
#7091 = DEFINITIONAL_REPRESENTATION('',(#7092),#7095);
#7092 = B_SPLINE_CURVE_WITH_KNOTS('',1,(#7093,#7094),.UNSPECIFIED.,.F.,
  .F.,(2,2),(4.712388980385,6.28318530718),.PIECEWISE_BEZIER_KNOTS.);
#7093 = CARTESIAN_POINT('',(1.570796326795,1.2));
#7094 = CARTESIAN_POINT('',(0.,1.2));
#7095 = ( GEOMETRIC_REPRESENTATION_CONTEXT(2) 
PARAMETRIC_REPRESENTATION_CONTEXT() REPRESENTATION_CONTEXT('2D SPACE',''
  ) );
#7096 = PCURVE('',#7097,#7102);
#7097 = SPHERICAL_SURFACE('',#7098,1.2);
#7098 = AXIS2_PLACEMENT_3D('',#7099,#7100,#7101);
#7099 = CARTESIAN_POINT('',(-10.4,5.3,1.2));
#7100 = DIRECTION('',(1.,0.,-0.));
#7101 = DIRECTION('',(0.,-0.,-1.));
#7102 = DEFINITIONAL_REPRESENTATION('',(#7103),#7106);
#7103 = B_SPLINE_CURVE_WITH_KNOTS('',1,(#7104,#7105),.UNSPECIFIED.,.F.,
  .F.,(2,2),(4.712388980385,6.28318530718),.PIECEWISE_BEZIER_KNOTS.);
#7104 = CARTESIAN_POINT('',(1.570796326795,-1.570796326795));
#7105 = CARTESIAN_POINT('',(1.570796326795,0.));
#7106 = ( GEOMETRIC_REPRESENTATION_CONTEXT(2) 
PARAMETRIC_REPRESENTATION_CONTEXT() REPRESENTATION_CONTEXT('2D SPACE',''
  ) );
#7107 = ORIENTED_EDGE('',*,*,#6878,.T.);
#7108 = ORIENTED_EDGE('',*,*,#6796,.F.);
#7109 = ORIENTED_EDGE('',*,*,#7110,.F.);
#7110 = EDGE_CURVE('',#7082,#6769,#7111,.T.);
#7111 = SURFACE_CURVE('',#7112,(#7116,#7123),.PCURVE_S1.);
#7112 = LINE('',#7113,#7114);
#7113 = CARTESIAN_POINT('',(-10.4,6.5,0.));
#7114 = VECTOR('',#7115,1.);
#7115 = DIRECTION('',(0.,0.,1.));
#7116 = PCURVE('',#6811,#7117);
#7117 = DEFINITIONAL_REPRESENTATION('',(#7118),#7122);
#7118 = LINE('',#7119,#7120);
#7119 = CARTESIAN_POINT('',(0.,0.));
#7120 = VECTOR('',#7121,1.);
#7121 = DIRECTION('',(0.,1.));
#7122 = ( GEOMETRIC_REPRESENTATION_CONTEXT(2) 
PARAMETRIC_REPRESENTATION_CONTEXT() REPRESENTATION_CONTEXT('2D SPACE',''
  ) );
#7123 = PCURVE('',#6784,#7124);
#7124 = DEFINITIONAL_REPRESENTATION('',(#7125),#7129);
#7125 = LINE('',#7126,#7127);
#7126 = CARTESIAN_POINT('',(0.,1.2));
#7127 = VECTOR('',#7128,1.);
#7128 = DIRECTION('',(1.,0.));
#7129 = ( GEOMETRIC_REPRESENTATION_CONTEXT(2) 
PARAMETRIC_REPRESENTATION_CONTEXT() REPRESENTATION_CONTEXT('2D SPACE',''
  ) );
#7130 = ADVANCED_FACE('',(#7131),#6496,.T.);
#7131 = FACE_BOUND('',#7132,.T.);
#7132 = EDGE_LOOP('',(#7133,#7134,#7135,#7163));
#7133 = ORIENTED_EDGE('',*,*,#6480,.T.);
#7134 = ORIENTED_EDGE('',*,*,#7055,.F.);
#7135 = ORIENTED_EDGE('',*,*,#7136,.F.);
#7136 = EDGE_CURVE('',#7137,#7034,#7139,.T.);
#7137 = VERTEX_POINT('',#7138);
#7138 = CARTESIAN_POINT('',(-14.1,1.9,6.1));
#7139 = SURFACE_CURVE('',#7140,(#7144,#7151),.PCURVE_S1.);
#7140 = LINE('',#7141,#7142);
#7141 = CARTESIAN_POINT('',(-14.6,1.9,6.1));
#7142 = VECTOR('',#7143,1.);
#7143 = DIRECTION('',(1.,0.,-0.));
#7144 = PCURVE('',#6496,#7145);
#7145 = DEFINITIONAL_REPRESENTATION('',(#7146),#7150);
#7146 = LINE('',#7147,#7148);
#7147 = CARTESIAN_POINT('',(0.5,0.));
#7148 = VECTOR('',#7149,1.);
#7149 = DIRECTION('',(0.,1.));
#7150 = ( GEOMETRIC_REPRESENTATION_CONTEXT(2) 
PARAMETRIC_REPRESENTATION_CONTEXT() REPRESENTATION_CONTEXT('2D SPACE',''
  ) );
#7151 = PCURVE('',#7152,#7157);
#7152 = CYLINDRICAL_SURFACE('',#7153,0.5);
#7153 = AXIS2_PLACEMENT_3D('',#7154,#7155,#7156);
#7154 = CARTESIAN_POINT('',(-14.6,1.4,6.1));
#7155 = DIRECTION('',(1.,0.,-0.));
#7156 = DIRECTION('',(0.,1.,0.));
#7157 = DEFINITIONAL_REPRESENTATION('',(#7158),#7162);
#7158 = LINE('',#7159,#7160);
#7159 = CARTESIAN_POINT('',(-0.,0.));
#7160 = VECTOR('',#7161,1.);
#7161 = DIRECTION('',(-0.,1.));
#7162 = ( GEOMETRIC_REPRESENTATION_CONTEXT(2) 
PARAMETRIC_REPRESENTATION_CONTEXT() REPRESENTATION_CONTEXT('2D SPACE',''
  ) );
#7163 = ORIENTED_EDGE('',*,*,#7164,.T.);
#7164 = EDGE_CURVE('',#7137,#6481,#7165,.T.);
#7165 = SURFACE_CURVE('',#7166,(#7170,#7177),.PCURVE_S1.);
#7166 = LINE('',#7167,#7168);
#7167 = CARTESIAN_POINT('',(-14.1,1.9,5.6));
#7168 = VECTOR('',#7169,1.);
#7169 = DIRECTION('',(0.,0.,1.));
#7170 = PCURVE('',#6496,#7171);
#7171 = DEFINITIONAL_REPRESENTATION('',(#7172),#7176);
#7172 = LINE('',#7173,#7174);
#7173 = CARTESIAN_POINT('',(0.,0.5));
#7174 = VECTOR('',#7175,1.);
#7175 = DIRECTION('',(1.,0.));
#7176 = ( GEOMETRIC_REPRESENTATION_CONTEXT(2) 
PARAMETRIC_REPRESENTATION_CONTEXT() REPRESENTATION_CONTEXT('2D SPACE',''
  ) );
#7177 = PCURVE('',#6525,#7178);
#7178 = DEFINITIONAL_REPRESENTATION('',(#7179),#7183);
#7179 = LINE('',#7180,#7181);
#7180 = CARTESIAN_POINT('',(0.,0.));
#7181 = VECTOR('',#7182,1.);
#7182 = DIRECTION('',(0.,1.));
#7183 = ( GEOMETRIC_REPRESENTATION_CONTEXT(2) 
PARAMETRIC_REPRESENTATION_CONTEXT() REPRESENTATION_CONTEXT('2D SPACE',''
  ) );
#7184 = ADVANCED_FACE('',(#7185),#6784,.T.);
#7185 = FACE_BOUND('',#7186,.T.);
#7186 = EDGE_LOOP('',(#7187,#7209,#7235,#7236));
#7187 = ORIENTED_EDGE('',*,*,#7188,.F.);
#7188 = EDGE_CURVE('',#7189,#6736,#7191,.T.);
#7189 = VERTEX_POINT('',#7190);
#7190 = CARTESIAN_POINT('',(4.4,6.5,1.2));
#7191 = SURFACE_CURVE('',#7192,(#7196,#7203),.PCURVE_S1.);
#7192 = LINE('',#7193,#7194);
#7193 = CARTESIAN_POINT('',(4.4,6.5,0.));
#7194 = VECTOR('',#7195,1.);
#7195 = DIRECTION('',(0.,0.,1.));
#7196 = PCURVE('',#6784,#7197);
#7197 = DEFINITIONAL_REPRESENTATION('',(#7198),#7202);
#7198 = LINE('',#7199,#7200);
#7199 = CARTESIAN_POINT('',(0.,16.));
#7200 = VECTOR('',#7201,1.);
#7201 = DIRECTION('',(1.,0.));
#7202 = ( GEOMETRIC_REPRESENTATION_CONTEXT(2) 
PARAMETRIC_REPRESENTATION_CONTEXT() REPRESENTATION_CONTEXT('2D SPACE',''
  ) );
#7203 = PCURVE('',#6756,#7204);
#7204 = DEFINITIONAL_REPRESENTATION('',(#7205),#7208);
#7205 = B_SPLINE_CURVE_WITH_KNOTS('',1,(#7206,#7207),.UNSPECIFIED.,.F.,
  .F.,(2,2),(0.,12.6),.PIECEWISE_BEZIER_KNOTS.);
#7206 = CARTESIAN_POINT('',(7.853981633974,0.));
#7207 = CARTESIAN_POINT('',(7.853981633974,12.6));
#7208 = ( GEOMETRIC_REPRESENTATION_CONTEXT(2) 
PARAMETRIC_REPRESENTATION_CONTEXT() REPRESENTATION_CONTEXT('2D SPACE',''
  ) );
#7209 = ORIENTED_EDGE('',*,*,#7210,.T.);
#7210 = EDGE_CURVE('',#7189,#7082,#7211,.T.);
#7211 = SURFACE_CURVE('',#7212,(#7216,#7223),.PCURVE_S1.);
#7212 = LINE('',#7213,#7214);
#7213 = CARTESIAN_POINT('',(4.4,6.5,1.2));
#7214 = VECTOR('',#7215,1.);
#7215 = DIRECTION('',(-1.,-0.,0.));
#7216 = PCURVE('',#6784,#7217);
#7217 = DEFINITIONAL_REPRESENTATION('',(#7218),#7222);
#7218 = LINE('',#7219,#7220);
#7219 = CARTESIAN_POINT('',(1.2,16.));
#7220 = VECTOR('',#7221,1.);
#7221 = DIRECTION('',(0.,-1.));
#7222 = ( GEOMETRIC_REPRESENTATION_CONTEXT(2) 
PARAMETRIC_REPRESENTATION_CONTEXT() REPRESENTATION_CONTEXT('2D SPACE',''
  ) );
#7223 = PCURVE('',#7224,#7229);
#7224 = CYLINDRICAL_SURFACE('',#7225,1.2);
#7225 = AXIS2_PLACEMENT_3D('',#7226,#7227,#7228);
#7226 = CARTESIAN_POINT('',(4.4,5.3,1.2));
#7227 = DIRECTION('',(-1.,-0.,0.));
#7228 = DIRECTION('',(-0.,1.,0.));
#7229 = DEFINITIONAL_REPRESENTATION('',(#7230),#7234);
#7230 = LINE('',#7231,#7232);
#7231 = CARTESIAN_POINT('',(0.,0.));
#7232 = VECTOR('',#7233,1.);
#7233 = DIRECTION('',(0.,1.));
#7234 = ( GEOMETRIC_REPRESENTATION_CONTEXT(2) 
PARAMETRIC_REPRESENTATION_CONTEXT() REPRESENTATION_CONTEXT('2D SPACE',''
  ) );
#7235 = ORIENTED_EDGE('',*,*,#7110,.T.);
#7236 = ORIENTED_EDGE('',*,*,#6768,.T.);
#7237 = ADVANCED_FACE('',(#7238),#6525,.T.);
#7238 = FACE_BOUND('',#7239,.T.);
#7239 = EDGE_LOOP('',(#7240,#7267,#7288,#7289));
#7240 = ORIENTED_EDGE('',*,*,#7241,.F.);
#7241 = EDGE_CURVE('',#7242,#7137,#7244,.T.);
#7242 = VERTEX_POINT('',#7243);
#7243 = CARTESIAN_POINT('',(-14.6,1.4,6.1));
#7244 = SURFACE_CURVE('',#7245,(#7250,#7256),.PCURVE_S1.);
#7245 = CIRCLE('',#7246,0.5);
#7246 = AXIS2_PLACEMENT_3D('',#7247,#7248,#7249);
#7247 = CARTESIAN_POINT('',(-14.1,1.4,6.1));
#7248 = DIRECTION('',(-0.,0.,-1.));
#7249 = DIRECTION('',(0.,1.,0.));
#7250 = PCURVE('',#6525,#7251);
#7251 = DEFINITIONAL_REPRESENTATION('',(#7252),#7255);
#7252 = B_SPLINE_CURVE_WITH_KNOTS('',1,(#7253,#7254),.UNSPECIFIED.,.F.,
  .F.,(2,2),(4.712388980385,6.28318530718),.PIECEWISE_BEZIER_KNOTS.);
#7253 = CARTESIAN_POINT('',(1.570796326795,0.5));
#7254 = CARTESIAN_POINT('',(0.,0.5));
#7255 = ( GEOMETRIC_REPRESENTATION_CONTEXT(2) 
PARAMETRIC_REPRESENTATION_CONTEXT() REPRESENTATION_CONTEXT('2D SPACE',''
  ) );
#7256 = PCURVE('',#7257,#7262);
#7257 = SPHERICAL_SURFACE('',#7258,0.5);
#7258 = AXIS2_PLACEMENT_3D('',#7259,#7260,#7261);
#7259 = CARTESIAN_POINT('',(-14.1,1.4,6.1));
#7260 = DIRECTION('',(1.,0.,-0.));
#7261 = DIRECTION('',(0.,1.,0.));
#7262 = DEFINITIONAL_REPRESENTATION('',(#7263),#7266);
#7263 = B_SPLINE_CURVE_WITH_KNOTS('',1,(#7264,#7265),.UNSPECIFIED.,.F.,
  .F.,(2,2),(4.712388980385,6.28318530718),.PIECEWISE_BEZIER_KNOTS.);
#7264 = CARTESIAN_POINT('',(0.,-1.570796326795));
#7265 = CARTESIAN_POINT('',(0.,0.));
#7266 = ( GEOMETRIC_REPRESENTATION_CONTEXT(2) 
PARAMETRIC_REPRESENTATION_CONTEXT() REPRESENTATION_CONTEXT('2D SPACE',''
  ) );
#7267 = ORIENTED_EDGE('',*,*,#7268,.T.);
#7268 = EDGE_CURVE('',#7242,#6509,#7269,.T.);
#7269 = SURFACE_CURVE('',#7270,(#7274,#7281),.PCURVE_S1.);
#7270 = LINE('',#7271,#7272);
#7271 = CARTESIAN_POINT('',(-14.6,1.4,5.6));
#7272 = VECTOR('',#7273,1.);
#7273 = DIRECTION('',(0.,0.,1.));
#7274 = PCURVE('',#6525,#7275);
#7275 = DEFINITIONAL_REPRESENTATION('',(#7276),#7280);
#7276 = LINE('',#7277,#7278);
#7277 = CARTESIAN_POINT('',(1.570796326795,0.));
#7278 = VECTOR('',#7279,1.);
#7279 = DIRECTION('',(0.,1.));
#7280 = ( GEOMETRIC_REPRESENTATION_CONTEXT(2) 
PARAMETRIC_REPRESENTATION_CONTEXT() REPRESENTATION_CONTEXT('2D SPACE',''
  ) );
#7281 = PCURVE('',#6553,#7282);
#7282 = DEFINITIONAL_REPRESENTATION('',(#7283),#7287);
#7283 = LINE('',#7284,#7285);
#7284 = CARTESIAN_POINT('',(0.,-3.3));
#7285 = VECTOR('',#7286,1.);
#7286 = DIRECTION('',(1.,0.));
#7287 = ( GEOMETRIC_REPRESENTATION_CONTEXT(2) 
PARAMETRIC_REPRESENTATION_CONTEXT() REPRESENTATION_CONTEXT('2D SPACE',''
  ) );
#7288 = ORIENTED_EDGE('',*,*,#6508,.F.);
#7289 = ORIENTED_EDGE('',*,*,#7164,.F.);
#7290 = ADVANCED_FACE('',(#7291),#6756,.T.);
#7291 = FACE_BOUND('',#7292,.T.);
#7292 = EDGE_LOOP('',(#7293,#7294,#7295,#7317));
#7293 = ORIENTED_EDGE('',*,*,#7188,.T.);
#7294 = ORIENTED_EDGE('',*,*,#6735,.T.);
#7295 = ORIENTED_EDGE('',*,*,#7296,.F.);
#7296 = EDGE_CURVE('',#7297,#6708,#7299,.T.);
#7297 = VERTEX_POINT('',#7298);
#7298 = CARTESIAN_POINT('',(4.4,-6.5,1.2));
#7299 = SURFACE_CURVE('',#7300,(#7304,#7310),.PCURVE_S1.);
#7300 = LINE('',#7301,#7302);
#7301 = CARTESIAN_POINT('',(4.4,-6.5,0.));
#7302 = VECTOR('',#7303,1.);
#7303 = DIRECTION('',(0.,0.,1.));
#7304 = PCURVE('',#6756,#7305);
#7305 = DEFINITIONAL_REPRESENTATION('',(#7306),#7309);
#7306 = B_SPLINE_CURVE_WITH_KNOTS('',1,(#7307,#7308),.UNSPECIFIED.,.F.,
  .F.,(2,2),(0.,12.6),.PIECEWISE_BEZIER_KNOTS.);
#7307 = CARTESIAN_POINT('',(4.712388980385,0.));
#7308 = CARTESIAN_POINT('',(4.712388980385,12.6));
#7309 = ( GEOMETRIC_REPRESENTATION_CONTEXT(2) 
PARAMETRIC_REPRESENTATION_CONTEXT() REPRESENTATION_CONTEXT('2D SPACE',''
  ) );
#7310 = PCURVE('',#6723,#7311);
#7311 = DEFINITIONAL_REPRESENTATION('',(#7312),#7316);
#7312 = LINE('',#7313,#7314);
#7313 = CARTESIAN_POINT('',(0.,16.));
#7314 = VECTOR('',#7315,1.);
#7315 = DIRECTION('',(1.,0.));
#7316 = ( GEOMETRIC_REPRESENTATION_CONTEXT(2) 
PARAMETRIC_REPRESENTATION_CONTEXT() REPRESENTATION_CONTEXT('2D SPACE',''
  ) );
#7317 = ORIENTED_EDGE('',*,*,#7318,.T.);
#7318 = EDGE_CURVE('',#7297,#7189,#7319,.T.);
#7319 = SURFACE_CURVE('',#7320,(#7325,#7332),.PCURVE_S1.);
#7320 = CIRCLE('',#7321,6.5);
#7321 = AXIS2_PLACEMENT_3D('',#7322,#7323,#7324);
#7322 = CARTESIAN_POINT('',(4.4,0.,1.2));
#7323 = DIRECTION('',(0.,0.,1.));
#7324 = DIRECTION('',(0.,-1.,0.));
#7325 = PCURVE('',#6756,#7326);
#7326 = DEFINITIONAL_REPRESENTATION('',(#7327),#7331);
#7327 = LINE('',#7328,#7329);
#7328 = CARTESIAN_POINT('',(4.712388980385,1.2));
#7329 = VECTOR('',#7330,1.);
#7330 = DIRECTION('',(1.,0.));
#7331 = ( GEOMETRIC_REPRESENTATION_CONTEXT(2) 
PARAMETRIC_REPRESENTATION_CONTEXT() REPRESENTATION_CONTEXT('2D SPACE',''
  ) );
#7332 = PCURVE('',#7333,#7338);
#7333 = TOROIDAL_SURFACE('',#7334,5.3,1.2);
#7334 = AXIS2_PLACEMENT_3D('',#7335,#7336,#7337);
#7335 = CARTESIAN_POINT('',(4.4,0.,1.2));
#7336 = DIRECTION('',(-0.,-0.,-1.));
#7337 = DIRECTION('',(0.,-1.,0.));
#7338 = DEFINITIONAL_REPRESENTATION('',(#7339),#7343);
#7339 = LINE('',#7340,#7341);
#7340 = CARTESIAN_POINT('',(-0.,0.));
#7341 = VECTOR('',#7342,1.);
#7342 = DIRECTION('',(-1.,0.));
#7343 = ( GEOMETRIC_REPRESENTATION_CONTEXT(2) 
PARAMETRIC_REPRESENTATION_CONTEXT() REPRESENTATION_CONTEXT('2D SPACE',''
  ) );
#7344 = ADVANCED_FACE('',(#7345),#6553,.F.);
#7345 = FACE_BOUND('',#7346,.F.);
#7346 = EDGE_LOOP('',(#7347,#7348,#7371,#7397));
#7347 = ORIENTED_EDGE('',*,*,#6537,.F.);
#7348 = ORIENTED_EDGE('',*,*,#7349,.F.);
#7349 = EDGE_CURVE('',#7350,#6538,#7352,.T.);
#7350 = VERTEX_POINT('',#7351);
#7351 = CARTESIAN_POINT('',(-14.6,-1.4,6.1));
#7352 = SURFACE_CURVE('',#7353,(#7357,#7364),.PCURVE_S1.);
#7353 = LINE('',#7354,#7355);
#7354 = CARTESIAN_POINT('',(-14.6,-1.4,5.6));
#7355 = VECTOR('',#7356,1.);
#7356 = DIRECTION('',(0.,0.,1.));
#7357 = PCURVE('',#6553,#7358);
#7358 = DEFINITIONAL_REPRESENTATION('',(#7359),#7363);
#7359 = LINE('',#7360,#7361);
#7360 = CARTESIAN_POINT('',(0.,-0.5));
#7361 = VECTOR('',#7362,1.);
#7362 = DIRECTION('',(1.,0.));
#7363 = ( GEOMETRIC_REPRESENTATION_CONTEXT(2) 
PARAMETRIC_REPRESENTATION_CONTEXT() REPRESENTATION_CONTEXT('2D SPACE',''
  ) );
#7364 = PCURVE('',#6582,#7365);
#7365 = DEFINITIONAL_REPRESENTATION('',(#7366),#7370);
#7366 = LINE('',#7367,#7368);
#7367 = CARTESIAN_POINT('',(0.,0.));
#7368 = VECTOR('',#7369,1.);
#7369 = DIRECTION('',(0.,1.));
#7370 = ( GEOMETRIC_REPRESENTATION_CONTEXT(2) 
PARAMETRIC_REPRESENTATION_CONTEXT() REPRESENTATION_CONTEXT('2D SPACE',''
  ) );
#7371 = ORIENTED_EDGE('',*,*,#7372,.T.);
#7372 = EDGE_CURVE('',#7350,#7242,#7373,.T.);
#7373 = SURFACE_CURVE('',#7374,(#7378,#7385),.PCURVE_S1.);
#7374 = LINE('',#7375,#7376);
#7375 = CARTESIAN_POINT('',(-14.6,-1.9,6.1));
#7376 = VECTOR('',#7377,1.);
#7377 = DIRECTION('',(-0.,1.,0.));
#7378 = PCURVE('',#6553,#7379);
#7379 = DEFINITIONAL_REPRESENTATION('',(#7380),#7384);
#7380 = LINE('',#7381,#7382);
#7381 = CARTESIAN_POINT('',(0.5,0.));
#7382 = VECTOR('',#7383,1.);
#7383 = DIRECTION('',(0.,-1.));
#7384 = ( GEOMETRIC_REPRESENTATION_CONTEXT(2) 
PARAMETRIC_REPRESENTATION_CONTEXT() REPRESENTATION_CONTEXT('2D SPACE',''
  ) );
#7385 = PCURVE('',#7386,#7391);
#7386 = CYLINDRICAL_SURFACE('',#7387,0.5);
#7387 = AXIS2_PLACEMENT_3D('',#7388,#7389,#7390);
#7388 = CARTESIAN_POINT('',(-14.1,-1.9,6.1));
#7389 = DIRECTION('',(-0.,1.,0.));
#7390 = DIRECTION('',(-1.,-0.,0.));
#7391 = DEFINITIONAL_REPRESENTATION('',(#7392),#7396);
#7392 = LINE('',#7393,#7394);
#7393 = CARTESIAN_POINT('',(-0.,0.));
#7394 = VECTOR('',#7395,1.);
#7395 = DIRECTION('',(-0.,1.));
#7396 = ( GEOMETRIC_REPRESENTATION_CONTEXT(2) 
PARAMETRIC_REPRESENTATION_CONTEXT() REPRESENTATION_CONTEXT('2D SPACE',''
  ) );
#7397 = ORIENTED_EDGE('',*,*,#7268,.T.);
#7398 = ADVANCED_FACE('',(#7399),#6723,.F.);
#7399 = FACE_BOUND('',#7400,.F.);
#7400 = EDGE_LOOP('',(#7401,#7402,#7430,#7451));
#7401 = ORIENTED_EDGE('',*,*,#7296,.F.);
#7402 = ORIENTED_EDGE('',*,*,#7403,.F.);
#7403 = EDGE_CURVE('',#7404,#7297,#7406,.T.);
#7404 = VERTEX_POINT('',#7405);
#7405 = CARTESIAN_POINT('',(-10.4,-6.5,1.2));
#7406 = SURFACE_CURVE('',#7407,(#7411,#7418),.PCURVE_S1.);
#7407 = LINE('',#7408,#7409);
#7408 = CARTESIAN_POINT('',(-11.6,-6.5,1.2));
#7409 = VECTOR('',#7410,1.);
#7410 = DIRECTION('',(1.,0.,-0.));
#7411 = PCURVE('',#6723,#7412);
#7412 = DEFINITIONAL_REPRESENTATION('',(#7413),#7417);
#7413 = LINE('',#7414,#7415);
#7414 = CARTESIAN_POINT('',(1.2,0.));
#7415 = VECTOR('',#7416,1.);
#7416 = DIRECTION('',(0.,1.));
#7417 = ( GEOMETRIC_REPRESENTATION_CONTEXT(2) 
PARAMETRIC_REPRESENTATION_CONTEXT() REPRESENTATION_CONTEXT('2D SPACE',''
  ) );
#7418 = PCURVE('',#7419,#7424);
#7419 = CYLINDRICAL_SURFACE('',#7420,1.2);
#7420 = AXIS2_PLACEMENT_3D('',#7421,#7422,#7423);
#7421 = CARTESIAN_POINT('',(-11.6,-5.3,1.2));
#7422 = DIRECTION('',(1.,0.,-0.));
#7423 = DIRECTION('',(0.,-1.,0.));
#7424 = DEFINITIONAL_REPRESENTATION('',(#7425),#7429);
#7425 = LINE('',#7426,#7427);
#7426 = CARTESIAN_POINT('',(0.,0.));
#7427 = VECTOR('',#7428,1.);
#7428 = DIRECTION('',(0.,1.));
#7429 = ( GEOMETRIC_REPRESENTATION_CONTEXT(2) 
PARAMETRIC_REPRESENTATION_CONTEXT() REPRESENTATION_CONTEXT('2D SPACE',''
  ) );
#7430 = ORIENTED_EDGE('',*,*,#7431,.T.);
#7431 = EDGE_CURVE('',#7404,#6675,#7432,.T.);
#7432 = SURFACE_CURVE('',#7433,(#7437,#7444),.PCURVE_S1.);
#7433 = LINE('',#7434,#7435);
#7434 = CARTESIAN_POINT('',(-10.4,-6.5,0.));
#7435 = VECTOR('',#7436,1.);
#7436 = DIRECTION('',(0.,0.,1.));
#7437 = PCURVE('',#6723,#7438);
#7438 = DEFINITIONAL_REPRESENTATION('',(#7439),#7443);
#7439 = LINE('',#7440,#7441);
#7440 = CARTESIAN_POINT('',(0.,1.2));
#7441 = VECTOR('',#7442,1.);
#7442 = DIRECTION('',(1.,0.));
#7443 = ( GEOMETRIC_REPRESENTATION_CONTEXT(2) 
PARAMETRIC_REPRESENTATION_CONTEXT() REPRESENTATION_CONTEXT('2D SPACE',''
  ) );
#7444 = PCURVE('',#6695,#7445);
#7445 = DEFINITIONAL_REPRESENTATION('',(#7446),#7450);
#7446 = LINE('',#7447,#7448);
#7447 = CARTESIAN_POINT('',(-0.,0.));
#7448 = VECTOR('',#7449,1.);
#7449 = DIRECTION('',(-0.,1.));
#7450 = ( GEOMETRIC_REPRESENTATION_CONTEXT(2) 
PARAMETRIC_REPRESENTATION_CONTEXT() REPRESENTATION_CONTEXT('2D SPACE',''
  ) );
#7451 = ORIENTED_EDGE('',*,*,#6707,.T.);
#7452 = ADVANCED_FACE('',(#7453),#6582,.T.);
#7453 = FACE_BOUND('',#7454,.T.);
#7454 = EDGE_LOOP('',(#7455,#7456,#7485,#7506));
#7455 = ORIENTED_EDGE('',*,*,#7349,.F.);
#7456 = ORIENTED_EDGE('',*,*,#7457,.T.);
#7457 = EDGE_CURVE('',#7350,#7458,#7460,.T.);
#7458 = VERTEX_POINT('',#7459);
#7459 = CARTESIAN_POINT('',(-14.1,-1.9,6.1));
#7460 = SURFACE_CURVE('',#7461,(#7466,#7473),.PCURVE_S1.);
#7461 = CIRCLE('',#7462,0.5);
#7462 = AXIS2_PLACEMENT_3D('',#7463,#7464,#7465);
#7463 = CARTESIAN_POINT('',(-14.1,-1.4,6.1));
#7464 = DIRECTION('',(0.,0.,1.));
#7465 = DIRECTION('',(-1.,0.,0.));
#7466 = PCURVE('',#6582,#7467);
#7467 = DEFINITIONAL_REPRESENTATION('',(#7468),#7472);
#7468 = LINE('',#7469,#7470);
#7469 = CARTESIAN_POINT('',(0.,0.5));
#7470 = VECTOR('',#7471,1.);
#7471 = DIRECTION('',(1.,0.));
#7472 = ( GEOMETRIC_REPRESENTATION_CONTEXT(2) 
PARAMETRIC_REPRESENTATION_CONTEXT() REPRESENTATION_CONTEXT('2D SPACE',''
  ) );
#7473 = PCURVE('',#7474,#7479);
#7474 = SPHERICAL_SURFACE('',#7475,0.5);
#7475 = AXIS2_PLACEMENT_3D('',#7476,#7477,#7478);
#7476 = CARTESIAN_POINT('',(-14.1,-1.4,6.1));
#7477 = DIRECTION('',(0.,0.,1.));
#7478 = DIRECTION('',(-1.,0.,0.));
#7479 = DEFINITIONAL_REPRESENTATION('',(#7480),#7484);
#7480 = LINE('',#7481,#7482);
#7481 = CARTESIAN_POINT('',(0.,0.));
#7482 = VECTOR('',#7483,1.);
#7483 = DIRECTION('',(1.,0.));
#7484 = ( GEOMETRIC_REPRESENTATION_CONTEXT(2) 
PARAMETRIC_REPRESENTATION_CONTEXT() REPRESENTATION_CONTEXT('2D SPACE',''
  ) );
#7485 = ORIENTED_EDGE('',*,*,#7486,.T.);
#7486 = EDGE_CURVE('',#7458,#6566,#7487,.T.);
#7487 = SURFACE_CURVE('',#7488,(#7492,#7499),.PCURVE_S1.);
#7488 = LINE('',#7489,#7490);
#7489 = CARTESIAN_POINT('',(-14.1,-1.9,5.6));
#7490 = VECTOR('',#7491,1.);
#7491 = DIRECTION('',(0.,0.,1.));
#7492 = PCURVE('',#6582,#7493);
#7493 = DEFINITIONAL_REPRESENTATION('',(#7494),#7498);
#7494 = LINE('',#7495,#7496);
#7495 = CARTESIAN_POINT('',(1.570796326795,0.));
#7496 = VECTOR('',#7497,1.);
#7497 = DIRECTION('',(0.,1.));
#7498 = ( GEOMETRIC_REPRESENTATION_CONTEXT(2) 
PARAMETRIC_REPRESENTATION_CONTEXT() REPRESENTATION_CONTEXT('2D SPACE',''
  ) );
#7499 = PCURVE('',#6610,#7500);
#7500 = DEFINITIONAL_REPRESENTATION('',(#7501),#7505);
#7501 = LINE('',#7502,#7503);
#7502 = CARTESIAN_POINT('',(0.,0.5));
#7503 = VECTOR('',#7504,1.);
#7504 = DIRECTION('',(1.,0.));
#7505 = ( GEOMETRIC_REPRESENTATION_CONTEXT(2) 
PARAMETRIC_REPRESENTATION_CONTEXT() REPRESENTATION_CONTEXT('2D SPACE',''
  ) );
#7506 = ORIENTED_EDGE('',*,*,#6565,.F.);
#7507 = ADVANCED_FACE('',(#7508),#6695,.T.);
#7508 = FACE_BOUND('',#7509,.F.);
#7509 = EDGE_LOOP('',(#7510,#7535,#7536,#7537));
#7510 = ORIENTED_EDGE('',*,*,#7511,.F.);
#7511 = EDGE_CURVE('',#6828,#7404,#7512,.T.);
#7512 = SURFACE_CURVE('',#7513,(#7518,#7524),.PCURVE_S1.);
#7513 = CIRCLE('',#7514,1.2);
#7514 = AXIS2_PLACEMENT_3D('',#7515,#7516,#7517);
#7515 = CARTESIAN_POINT('',(-10.4,-5.3,1.2));
#7516 = DIRECTION('',(0.,-6.123233995737E-17,1.));
#7517 = DIRECTION('',(0.,-1.,-6.123233995737E-17));
#7518 = PCURVE('',#6695,#7519);
#7519 = DEFINITIONAL_REPRESENTATION('',(#7520),#7523);
#7520 = B_SPLINE_CURVE_WITH_KNOTS('',1,(#7521,#7522),.UNSPECIFIED.,.F.,
  .F.,(2,2),(4.712388980385,6.28318530718),.PIECEWISE_BEZIER_KNOTS.);
#7521 = CARTESIAN_POINT('',(-1.570796326795,1.2));
#7522 = CARTESIAN_POINT('',(0.,1.2));
#7523 = ( GEOMETRIC_REPRESENTATION_CONTEXT(2) 
PARAMETRIC_REPRESENTATION_CONTEXT() REPRESENTATION_CONTEXT('2D SPACE',''
  ) );
#7524 = PCURVE('',#7525,#7530);
#7525 = SPHERICAL_SURFACE('',#7526,1.2);
#7526 = AXIS2_PLACEMENT_3D('',#7527,#7528,#7529);
#7527 = CARTESIAN_POINT('',(-10.4,-5.3,1.2));
#7528 = DIRECTION('',(1.,0.,-0.));
#7529 = DIRECTION('',(0.,-0.,-1.));
#7530 = DEFINITIONAL_REPRESENTATION('',(#7531),#7534);
#7531 = B_SPLINE_CURVE_WITH_KNOTS('',1,(#7532,#7533),.UNSPECIFIED.,.F.,
  .F.,(2,2),(4.712388980385,6.28318530718),.PIECEWISE_BEZIER_KNOTS.);
#7532 = CARTESIAN_POINT('',(-1.570796326795,-1.570796326795));
#7533 = CARTESIAN_POINT('',(-1.570796326795,0.));
#7534 = ( GEOMETRIC_REPRESENTATION_CONTEXT(2) 
PARAMETRIC_REPRESENTATION_CONTEXT() REPRESENTATION_CONTEXT('2D SPACE',''
  ) );
#7535 = ORIENTED_EDGE('',*,*,#6827,.T.);
#7536 = ORIENTED_EDGE('',*,*,#6674,.F.);
#7537 = ORIENTED_EDGE('',*,*,#7431,.F.);
#7538 = ADVANCED_FACE('',(#7539),#6610,.F.);
#7539 = FACE_BOUND('',#7540,.F.);
#7540 = EDGE_LOOP('',(#7541,#7542,#7565,#7591));
#7541 = ORIENTED_EDGE('',*,*,#6594,.T.);
#7542 = ORIENTED_EDGE('',*,*,#7543,.F.);
#7543 = EDGE_CURVE('',#7544,#6595,#7546,.T.);
#7544 = VERTEX_POINT('',#7545);
#7545 = CARTESIAN_POINT('',(-12.1,-1.9,6.1));
#7546 = SURFACE_CURVE('',#7547,(#7551,#7558),.PCURVE_S1.);
#7547 = LINE('',#7548,#7549);
#7548 = CARTESIAN_POINT('',(-12.1,-1.9,5.6));
#7549 = VECTOR('',#7550,1.);
#7550 = DIRECTION('',(0.,0.,1.));
#7551 = PCURVE('',#6610,#7552);
#7552 = DEFINITIONAL_REPRESENTATION('',(#7553),#7557);
#7553 = LINE('',#7554,#7555);
#7554 = CARTESIAN_POINT('',(0.,2.5));
#7555 = VECTOR('',#7556,1.);
#7556 = DIRECTION('',(1.,0.));
#7557 = ( GEOMETRIC_REPRESENTATION_CONTEXT(2) 
PARAMETRIC_REPRESENTATION_CONTEXT() REPRESENTATION_CONTEXT('2D SPACE',''
  ) );
#7558 = PCURVE('',#6639,#7559);
#7559 = DEFINITIONAL_REPRESENTATION('',(#7560),#7564);
#7560 = LINE('',#7561,#7562);
#7561 = CARTESIAN_POINT('',(1.570796326795,0.));
#7562 = VECTOR('',#7563,1.);
#7563 = DIRECTION('',(0.,1.));
#7564 = ( GEOMETRIC_REPRESENTATION_CONTEXT(2) 
PARAMETRIC_REPRESENTATION_CONTEXT() REPRESENTATION_CONTEXT('2D SPACE',''
  ) );
#7565 = ORIENTED_EDGE('',*,*,#7566,.F.);
#7566 = EDGE_CURVE('',#7458,#7544,#7567,.T.);
#7567 = SURFACE_CURVE('',#7568,(#7572,#7579),.PCURVE_S1.);
#7568 = LINE('',#7569,#7570);
#7569 = CARTESIAN_POINT('',(-14.6,-1.9,6.1));
#7570 = VECTOR('',#7571,1.);
#7571 = DIRECTION('',(1.,0.,-0.));
#7572 = PCURVE('',#6610,#7573);
#7573 = DEFINITIONAL_REPRESENTATION('',(#7574),#7578);
#7574 = LINE('',#7575,#7576);
#7575 = CARTESIAN_POINT('',(0.5,0.));
#7576 = VECTOR('',#7577,1.);
#7577 = DIRECTION('',(0.,1.));
#7578 = ( GEOMETRIC_REPRESENTATION_CONTEXT(2) 
PARAMETRIC_REPRESENTATION_CONTEXT() REPRESENTATION_CONTEXT('2D SPACE',''
  ) );
#7579 = PCURVE('',#7580,#7585);
#7580 = CYLINDRICAL_SURFACE('',#7581,0.5);
#7581 = AXIS2_PLACEMENT_3D('',#7582,#7583,#7584);
#7582 = CARTESIAN_POINT('',(-14.6,-1.4,6.1));
#7583 = DIRECTION('',(1.,0.,-0.));
#7584 = DIRECTION('',(0.,-1.,0.));
#7585 = DEFINITIONAL_REPRESENTATION('',(#7586),#7590);
#7586 = LINE('',#7587,#7588);
#7587 = CARTESIAN_POINT('',(0.,0.));
#7588 = VECTOR('',#7589,1.);
#7589 = DIRECTION('',(0.,1.));
#7590 = ( GEOMETRIC_REPRESENTATION_CONTEXT(2) 
PARAMETRIC_REPRESENTATION_CONTEXT() REPRESENTATION_CONTEXT('2D SPACE',''
  ) );
#7591 = ORIENTED_EDGE('',*,*,#7486,.T.);
#7592 = ADVANCED_FACE('',(#7593),#6639,.F.);
#7593 = FACE_BOUND('',#7594,.F.);
#7594 = EDGE_LOOP('',(#7595,#7615,#7616,#7617));
#7595 = ORIENTED_EDGE('',*,*,#7596,.T.);
#7596 = EDGE_CURVE('',#6981,#7544,#7597,.T.);
#7597 = SURFACE_CURVE('',#7598,(#7603,#7609),.PCURVE_S1.);
#7598 = CIRCLE('',#7599,0.5);
#7599 = AXIS2_PLACEMENT_3D('',#7600,#7601,#7602);
#7600 = CARTESIAN_POINT('',(-12.1,-2.4,6.1));
#7601 = DIRECTION('',(0.,0.,1.));
#7602 = DIRECTION('',(0.,-1.,0.));
#7603 = PCURVE('',#6639,#7604);
#7604 = DEFINITIONAL_REPRESENTATION('',(#7605),#7608);
#7605 = B_SPLINE_CURVE_WITH_KNOTS('',1,(#7606,#7607),.UNSPECIFIED.,.F.,
  .F.,(2,2),(1.570796326795,3.14159265359),.PIECEWISE_BEZIER_KNOTS.);
#7606 = CARTESIAN_POINT('',(0.,0.5));
#7607 = CARTESIAN_POINT('',(1.570796326795,0.5));
#7608 = ( GEOMETRIC_REPRESENTATION_CONTEXT(2) 
PARAMETRIC_REPRESENTATION_CONTEXT() REPRESENTATION_CONTEXT('2D SPACE',''
  ) );
#7609 = PCURVE('',#6997,#7610);
#7610 = DEFINITIONAL_REPRESENTATION('',(#7611),#7614);
#7611 = B_SPLINE_CURVE_WITH_KNOTS('',1,(#7612,#7613),.UNSPECIFIED.,.F.,
  .F.,(2,2),(1.570796326795,3.14159265359),.PIECEWISE_BEZIER_KNOTS.);
#7612 = CARTESIAN_POINT('',(0.,1.570796326795));
#7613 = CARTESIAN_POINT('',(0.,3.14159265359));
#7614 = ( GEOMETRIC_REPRESENTATION_CONTEXT(2) 
PARAMETRIC_REPRESENTATION_CONTEXT() REPRESENTATION_CONTEXT('2D SPACE',''
  ) );
#7615 = ORIENTED_EDGE('',*,*,#7543,.T.);
#7616 = ORIENTED_EDGE('',*,*,#6622,.F.);
#7617 = ORIENTED_EDGE('',*,*,#7009,.F.);
#7618 = ADVANCED_FACE('',(#7619),#6997,.F.);
#7619 = FACE_BOUND('',#7620,.F.);
#7620 = EDGE_LOOP('',(#7621,#7622,#7623,#7645));
#7621 = ORIENTED_EDGE('',*,*,#7596,.F.);
#7622 = ORIENTED_EDGE('',*,*,#6980,.T.);
#7623 = ORIENTED_EDGE('',*,*,#7624,.T.);
#7624 = EDGE_CURVE('',#6953,#7625,#7627,.T.);
#7625 = VERTEX_POINT('',#7626);
#7626 = CARTESIAN_POINT('',(-12.1,-1.4,5.6));
#7627 = SURFACE_CURVE('',#7628,(#7633,#7639),.PCURVE_S1.);
#7628 = CIRCLE('',#7629,0.5);
#7629 = AXIS2_PLACEMENT_3D('',#7630,#7631,#7632);
#7630 = CARTESIAN_POINT('',(-12.1,-1.4,5.1));
#7631 = DIRECTION('',(0.,-1.,6.123233995737E-17));
#7632 = DIRECTION('',(0.,-6.123233995737E-17,-1.));
#7633 = PCURVE('',#6997,#7634);
#7634 = DEFINITIONAL_REPRESENTATION('',(#7635),#7638);
#7635 = B_SPLINE_CURVE_WITH_KNOTS('',1,(#7636,#7637),.UNSPECIFIED.,.F.,
  .F.,(2,2),(1.570796326795,3.14159265359),.PIECEWISE_BEZIER_KNOTS.);
#7636 = CARTESIAN_POINT('',(1.570796326795,1.570796326795));
#7637 = CARTESIAN_POINT('',(1.570796326795,3.14159265359));
#7638 = ( GEOMETRIC_REPRESENTATION_CONTEXT(2) 
PARAMETRIC_REPRESENTATION_CONTEXT() REPRESENTATION_CONTEXT('2D SPACE',''
  ) );
#7639 = PCURVE('',#6968,#7640);
#7640 = DEFINITIONAL_REPRESENTATION('',(#7641),#7644);
#7641 = B_SPLINE_CURVE_WITH_KNOTS('',1,(#7642,#7643),.UNSPECIFIED.,.F.,
  .F.,(2,2),(1.570796326795,3.14159265359),.PIECEWISE_BEZIER_KNOTS.);
#7642 = CARTESIAN_POINT('',(0.,3.3));
#7643 = CARTESIAN_POINT('',(1.570796326795,3.3));
#7644 = ( GEOMETRIC_REPRESENTATION_CONTEXT(2) 
PARAMETRIC_REPRESENTATION_CONTEXT() REPRESENTATION_CONTEXT('2D SPACE',''
  ) );
#7645 = ORIENTED_EDGE('',*,*,#7646,.F.);
#7646 = EDGE_CURVE('',#7544,#7625,#7647,.T.);
#7647 = SURFACE_CURVE('',#7648,(#7653,#7660),.PCURVE_S1.);
#7648 = CIRCLE('',#7649,0.5);
#7649 = AXIS2_PLACEMENT_3D('',#7650,#7651,#7652);
#7650 = CARTESIAN_POINT('',(-12.1,-1.4,6.1));
#7651 = DIRECTION('',(1.,0.,0.));
#7652 = DIRECTION('',(0.,-1.,0.));
#7653 = PCURVE('',#6997,#7654);
#7654 = DEFINITIONAL_REPRESENTATION('',(#7655),#7659);
#7655 = LINE('',#7656,#7657);
#7656 = CARTESIAN_POINT('',(0.,3.14159265359));
#7657 = VECTOR('',#7658,1.);
#7658 = DIRECTION('',(1.,0.));
#7659 = ( GEOMETRIC_REPRESENTATION_CONTEXT(2) 
PARAMETRIC_REPRESENTATION_CONTEXT() REPRESENTATION_CONTEXT('2D SPACE',''
  ) );
#7660 = PCURVE('',#7580,#7661);
#7661 = DEFINITIONAL_REPRESENTATION('',(#7662),#7666);
#7662 = LINE('',#7663,#7664);
#7663 = CARTESIAN_POINT('',(0.,2.5));
#7664 = VECTOR('',#7665,1.);
#7665 = DIRECTION('',(1.,0.));
#7666 = ( GEOMETRIC_REPRESENTATION_CONTEXT(2) 
PARAMETRIC_REPRESENTATION_CONTEXT() REPRESENTATION_CONTEXT('2D SPACE',''
  ) );
#7667 = ADVANCED_FACE('',(#7668),#6866,.T.);
#7668 = FACE_BOUND('',#7669,.T.);
#7669 = EDGE_LOOP('',(#7670,#7692,#7693,#7715));
#7670 = ORIENTED_EDGE('',*,*,#7671,.F.);
#7671 = EDGE_CURVE('',#6828,#7672,#7674,.T.);
#7672 = VERTEX_POINT('',#7673);
#7673 = CARTESIAN_POINT('',(-10.4,-5.3,-2.22044604925E-16));
#7674 = SURFACE_CURVE('',#7675,(#7680,#7686),.PCURVE_S1.);
#7675 = CIRCLE('',#7676,1.2);
#7676 = AXIS2_PLACEMENT_3D('',#7677,#7678,#7679);
#7677 = CARTESIAN_POINT('',(-10.4,-5.3,1.2));
#7678 = DIRECTION('',(0.,-1.,0.));
#7679 = DIRECTION('',(0.,-0.,-1.));
#7680 = PCURVE('',#6866,#7681);
#7681 = DEFINITIONAL_REPRESENTATION('',(#7682),#7685);
#7682 = B_SPLINE_CURVE_WITH_KNOTS('',1,(#7683,#7684),.UNSPECIFIED.,.F.,
  .F.,(2,2),(4.712388980385,6.28318530718),.PIECEWISE_BEZIER_KNOTS.);
#7683 = CARTESIAN_POINT('',(1.570796326795,1.2));
#7684 = CARTESIAN_POINT('',(0.,1.2));
#7685 = ( GEOMETRIC_REPRESENTATION_CONTEXT(2) 
PARAMETRIC_REPRESENTATION_CONTEXT() REPRESENTATION_CONTEXT('2D SPACE',''
  ) );
#7686 = PCURVE('',#7525,#7687);
#7687 = DEFINITIONAL_REPRESENTATION('',(#7688),#7691);
#7688 = B_SPLINE_CURVE_WITH_KNOTS('',1,(#7689,#7690),.UNSPECIFIED.,.F.,
  .F.,(2,2),(4.712388980385,6.28318530718),.PIECEWISE_BEZIER_KNOTS.);
#7689 = CARTESIAN_POINT('',(0.,-1.570796326795));
#7690 = CARTESIAN_POINT('',(0.,0.));
#7691 = ( GEOMETRIC_REPRESENTATION_CONTEXT(2) 
PARAMETRIC_REPRESENTATION_CONTEXT() REPRESENTATION_CONTEXT('2D SPACE',''
  ) );
#7692 = ORIENTED_EDGE('',*,*,#6850,.T.);
#7693 = ORIENTED_EDGE('',*,*,#7694,.T.);
#7694 = EDGE_CURVE('',#6851,#7695,#7697,.T.);
#7695 = VERTEX_POINT('',#7696);
#7696 = CARTESIAN_POINT('',(-10.4,5.3,-2.22044604925E-16));
#7697 = SURFACE_CURVE('',#7698,(#7703,#7709),.PCURVE_S1.);
#7698 = CIRCLE('',#7699,1.2);
#7699 = AXIS2_PLACEMENT_3D('',#7700,#7701,#7702);
#7700 = CARTESIAN_POINT('',(-10.4,5.3,1.2));
#7701 = DIRECTION('',(0.,-1.,0.));
#7702 = DIRECTION('',(0.,0.,-1.));
#7703 = PCURVE('',#6866,#7704);
#7704 = DEFINITIONAL_REPRESENTATION('',(#7705),#7708);
#7705 = B_SPLINE_CURVE_WITH_KNOTS('',1,(#7706,#7707),.UNSPECIFIED.,.F.,
  .F.,(2,2),(4.712388980385,6.28318530718),.PIECEWISE_BEZIER_KNOTS.);
#7706 = CARTESIAN_POINT('',(1.570796326795,11.8));
#7707 = CARTESIAN_POINT('',(0.,11.8));
#7708 = ( GEOMETRIC_REPRESENTATION_CONTEXT(2) 
PARAMETRIC_REPRESENTATION_CONTEXT() REPRESENTATION_CONTEXT('2D SPACE',''
  ) );
#7709 = PCURVE('',#7097,#7710);
#7710 = DEFINITIONAL_REPRESENTATION('',(#7711),#7714);
#7711 = B_SPLINE_CURVE_WITH_KNOTS('',1,(#7712,#7713),.UNSPECIFIED.,.F.,
  .F.,(2,2),(4.712388980385,6.28318530718),.PIECEWISE_BEZIER_KNOTS.);
#7712 = CARTESIAN_POINT('',(0.,-1.570796326795));
#7713 = CARTESIAN_POINT('',(0.,0.));
#7714 = ( GEOMETRIC_REPRESENTATION_CONTEXT(2) 
PARAMETRIC_REPRESENTATION_CONTEXT() REPRESENTATION_CONTEXT('2D SPACE',''
  ) );
#7715 = ORIENTED_EDGE('',*,*,#7716,.F.);
#7716 = EDGE_CURVE('',#7672,#7695,#7717,.T.);
#7717 = SURFACE_CURVE('',#7718,(#7722,#7729),.PCURVE_S1.);
#7718 = LINE('',#7719,#7720);
#7719 = CARTESIAN_POINT('',(-10.4,-6.5,-2.22044604925E-16));
#7720 = VECTOR('',#7721,1.);
#7721 = DIRECTION('',(-0.,1.,0.));
#7722 = PCURVE('',#6866,#7723);
#7723 = DEFINITIONAL_REPRESENTATION('',(#7724),#7728);
#7724 = LINE('',#7725,#7726);
#7725 = CARTESIAN_POINT('',(0.,0.));
#7726 = VECTOR('',#7727,1.);
#7727 = DIRECTION('',(0.,1.));
#7728 = ( GEOMETRIC_REPRESENTATION_CONTEXT(2) 
PARAMETRIC_REPRESENTATION_CONTEXT() REPRESENTATION_CONTEXT('2D SPACE',''
  ) );
#7729 = PCURVE('',#7730,#7735);
#7730 = PLANE('',#7731);
#7731 = AXIS2_PLACEMENT_3D('',#7732,#7733,#7734);
#7732 = CARTESIAN_POINT('',(4.4,0.,0.));
#7733 = DIRECTION('',(0.,0.,1.));
#7734 = DIRECTION('',(1.,0.,-0.));
#7735 = DEFINITIONAL_REPRESENTATION('',(#7736),#7740);
#7736 = LINE('',#7737,#7738);
#7737 = CARTESIAN_POINT('',(-14.8,-6.5));
#7738 = VECTOR('',#7739,1.);
#7739 = DIRECTION('',(0.,1.));
#7740 = ( GEOMETRIC_REPRESENTATION_CONTEXT(2) 
PARAMETRIC_REPRESENTATION_CONTEXT() REPRESENTATION_CONTEXT('2D SPACE',''
  ) );
#7741 = ADVANCED_FACE('',(#7742),#6968,.F.);
#7742 = FACE_BOUND('',#7743,.F.);
#7743 = EDGE_LOOP('',(#7744,#7766,#7792,#7793));
#7744 = ORIENTED_EDGE('',*,*,#7745,.T.);
#7745 = EDGE_CURVE('',#6924,#7746,#7748,.T.);
#7746 = VERTEX_POINT('',#7747);
#7747 = CARTESIAN_POINT('',(-12.1,1.4,5.6));
#7748 = SURFACE_CURVE('',#7749,(#7754,#7760),.PCURVE_S1.);
#7749 = CIRCLE('',#7750,0.5);
#7750 = AXIS2_PLACEMENT_3D('',#7751,#7752,#7753);
#7751 = CARTESIAN_POINT('',(-12.1,1.4,5.1));
#7752 = DIRECTION('',(0.,-1.,8.881784197001E-16));
#7753 = DIRECTION('',(0.,-8.881784197001E-16,-1.));
#7754 = PCURVE('',#6968,#7755);
#7755 = DEFINITIONAL_REPRESENTATION('',(#7756),#7759);
#7756 = B_SPLINE_CURVE_WITH_KNOTS('',1,(#7757,#7758),.UNSPECIFIED.,.F.,
  .F.,(2,2),(1.570796326795,3.14159265359),.PIECEWISE_BEZIER_KNOTS.);
#7757 = CARTESIAN_POINT('',(0.,0.5));
#7758 = CARTESIAN_POINT('',(1.570796326795,0.5));
#7759 = ( GEOMETRIC_REPRESENTATION_CONTEXT(2) 
PARAMETRIC_REPRESENTATION_CONTEXT() REPRESENTATION_CONTEXT('2D SPACE',''
  ) );
#7760 = PCURVE('',#6940,#7761);
#7761 = DEFINITIONAL_REPRESENTATION('',(#7762),#7765);
#7762 = B_SPLINE_CURVE_WITH_KNOTS('',1,(#7763,#7764),.UNSPECIFIED.,.F.,
  .F.,(2,2),(1.570796326795,3.14159265359),.PIECEWISE_BEZIER_KNOTS.);
#7763 = CARTESIAN_POINT('',(0.,1.570796326795));
#7764 = CARTESIAN_POINT('',(0.,3.14159265359));
#7765 = ( GEOMETRIC_REPRESENTATION_CONTEXT(2) 
PARAMETRIC_REPRESENTATION_CONTEXT() REPRESENTATION_CONTEXT('2D SPACE',''
  ) );
#7766 = ORIENTED_EDGE('',*,*,#7767,.T.);
#7767 = EDGE_CURVE('',#7746,#7625,#7768,.T.);
#7768 = SURFACE_CURVE('',#7769,(#7773,#7780),.PCURVE_S1.);
#7769 = LINE('',#7770,#7771);
#7770 = CARTESIAN_POINT('',(-12.1,1.9,5.6));
#7771 = VECTOR('',#7772,1.);
#7772 = DIRECTION('',(0.,-1.,0.));
#7773 = PCURVE('',#6968,#7774);
#7774 = DEFINITIONAL_REPRESENTATION('',(#7775),#7779);
#7775 = LINE('',#7776,#7777);
#7776 = CARTESIAN_POINT('',(1.570796326795,0.));
#7777 = VECTOR('',#7778,1.);
#7778 = DIRECTION('',(0.,1.));
#7779 = ( GEOMETRIC_REPRESENTATION_CONTEXT(2) 
PARAMETRIC_REPRESENTATION_CONTEXT() REPRESENTATION_CONTEXT('2D SPACE',''
  ) );
#7780 = PCURVE('',#7781,#7786);
#7781 = PLANE('',#7782);
#7782 = AXIS2_PLACEMENT_3D('',#7783,#7784,#7785);
#7783 = CARTESIAN_POINT('',(-14.6,-1.9,5.6));
#7784 = DIRECTION('',(0.,0.,1.));
#7785 = DIRECTION('',(1.,0.,-0.));
#7786 = DEFINITIONAL_REPRESENTATION('',(#7787),#7791);
#7787 = LINE('',#7788,#7789);
#7788 = CARTESIAN_POINT('',(2.5,3.8));
#7789 = VECTOR('',#7790,1.);
#7790 = DIRECTION('',(0.,-1.));
#7791 = ( GEOMETRIC_REPRESENTATION_CONTEXT(2) 
PARAMETRIC_REPRESENTATION_CONTEXT() REPRESENTATION_CONTEXT('2D SPACE',''
  ) );
#7792 = ORIENTED_EDGE('',*,*,#7624,.F.);
#7793 = ORIENTED_EDGE('',*,*,#6952,.F.);
#7794 = ADVANCED_FACE('',(#7795),#6940,.F.);
#7795 = FACE_BOUND('',#7796,.F.);
#7796 = EDGE_LOOP('',(#7797,#7798,#7799,#7800));
#7797 = ORIENTED_EDGE('',*,*,#7745,.F.);
#7798 = ORIENTED_EDGE('',*,*,#6923,.T.);
#7799 = ORIENTED_EDGE('',*,*,#7033,.T.);
#7800 = ORIENTED_EDGE('',*,*,#7801,.F.);
#7801 = EDGE_CURVE('',#7746,#7034,#7802,.T.);
#7802 = SURFACE_CURVE('',#7803,(#7808,#7815),.PCURVE_S1.);
#7803 = CIRCLE('',#7804,0.5);
#7804 = AXIS2_PLACEMENT_3D('',#7805,#7806,#7807);
#7805 = CARTESIAN_POINT('',(-12.1,1.4,6.1));
#7806 = DIRECTION('',(1.,0.,0.));
#7807 = DIRECTION('',(0.,-8.881784197001E-16,-1.));
#7808 = PCURVE('',#6940,#7809);
#7809 = DEFINITIONAL_REPRESENTATION('',(#7810),#7814);
#7810 = LINE('',#7811,#7812);
#7811 = CARTESIAN_POINT('',(0.,3.14159265359));
#7812 = VECTOR('',#7813,1.);
#7813 = DIRECTION('',(1.,0.));
#7814 = ( GEOMETRIC_REPRESENTATION_CONTEXT(2) 
PARAMETRIC_REPRESENTATION_CONTEXT() REPRESENTATION_CONTEXT('2D SPACE',''
  ) );
#7815 = PCURVE('',#7152,#7816);
#7816 = DEFINITIONAL_REPRESENTATION('',(#7817),#7821);
#7817 = LINE('',#7818,#7819);
#7818 = CARTESIAN_POINT('',(-1.570796326795,2.5));
#7819 = VECTOR('',#7820,1.);
#7820 = DIRECTION('',(1.,-0.));
#7821 = ( GEOMETRIC_REPRESENTATION_CONTEXT(2) 
PARAMETRIC_REPRESENTATION_CONTEXT() REPRESENTATION_CONTEXT('2D SPACE',''
  ) );
#7822 = ADVANCED_FACE('',(#7823),#7097,.T.);
#7823 = FACE_BOUND('',#7824,.T.);
#7824 = EDGE_LOOP('',(#7825,#7826,#7827));
#7825 = ORIENTED_EDGE('',*,*,#7694,.F.);
#7826 = ORIENTED_EDGE('',*,*,#7081,.T.);
#7827 = ORIENTED_EDGE('',*,*,#7828,.F.);
#7828 = EDGE_CURVE('',#7695,#7082,#7829,.T.);
#7829 = SURFACE_CURVE('',#7830,(#7835,#7842),.PCURVE_S1.);
#7830 = CIRCLE('',#7831,1.2);
#7831 = AXIS2_PLACEMENT_3D('',#7832,#7833,#7834);
#7832 = CARTESIAN_POINT('',(-10.4,5.3,1.2));
#7833 = DIRECTION('',(1.,0.,0.));
#7834 = DIRECTION('',(0.,-0.,-1.));
#7835 = PCURVE('',#7097,#7836);
#7836 = DEFINITIONAL_REPRESENTATION('',(#7837),#7841);
#7837 = LINE('',#7838,#7839);
#7838 = CARTESIAN_POINT('',(0.,0.));
#7839 = VECTOR('',#7840,1.);
#7840 = DIRECTION('',(1.,0.));
#7841 = ( GEOMETRIC_REPRESENTATION_CONTEXT(2) 
PARAMETRIC_REPRESENTATION_CONTEXT() REPRESENTATION_CONTEXT('2D SPACE',''
  ) );
#7842 = PCURVE('',#7224,#7843);
#7843 = DEFINITIONAL_REPRESENTATION('',(#7844),#7848);
#7844 = LINE('',#7845,#7846);
#7845 = CARTESIAN_POINT('',(1.570796326795,14.8));
#7846 = VECTOR('',#7847,1.);
#7847 = DIRECTION('',(-1.,-0.));
#7848 = ( GEOMETRIC_REPRESENTATION_CONTEXT(2) 
PARAMETRIC_REPRESENTATION_CONTEXT() REPRESENTATION_CONTEXT('2D SPACE',''
  ) );
#7849 = ADVANCED_FACE('',(#7850),#7152,.T.);
#7850 = FACE_BOUND('',#7851,.F.);
#7851 = EDGE_LOOP('',(#7852,#7853,#7877,#7898));
#7852 = ORIENTED_EDGE('',*,*,#7136,.F.);
#7853 = ORIENTED_EDGE('',*,*,#7854,.T.);
#7854 = EDGE_CURVE('',#7137,#7855,#7857,.T.);
#7855 = VERTEX_POINT('',#7856);
#7856 = CARTESIAN_POINT('',(-14.1,1.4,5.6));
#7857 = SURFACE_CURVE('',#7858,(#7863,#7870),.PCURVE_S1.);
#7858 = CIRCLE('',#7859,0.5);
#7859 = AXIS2_PLACEMENT_3D('',#7860,#7861,#7862);
#7860 = CARTESIAN_POINT('',(-14.1,1.4,6.1));
#7861 = DIRECTION('',(-1.,0.,0.));
#7862 = DIRECTION('',(0.,1.,0.));
#7863 = PCURVE('',#7152,#7864);
#7864 = DEFINITIONAL_REPRESENTATION('',(#7865),#7869);
#7865 = LINE('',#7866,#7867);
#7866 = CARTESIAN_POINT('',(-0.,0.5));
#7867 = VECTOR('',#7868,1.);
#7868 = DIRECTION('',(-1.,0.));
#7869 = ( GEOMETRIC_REPRESENTATION_CONTEXT(2) 
PARAMETRIC_REPRESENTATION_CONTEXT() REPRESENTATION_CONTEXT('2D SPACE',''
  ) );
#7870 = PCURVE('',#7257,#7871);
#7871 = DEFINITIONAL_REPRESENTATION('',(#7872),#7876);
#7872 = LINE('',#7873,#7874);
#7873 = CARTESIAN_POINT('',(-0.,0.));
#7874 = VECTOR('',#7875,1.);
#7875 = DIRECTION('',(-1.,0.));
#7876 = ( GEOMETRIC_REPRESENTATION_CONTEXT(2) 
PARAMETRIC_REPRESENTATION_CONTEXT() REPRESENTATION_CONTEXT('2D SPACE',''
  ) );
#7877 = ORIENTED_EDGE('',*,*,#7878,.T.);
#7878 = EDGE_CURVE('',#7855,#7746,#7879,.T.);
#7879 = SURFACE_CURVE('',#7880,(#7884,#7891),.PCURVE_S1.);
#7880 = LINE('',#7881,#7882);
#7881 = CARTESIAN_POINT('',(-14.6,1.4,5.6));
#7882 = VECTOR('',#7883,1.);
#7883 = DIRECTION('',(1.,0.,-0.));
#7884 = PCURVE('',#7152,#7885);
#7885 = DEFINITIONAL_REPRESENTATION('',(#7886),#7890);
#7886 = LINE('',#7887,#7888);
#7887 = CARTESIAN_POINT('',(-1.570796326795,0.));
#7888 = VECTOR('',#7889,1.);
#7889 = DIRECTION('',(-0.,1.));
#7890 = ( GEOMETRIC_REPRESENTATION_CONTEXT(2) 
PARAMETRIC_REPRESENTATION_CONTEXT() REPRESENTATION_CONTEXT('2D SPACE',''
  ) );
#7891 = PCURVE('',#7781,#7892);
#7892 = DEFINITIONAL_REPRESENTATION('',(#7893),#7897);
#7893 = LINE('',#7894,#7895);
#7894 = CARTESIAN_POINT('',(0.,3.3));
#7895 = VECTOR('',#7896,1.);
#7896 = DIRECTION('',(1.,0.));
#7897 = ( GEOMETRIC_REPRESENTATION_CONTEXT(2) 
PARAMETRIC_REPRESENTATION_CONTEXT() REPRESENTATION_CONTEXT('2D SPACE',''
  ) );
#7898 = ORIENTED_EDGE('',*,*,#7801,.T.);
#7899 = ADVANCED_FACE('',(#7900),#7224,.T.);
#7900 = FACE_BOUND('',#7901,.T.);
#7901 = EDGE_LOOP('',(#7902,#7924,#7945,#7946));
#7902 = ORIENTED_EDGE('',*,*,#7903,.T.);
#7903 = EDGE_CURVE('',#7189,#7904,#7906,.T.);
#7904 = VERTEX_POINT('',#7905);
#7905 = CARTESIAN_POINT('',(4.4,5.3,0.));
#7906 = SURFACE_CURVE('',#7907,(#7912,#7918),.PCURVE_S1.);
#7907 = CIRCLE('',#7908,1.2);
#7908 = AXIS2_PLACEMENT_3D('',#7909,#7910,#7911);
#7909 = CARTESIAN_POINT('',(4.4,5.3,1.2));
#7910 = DIRECTION('',(-1.,1.224646799147E-16,0.));
#7911 = DIRECTION('',(1.224646799147E-16,1.,-0.));
#7912 = PCURVE('',#7224,#7913);
#7913 = DEFINITIONAL_REPRESENTATION('',(#7914),#7917);
#7914 = B_SPLINE_CURVE_WITH_KNOTS('',1,(#7915,#7916),.UNSPECIFIED.,.F.,
  .F.,(2,2),(0.,1.570796326795),.PIECEWISE_BEZIER_KNOTS.);
#7915 = CARTESIAN_POINT('',(0.,0.));
#7916 = CARTESIAN_POINT('',(1.570796326795,0.));
#7917 = ( GEOMETRIC_REPRESENTATION_CONTEXT(2) 
PARAMETRIC_REPRESENTATION_CONTEXT() REPRESENTATION_CONTEXT('2D SPACE',''
  ) );
#7918 = PCURVE('',#7333,#7919);
#7919 = DEFINITIONAL_REPRESENTATION('',(#7920),#7923);
#7920 = B_SPLINE_CURVE_WITH_KNOTS('',1,(#7921,#7922),.UNSPECIFIED.,.F.,
  .F.,(2,2),(0.,1.570796326795),.PIECEWISE_BEZIER_KNOTS.);
#7921 = CARTESIAN_POINT('',(-3.14159265359,0.));
#7922 = CARTESIAN_POINT('',(-3.14159265359,1.570796326795));
#7923 = ( GEOMETRIC_REPRESENTATION_CONTEXT(2) 
PARAMETRIC_REPRESENTATION_CONTEXT() REPRESENTATION_CONTEXT('2D SPACE',''
  ) );
#7924 = ORIENTED_EDGE('',*,*,#7925,.T.);
#7925 = EDGE_CURVE('',#7904,#7695,#7926,.T.);
#7926 = SURFACE_CURVE('',#7927,(#7931,#7938),.PCURVE_S1.);
#7927 = LINE('',#7928,#7929);
#7928 = CARTESIAN_POINT('',(4.4,5.3,-2.22044604925E-16));
#7929 = VECTOR('',#7930,1.);
#7930 = DIRECTION('',(-1.,-0.,0.));
#7931 = PCURVE('',#7224,#7932);
#7932 = DEFINITIONAL_REPRESENTATION('',(#7933),#7937);
#7933 = LINE('',#7934,#7935);
#7934 = CARTESIAN_POINT('',(1.570796326795,0.));
#7935 = VECTOR('',#7936,1.);
#7936 = DIRECTION('',(0.,1.));
#7937 = ( GEOMETRIC_REPRESENTATION_CONTEXT(2) 
PARAMETRIC_REPRESENTATION_CONTEXT() REPRESENTATION_CONTEXT('2D SPACE',''
  ) );
#7938 = PCURVE('',#7730,#7939);
#7939 = DEFINITIONAL_REPRESENTATION('',(#7940),#7944);
#7940 = LINE('',#7941,#7942);
#7941 = CARTESIAN_POINT('',(0.,5.3));
#7942 = VECTOR('',#7943,1.);
#7943 = DIRECTION('',(-1.,0.));
#7944 = ( GEOMETRIC_REPRESENTATION_CONTEXT(2) 
PARAMETRIC_REPRESENTATION_CONTEXT() REPRESENTATION_CONTEXT('2D SPACE',''
  ) );
#7945 = ORIENTED_EDGE('',*,*,#7828,.T.);
#7946 = ORIENTED_EDGE('',*,*,#7210,.F.);
#7947 = ADVANCED_FACE('',(#7948),#7257,.T.);
#7948 = FACE_BOUND('',#7949,.F.);
#7949 = EDGE_LOOP('',(#7950,#7951,#7971));
#7950 = ORIENTED_EDGE('',*,*,#7241,.F.);
#7951 = ORIENTED_EDGE('',*,*,#7952,.T.);
#7952 = EDGE_CURVE('',#7242,#7855,#7953,.T.);
#7953 = SURFACE_CURVE('',#7954,(#7959,#7965),.PCURVE_S1.);
#7954 = CIRCLE('',#7955,0.5);
#7955 = AXIS2_PLACEMENT_3D('',#7956,#7957,#7958);
#7956 = CARTESIAN_POINT('',(-14.1,1.4,6.1));
#7957 = DIRECTION('',(0.,-1.,-6.123233995737E-17));
#7958 = DIRECTION('',(0.,6.123233995737E-17,-1.));
#7959 = PCURVE('',#7257,#7960);
#7960 = DEFINITIONAL_REPRESENTATION('',(#7961),#7964);
#7961 = B_SPLINE_CURVE_WITH_KNOTS('',1,(#7962,#7963),.UNSPECIFIED.,.F.,
  .F.,(2,2),(4.712388980385,6.28318530718),.PIECEWISE_BEZIER_KNOTS.);
#7962 = CARTESIAN_POINT('',(-1.570796326795,-1.570796326795));
#7963 = CARTESIAN_POINT('',(-1.570796326795,0.));
#7964 = ( GEOMETRIC_REPRESENTATION_CONTEXT(2) 
PARAMETRIC_REPRESENTATION_CONTEXT() REPRESENTATION_CONTEXT('2D SPACE',''
  ) );
#7965 = PCURVE('',#7386,#7966);
#7966 = DEFINITIONAL_REPRESENTATION('',(#7967),#7970);
#7967 = B_SPLINE_CURVE_WITH_KNOTS('',1,(#7968,#7969),.UNSPECIFIED.,.F.,
  .F.,(2,2),(4.712388980385,6.28318530718),.PIECEWISE_BEZIER_KNOTS.);
#7968 = CARTESIAN_POINT('',(0.,3.3));
#7969 = CARTESIAN_POINT('',(-1.570796326795,3.3));
#7970 = ( GEOMETRIC_REPRESENTATION_CONTEXT(2) 
PARAMETRIC_REPRESENTATION_CONTEXT() REPRESENTATION_CONTEXT('2D SPACE',''
  ) );
#7971 = ORIENTED_EDGE('',*,*,#7854,.F.);
#7972 = ADVANCED_FACE('',(#7973),#7333,.T.);
#7973 = FACE_BOUND('',#7974,.F.);
#7974 = EDGE_LOOP('',(#7975,#7997,#7998,#7999));
#7975 = ORIENTED_EDGE('',*,*,#7976,.F.);
#7976 = EDGE_CURVE('',#7297,#7977,#7979,.T.);
#7977 = VERTEX_POINT('',#7978);
#7978 = CARTESIAN_POINT('',(4.4,-5.3,-2.22044604925E-16));
#7979 = SURFACE_CURVE('',#7980,(#7985,#7991),.PCURVE_S1.);
#7980 = CIRCLE('',#7981,1.2);
#7981 = AXIS2_PLACEMENT_3D('',#7982,#7983,#7984);
#7982 = CARTESIAN_POINT('',(4.4,-5.3,1.2));
#7983 = DIRECTION('',(1.,0.,0.));
#7984 = DIRECTION('',(0.,-1.,0.));
#7985 = PCURVE('',#7333,#7986);
#7986 = DEFINITIONAL_REPRESENTATION('',(#7987),#7990);
#7987 = B_SPLINE_CURVE_WITH_KNOTS('',1,(#7988,#7989),.UNSPECIFIED.,.F.,
  .F.,(2,2),(0.,1.570796326795),.PIECEWISE_BEZIER_KNOTS.);
#7988 = CARTESIAN_POINT('',(0.,0.));
#7989 = CARTESIAN_POINT('',(0.,1.570796326795));
#7990 = ( GEOMETRIC_REPRESENTATION_CONTEXT(2) 
PARAMETRIC_REPRESENTATION_CONTEXT() REPRESENTATION_CONTEXT('2D SPACE',''
  ) );
#7991 = PCURVE('',#7419,#7992);
#7992 = DEFINITIONAL_REPRESENTATION('',(#7993),#7996);
#7993 = B_SPLINE_CURVE_WITH_KNOTS('',1,(#7994,#7995),.UNSPECIFIED.,.F.,
  .F.,(2,2),(0.,1.570796326795),.PIECEWISE_BEZIER_KNOTS.);
#7994 = CARTESIAN_POINT('',(0.,16.));
#7995 = CARTESIAN_POINT('',(1.570796326795,16.));
#7996 = ( GEOMETRIC_REPRESENTATION_CONTEXT(2) 
PARAMETRIC_REPRESENTATION_CONTEXT() REPRESENTATION_CONTEXT('2D SPACE',''
  ) );
#7997 = ORIENTED_EDGE('',*,*,#7318,.T.);
#7998 = ORIENTED_EDGE('',*,*,#7903,.T.);
#7999 = ORIENTED_EDGE('',*,*,#8000,.F.);
#8000 = EDGE_CURVE('',#7977,#7904,#8001,.T.);
#8001 = SURFACE_CURVE('',#8002,(#8007,#8014),.PCURVE_S1.);
#8002 = CIRCLE('',#8003,5.3);
#8003 = AXIS2_PLACEMENT_3D('',#8004,#8005,#8006);
#8004 = CARTESIAN_POINT('',(4.4,0.,0.));
#8005 = DIRECTION('',(0.,0.,1.));
#8006 = DIRECTION('',(0.,-1.,0.));
#8007 = PCURVE('',#7333,#8008);
#8008 = DEFINITIONAL_REPRESENTATION('',(#8009),#8013);
#8009 = LINE('',#8010,#8011);
#8010 = CARTESIAN_POINT('',(-0.,1.570796326795));
#8011 = VECTOR('',#8012,1.);
#8012 = DIRECTION('',(-1.,0.));
#8013 = ( GEOMETRIC_REPRESENTATION_CONTEXT(2) 
PARAMETRIC_REPRESENTATION_CONTEXT() REPRESENTATION_CONTEXT('2D SPACE',''
  ) );
#8014 = PCURVE('',#7730,#8015);
#8015 = DEFINITIONAL_REPRESENTATION('',(#8016),#8020);
#8016 = CIRCLE('',#8017,5.3);
#8017 = AXIS2_PLACEMENT_2D('',#8018,#8019);
#8018 = CARTESIAN_POINT('',(0.,0.));
#8019 = DIRECTION('',(0.,-1.));
#8020 = ( GEOMETRIC_REPRESENTATION_CONTEXT(2) 
PARAMETRIC_REPRESENTATION_CONTEXT() REPRESENTATION_CONTEXT('2D SPACE',''
  ) );
#8021 = ADVANCED_FACE('',(#8022),#7386,.T.);
#8022 = FACE_BOUND('',#8023,.F.);
#8023 = EDGE_LOOP('',(#8024,#8046,#8067,#8068));
#8024 = ORIENTED_EDGE('',*,*,#8025,.F.);
#8025 = EDGE_CURVE('',#8026,#7350,#8028,.T.);
#8026 = VERTEX_POINT('',#8027);
#8027 = CARTESIAN_POINT('',(-14.1,-1.4,5.6));
#8028 = SURFACE_CURVE('',#8029,(#8034,#8040),.PCURVE_S1.);
#8029 = CIRCLE('',#8030,0.5);
#8030 = AXIS2_PLACEMENT_3D('',#8031,#8032,#8033);
#8031 = CARTESIAN_POINT('',(-14.1,-1.4,6.1));
#8032 = DIRECTION('',(0.,1.,-0.));
#8033 = DIRECTION('',(-1.,0.,0.));
#8034 = PCURVE('',#7386,#8035);
#8035 = DEFINITIONAL_REPRESENTATION('',(#8036),#8039);
#8036 = B_SPLINE_CURVE_WITH_KNOTS('',1,(#8037,#8038),.UNSPECIFIED.,.F.,
  .F.,(2,2),(4.712388980385,6.28318530718),.PIECEWISE_BEZIER_KNOTS.);
#8037 = CARTESIAN_POINT('',(-1.570796326795,0.5));
#8038 = CARTESIAN_POINT('',(0.,0.5));
#8039 = ( GEOMETRIC_REPRESENTATION_CONTEXT(2) 
PARAMETRIC_REPRESENTATION_CONTEXT() REPRESENTATION_CONTEXT('2D SPACE',''
  ) );
#8040 = PCURVE('',#7474,#8041);
#8041 = DEFINITIONAL_REPRESENTATION('',(#8042),#8045);
#8042 = B_SPLINE_CURVE_WITH_KNOTS('',1,(#8043,#8044),.UNSPECIFIED.,.F.,
  .F.,(2,2),(4.712388980385,6.28318530718),.PIECEWISE_BEZIER_KNOTS.);
#8043 = CARTESIAN_POINT('',(0.,-1.570796326795));
#8044 = CARTESIAN_POINT('',(0.,0.));
#8045 = ( GEOMETRIC_REPRESENTATION_CONTEXT(2) 
PARAMETRIC_REPRESENTATION_CONTEXT() REPRESENTATION_CONTEXT('2D SPACE',''
  ) );
#8046 = ORIENTED_EDGE('',*,*,#8047,.T.);
#8047 = EDGE_CURVE('',#8026,#7855,#8048,.T.);
#8048 = SURFACE_CURVE('',#8049,(#8053,#8060),.PCURVE_S1.);
#8049 = LINE('',#8050,#8051);
#8050 = CARTESIAN_POINT('',(-14.1,-1.9,5.6));
#8051 = VECTOR('',#8052,1.);
#8052 = DIRECTION('',(-0.,1.,0.));
#8053 = PCURVE('',#7386,#8054);
#8054 = DEFINITIONAL_REPRESENTATION('',(#8055),#8059);
#8055 = LINE('',#8056,#8057);
#8056 = CARTESIAN_POINT('',(-1.570796326795,0.));
#8057 = VECTOR('',#8058,1.);
#8058 = DIRECTION('',(-0.,1.));
#8059 = ( GEOMETRIC_REPRESENTATION_CONTEXT(2) 
PARAMETRIC_REPRESENTATION_CONTEXT() REPRESENTATION_CONTEXT('2D SPACE',''
  ) );
#8060 = PCURVE('',#7781,#8061);
#8061 = DEFINITIONAL_REPRESENTATION('',(#8062),#8066);
#8062 = LINE('',#8063,#8064);
#8063 = CARTESIAN_POINT('',(0.5,0.));
#8064 = VECTOR('',#8065,1.);
#8065 = DIRECTION('',(0.,1.));
#8066 = ( GEOMETRIC_REPRESENTATION_CONTEXT(2) 
PARAMETRIC_REPRESENTATION_CONTEXT() REPRESENTATION_CONTEXT('2D SPACE',''
  ) );
#8067 = ORIENTED_EDGE('',*,*,#7952,.F.);
#8068 = ORIENTED_EDGE('',*,*,#7372,.F.);
#8069 = ADVANCED_FACE('',(#8070),#7419,.T.);
#8070 = FACE_BOUND('',#8071,.T.);
#8071 = EDGE_LOOP('',(#8072,#8073,#8095,#8116));
#8072 = ORIENTED_EDGE('',*,*,#7403,.F.);
#8073 = ORIENTED_EDGE('',*,*,#8074,.F.);
#8074 = EDGE_CURVE('',#7672,#7404,#8075,.T.);
#8075 = SURFACE_CURVE('',#8076,(#8081,#8088),.PCURVE_S1.);
#8076 = CIRCLE('',#8077,1.2);
#8077 = AXIS2_PLACEMENT_3D('',#8078,#8079,#8080);
#8078 = CARTESIAN_POINT('',(-10.4,-5.3,1.2));
#8079 = DIRECTION('',(-1.,-0.,0.));
#8080 = DIRECTION('',(0.,-0.,-1.));
#8081 = PCURVE('',#7419,#8082);
#8082 = DEFINITIONAL_REPRESENTATION('',(#8083),#8087);
#8083 = LINE('',#8084,#8085);
#8084 = CARTESIAN_POINT('',(1.570796326795,1.2));
#8085 = VECTOR('',#8086,1.);
#8086 = DIRECTION('',(-1.,-0.));
#8087 = ( GEOMETRIC_REPRESENTATION_CONTEXT(2) 
PARAMETRIC_REPRESENTATION_CONTEXT() REPRESENTATION_CONTEXT('2D SPACE',''
  ) );
#8088 = PCURVE('',#7525,#8089);
#8089 = DEFINITIONAL_REPRESENTATION('',(#8090),#8094);
#8090 = LINE('',#8091,#8092);
#8091 = CARTESIAN_POINT('',(-0.,0.));
#8092 = VECTOR('',#8093,1.);
#8093 = DIRECTION('',(-1.,0.));
#8094 = ( GEOMETRIC_REPRESENTATION_CONTEXT(2) 
PARAMETRIC_REPRESENTATION_CONTEXT() REPRESENTATION_CONTEXT('2D SPACE',''
  ) );
#8095 = ORIENTED_EDGE('',*,*,#8096,.T.);
#8096 = EDGE_CURVE('',#7672,#7977,#8097,.T.);
#8097 = SURFACE_CURVE('',#8098,(#8102,#8109),.PCURVE_S1.);
#8098 = LINE('',#8099,#8100);
#8099 = CARTESIAN_POINT('',(-11.6,-5.3,-2.22044604925E-16));
#8100 = VECTOR('',#8101,1.);
#8101 = DIRECTION('',(1.,0.,-0.));
#8102 = PCURVE('',#7419,#8103);
#8103 = DEFINITIONAL_REPRESENTATION('',(#8104),#8108);
#8104 = LINE('',#8105,#8106);
#8105 = CARTESIAN_POINT('',(1.570796326795,0.));
#8106 = VECTOR('',#8107,1.);
#8107 = DIRECTION('',(0.,1.));
#8108 = ( GEOMETRIC_REPRESENTATION_CONTEXT(2) 
PARAMETRIC_REPRESENTATION_CONTEXT() REPRESENTATION_CONTEXT('2D SPACE',''
  ) );
#8109 = PCURVE('',#7730,#8110);
#8110 = DEFINITIONAL_REPRESENTATION('',(#8111),#8115);
#8111 = LINE('',#8112,#8113);
#8112 = CARTESIAN_POINT('',(-16.,-5.3));
#8113 = VECTOR('',#8114,1.);
#8114 = DIRECTION('',(1.,0.));
#8115 = ( GEOMETRIC_REPRESENTATION_CONTEXT(2) 
PARAMETRIC_REPRESENTATION_CONTEXT() REPRESENTATION_CONTEXT('2D SPACE',''
  ) );
#8116 = ORIENTED_EDGE('',*,*,#7976,.F.);
#8117 = ADVANCED_FACE('',(#8118),#7474,.T.);
#8118 = FACE_BOUND('',#8119,.T.);
#8119 = EDGE_LOOP('',(#8120,#8121,#8141));
#8120 = ORIENTED_EDGE('',*,*,#8025,.F.);
#8121 = ORIENTED_EDGE('',*,*,#8122,.T.);
#8122 = EDGE_CURVE('',#8026,#7458,#8123,.T.);
#8123 = SURFACE_CURVE('',#8124,(#8129,#8135),.PCURVE_S1.);
#8124 = CIRCLE('',#8125,0.5);
#8125 = AXIS2_PLACEMENT_3D('',#8126,#8127,#8128);
#8126 = CARTESIAN_POINT('',(-14.1,-1.4,6.1));
#8127 = DIRECTION('',(-1.,6.123233995737E-17,0.));
#8128 = DIRECTION('',(-6.123233995737E-17,-1.,0.));
#8129 = PCURVE('',#7474,#8130);
#8130 = DEFINITIONAL_REPRESENTATION('',(#8131),#8134);
#8131 = B_SPLINE_CURVE_WITH_KNOTS('',1,(#8132,#8133),.UNSPECIFIED.,.F.,
  .F.,(2,2),(4.712388980385,6.28318530718),.PIECEWISE_BEZIER_KNOTS.);
#8132 = CARTESIAN_POINT('',(1.570796326795,-1.570796326795));
#8133 = CARTESIAN_POINT('',(1.570796326795,0.));
#8134 = ( GEOMETRIC_REPRESENTATION_CONTEXT(2) 
PARAMETRIC_REPRESENTATION_CONTEXT() REPRESENTATION_CONTEXT('2D SPACE',''
  ) );
#8135 = PCURVE('',#7580,#8136);
#8136 = DEFINITIONAL_REPRESENTATION('',(#8137),#8140);
#8137 = B_SPLINE_CURVE_WITH_KNOTS('',1,(#8138,#8139),.UNSPECIFIED.,.F.,
  .F.,(2,2),(4.712388980385,6.28318530718),.PIECEWISE_BEZIER_KNOTS.);
#8138 = CARTESIAN_POINT('',(1.570796326795,0.5));
#8139 = CARTESIAN_POINT('',(0.,0.5));
#8140 = ( GEOMETRIC_REPRESENTATION_CONTEXT(2) 
PARAMETRIC_REPRESENTATION_CONTEXT() REPRESENTATION_CONTEXT('2D SPACE',''
  ) );
#8141 = ORIENTED_EDGE('',*,*,#7457,.F.);
#8142 = ADVANCED_FACE('',(#8143),#7525,.T.);
#8143 = FACE_BOUND('',#8144,.F.);
#8144 = EDGE_LOOP('',(#8145,#8146,#8147));
#8145 = ORIENTED_EDGE('',*,*,#7671,.F.);
#8146 = ORIENTED_EDGE('',*,*,#7511,.T.);
#8147 = ORIENTED_EDGE('',*,*,#8074,.F.);
#8148 = ADVANCED_FACE('',(#8149),#7580,.T.);
#8149 = FACE_BOUND('',#8150,.T.);
#8150 = EDGE_LOOP('',(#8151,#8152,#8173,#8174));
#8151 = ORIENTED_EDGE('',*,*,#8122,.F.);
#8152 = ORIENTED_EDGE('',*,*,#8153,.T.);
#8153 = EDGE_CURVE('',#8026,#7625,#8154,.T.);
#8154 = SURFACE_CURVE('',#8155,(#8159,#8166),.PCURVE_S1.);
#8155 = LINE('',#8156,#8157);
#8156 = CARTESIAN_POINT('',(-14.6,-1.4,5.6));
#8157 = VECTOR('',#8158,1.);
#8158 = DIRECTION('',(1.,0.,-0.));
#8159 = PCURVE('',#7580,#8160);
#8160 = DEFINITIONAL_REPRESENTATION('',(#8161),#8165);
#8161 = LINE('',#8162,#8163);
#8162 = CARTESIAN_POINT('',(1.570796326795,0.));
#8163 = VECTOR('',#8164,1.);
#8164 = DIRECTION('',(0.,1.));
#8165 = ( GEOMETRIC_REPRESENTATION_CONTEXT(2) 
PARAMETRIC_REPRESENTATION_CONTEXT() REPRESENTATION_CONTEXT('2D SPACE',''
  ) );
#8166 = PCURVE('',#7781,#8167);
#8167 = DEFINITIONAL_REPRESENTATION('',(#8168),#8172);
#8168 = LINE('',#8169,#8170);
#8169 = CARTESIAN_POINT('',(0.,0.5));
#8170 = VECTOR('',#8171,1.);
#8171 = DIRECTION('',(1.,0.));
#8172 = ( GEOMETRIC_REPRESENTATION_CONTEXT(2) 
PARAMETRIC_REPRESENTATION_CONTEXT() REPRESENTATION_CONTEXT('2D SPACE',''
  ) );
#8173 = ORIENTED_EDGE('',*,*,#7646,.F.);
#8174 = ORIENTED_EDGE('',*,*,#7566,.F.);
#8175 = ADVANCED_FACE('',(#8176),#7730,.F.);
#8176 = FACE_BOUND('',#8177,.F.);
#8177 = EDGE_LOOP('',(#8178,#8179,#8180,#8181));
#8178 = ORIENTED_EDGE('',*,*,#8096,.T.);
#8179 = ORIENTED_EDGE('',*,*,#8000,.T.);
#8180 = ORIENTED_EDGE('',*,*,#7925,.T.);
#8181 = ORIENTED_EDGE('',*,*,#7716,.F.);
#8182 = ADVANCED_FACE('',(#8183),#7781,.F.);
#8183 = FACE_BOUND('',#8184,.F.);
#8184 = EDGE_LOOP('',(#8185,#8186,#8187,#8188));
#8185 = ORIENTED_EDGE('',*,*,#7767,.F.);
#8186 = ORIENTED_EDGE('',*,*,#7878,.F.);
#8187 = ORIENTED_EDGE('',*,*,#8047,.F.);
#8188 = ORIENTED_EDGE('',*,*,#8153,.T.);
#8189 = ( GEOMETRIC_REPRESENTATION_CONTEXT(3) 
GLOBAL_UNCERTAINTY_ASSIGNED_CONTEXT((#8193)) 
GLOBAL_UNIT_ASSIGNED_CONTEXT((#8190,#8191,#8192)) REPRESENTATION_CONTEXT
('Context #1','3D Context with UNIT and UNCERTAINTY') );
#8190 = ( LENGTH_UNIT() NAMED_UNIT(*) SI_UNIT(.MILLI.,.METRE.) );
#8191 = ( NAMED_UNIT(*) PLANE_ANGLE_UNIT() SI_UNIT($,.RADIAN.) );
#8192 = ( NAMED_UNIT(*) SI_UNIT($,.STERADIAN.) SOLID_ANGLE_UNIT() );
#8193 = UNCERTAINTY_MEASURE_WITH_UNIT(LENGTH_MEASURE(1.E-07),#8190,
  'distance_accuracy_value','confusion accuracy');
#8194 = CONTEXT_DEPENDENT_SHAPE_REPRESENTATION(#8195,#8197);
#8195 = ( REPRESENTATION_RELATIONSHIP('','',#6405,#10) 
REPRESENTATION_RELATIONSHIP_WITH_TRANSFORMATION(#8196) 
SHAPE_REPRESENTATION_RELATIONSHIP() );
#8196 = ITEM_DEFINED_TRANSFORMATION('','',#11,#19);
#8197 = PRODUCT_DEFINITION_SHAPE('Placement','Placement of an item',
  #8198);
#8198 = NEXT_ASSEMBLY_USAGE_OCCURRENCE('2','body','',#5,#6400,$);
#8199 = PRODUCT_RELATED_PRODUCT_CATEGORY('part',$,(#6402));
#8200 = SHAPE_DEFINITION_REPRESENTATION(#8201,#8207);
#8201 = PRODUCT_DEFINITION_SHAPE('','',#8202);
#8202 = PRODUCT_DEFINITION('design','',#8203,#8206);
#8203 = PRODUCT_DEFINITION_FORMATION('','',#8204);
#8204 = PRODUCT('plate','plate','',(#8205));
#8205 = PRODUCT_CONTEXT('',#2,'mechanical');
#8206 = PRODUCT_DEFINITION_CONTEXT('part definition',#2,'design');
#8207 = ADVANCED_BREP_SHAPE_REPRESENTATION('',(#11,#8208),#8542);
#8208 = MANIFOLD_SOLID_BREP('',#8209);
#8209 = CLOSED_SHELL('',(#8210,#8330,#8411,#8481,#8508,#8535));
#8210 = ADVANCED_FACE('',(#8211),#8225,.F.);
#8211 = FACE_BOUND('',#8212,.F.);
#8212 = EDGE_LOOP('',(#8213,#8248,#8276,#8304));
#8213 = ORIENTED_EDGE('',*,*,#8214,.F.);
#8214 = EDGE_CURVE('',#8215,#8217,#8219,.T.);
#8215 = VERTEX_POINT('',#8216);
#8216 = CARTESIAN_POINT('',(-14.6,-6.5,12.6));
#8217 = VERTEX_POINT('',#8218);
#8218 = CARTESIAN_POINT('',(-14.6,-6.5,13.6));
#8219 = SURFACE_CURVE('',#8220,(#8224,#8236),.PCURVE_S1.);
#8220 = LINE('',#8221,#8222);
#8221 = CARTESIAN_POINT('',(-14.6,-6.5,12.6));
#8222 = VECTOR('',#8223,1.);
#8223 = DIRECTION('',(0.,0.,1.));
#8224 = PCURVE('',#8225,#8230);
#8225 = PLANE('',#8226);
#8226 = AXIS2_PLACEMENT_3D('',#8227,#8228,#8229);
#8227 = CARTESIAN_POINT('',(-14.6,-6.5,12.6));
#8228 = DIRECTION('',(1.,0.,-0.));
#8229 = DIRECTION('',(0.,0.,1.));
#8230 = DEFINITIONAL_REPRESENTATION('',(#8231),#8235);
#8231 = LINE('',#8232,#8233);
#8232 = CARTESIAN_POINT('',(0.,0.));
#8233 = VECTOR('',#8234,1.);
#8234 = DIRECTION('',(1.,0.));
#8235 = ( GEOMETRIC_REPRESENTATION_CONTEXT(2) 
PARAMETRIC_REPRESENTATION_CONTEXT() REPRESENTATION_CONTEXT('2D SPACE',''
  ) );
#8236 = PCURVE('',#8237,#8242);
#8237 = PLANE('',#8238);
#8238 = AXIS2_PLACEMENT_3D('',#8239,#8240,#8241);
#8239 = CARTESIAN_POINT('',(-14.6,-6.5,12.6));
#8240 = DIRECTION('',(-0.,1.,0.));
#8241 = DIRECTION('',(0.,0.,1.));
#8242 = DEFINITIONAL_REPRESENTATION('',(#8243),#8247);
#8243 = LINE('',#8244,#8245);
#8244 = CARTESIAN_POINT('',(0.,0.));
#8245 = VECTOR('',#8246,1.);
#8246 = DIRECTION('',(1.,0.));
#8247 = ( GEOMETRIC_REPRESENTATION_CONTEXT(2) 
PARAMETRIC_REPRESENTATION_CONTEXT() REPRESENTATION_CONTEXT('2D SPACE',''
  ) );
#8248 = ORIENTED_EDGE('',*,*,#8249,.T.);
#8249 = EDGE_CURVE('',#8215,#8250,#8252,.T.);
#8250 = VERTEX_POINT('',#8251);
#8251 = CARTESIAN_POINT('',(-14.6,6.5,12.6));
#8252 = SURFACE_CURVE('',#8253,(#8257,#8264),.PCURVE_S1.);
#8253 = LINE('',#8254,#8255);
#8254 = CARTESIAN_POINT('',(-14.6,-6.5,12.6));
#8255 = VECTOR('',#8256,1.);
#8256 = DIRECTION('',(-0.,1.,0.));
#8257 = PCURVE('',#8225,#8258);
#8258 = DEFINITIONAL_REPRESENTATION('',(#8259),#8263);
#8259 = LINE('',#8260,#8261);
#8260 = CARTESIAN_POINT('',(0.,0.));
#8261 = VECTOR('',#8262,1.);
#8262 = DIRECTION('',(0.,-1.));
#8263 = ( GEOMETRIC_REPRESENTATION_CONTEXT(2) 
PARAMETRIC_REPRESENTATION_CONTEXT() REPRESENTATION_CONTEXT('2D SPACE',''
  ) );
#8264 = PCURVE('',#8265,#8270);
#8265 = PLANE('',#8266);
#8266 = AXIS2_PLACEMENT_3D('',#8267,#8268,#8269);
#8267 = CARTESIAN_POINT('',(-14.6,-6.5,12.6));
#8268 = DIRECTION('',(0.,0.,1.));
#8269 = DIRECTION('',(1.,0.,-0.));
#8270 = DEFINITIONAL_REPRESENTATION('',(#8271),#8275);
#8271 = LINE('',#8272,#8273);
#8272 = CARTESIAN_POINT('',(0.,0.));
#8273 = VECTOR('',#8274,1.);
#8274 = DIRECTION('',(0.,1.));
#8275 = ( GEOMETRIC_REPRESENTATION_CONTEXT(2) 
PARAMETRIC_REPRESENTATION_CONTEXT() REPRESENTATION_CONTEXT('2D SPACE',''
  ) );
#8276 = ORIENTED_EDGE('',*,*,#8277,.T.);
#8277 = EDGE_CURVE('',#8250,#8278,#8280,.T.);
#8278 = VERTEX_POINT('',#8279);
#8279 = CARTESIAN_POINT('',(-14.6,6.5,13.6));
#8280 = SURFACE_CURVE('',#8281,(#8285,#8292),.PCURVE_S1.);
#8281 = LINE('',#8282,#8283);
#8282 = CARTESIAN_POINT('',(-14.6,6.5,12.6));
#8283 = VECTOR('',#8284,1.);
#8284 = DIRECTION('',(0.,0.,1.));
#8285 = PCURVE('',#8225,#8286);
#8286 = DEFINITIONAL_REPRESENTATION('',(#8287),#8291);
#8287 = LINE('',#8288,#8289);
#8288 = CARTESIAN_POINT('',(0.,-13.));
#8289 = VECTOR('',#8290,1.);
#8290 = DIRECTION('',(1.,0.));
#8291 = ( GEOMETRIC_REPRESENTATION_CONTEXT(2) 
PARAMETRIC_REPRESENTATION_CONTEXT() REPRESENTATION_CONTEXT('2D SPACE',''
  ) );
#8292 = PCURVE('',#8293,#8298);
#8293 = PLANE('',#8294);
#8294 = AXIS2_PLACEMENT_3D('',#8295,#8296,#8297);
#8295 = CARTESIAN_POINT('',(-14.6,6.5,12.6));
#8296 = DIRECTION('',(-0.,1.,0.));
#8297 = DIRECTION('',(0.,0.,1.));
#8298 = DEFINITIONAL_REPRESENTATION('',(#8299),#8303);
#8299 = LINE('',#8300,#8301);
#8300 = CARTESIAN_POINT('',(0.,0.));
#8301 = VECTOR('',#8302,1.);
#8302 = DIRECTION('',(1.,0.));
#8303 = ( GEOMETRIC_REPRESENTATION_CONTEXT(2) 
PARAMETRIC_REPRESENTATION_CONTEXT() REPRESENTATION_CONTEXT('2D SPACE',''
  ) );
#8304 = ORIENTED_EDGE('',*,*,#8305,.F.);
#8305 = EDGE_CURVE('',#8217,#8278,#8306,.T.);
#8306 = SURFACE_CURVE('',#8307,(#8311,#8318),.PCURVE_S1.);
#8307 = LINE('',#8308,#8309);
#8308 = CARTESIAN_POINT('',(-14.6,-6.5,13.6));
#8309 = VECTOR('',#8310,1.);
#8310 = DIRECTION('',(-0.,1.,0.));
#8311 = PCURVE('',#8225,#8312);
#8312 = DEFINITIONAL_REPRESENTATION('',(#8313),#8317);
#8313 = LINE('',#8314,#8315);
#8314 = CARTESIAN_POINT('',(1.,0.));
#8315 = VECTOR('',#8316,1.);
#8316 = DIRECTION('',(0.,-1.));
#8317 = ( GEOMETRIC_REPRESENTATION_CONTEXT(2) 
PARAMETRIC_REPRESENTATION_CONTEXT() REPRESENTATION_CONTEXT('2D SPACE',''
  ) );
#8318 = PCURVE('',#8319,#8324);
#8319 = PLANE('',#8320);
#8320 = AXIS2_PLACEMENT_3D('',#8321,#8322,#8323);
#8321 = CARTESIAN_POINT('',(-14.6,-6.5,13.6));
#8322 = DIRECTION('',(0.,0.,1.));
#8323 = DIRECTION('',(1.,0.,-0.));
#8324 = DEFINITIONAL_REPRESENTATION('',(#8325),#8329);
#8325 = LINE('',#8326,#8327);
#8326 = CARTESIAN_POINT('',(0.,0.));
#8327 = VECTOR('',#8328,1.);
#8328 = DIRECTION('',(0.,1.));
#8329 = ( GEOMETRIC_REPRESENTATION_CONTEXT(2) 
PARAMETRIC_REPRESENTATION_CONTEXT() REPRESENTATION_CONTEXT('2D SPACE',''
  ) );
#8330 = ADVANCED_FACE('',(#8331),#8265,.F.);
#8331 = FACE_BOUND('',#8332,.F.);
#8332 = EDGE_LOOP('',(#8333,#8356,#8357,#8380));
#8333 = ORIENTED_EDGE('',*,*,#8334,.F.);
#8334 = EDGE_CURVE('',#8250,#8335,#8337,.T.);
#8335 = VERTEX_POINT('',#8336);
#8336 = CARTESIAN_POINT('',(4.4,6.5,12.6));
#8337 = SURFACE_CURVE('',#8338,(#8342,#8349),.PCURVE_S1.);
#8338 = LINE('',#8339,#8340);
#8339 = CARTESIAN_POINT('',(-14.6,6.5,12.6));
#8340 = VECTOR('',#8341,1.);
#8341 = DIRECTION('',(1.,0.,-0.));
#8342 = PCURVE('',#8265,#8343);
#8343 = DEFINITIONAL_REPRESENTATION('',(#8344),#8348);
#8344 = LINE('',#8345,#8346);
#8345 = CARTESIAN_POINT('',(0.,13.));
#8346 = VECTOR('',#8347,1.);
#8347 = DIRECTION('',(1.,0.));
#8348 = ( GEOMETRIC_REPRESENTATION_CONTEXT(2) 
PARAMETRIC_REPRESENTATION_CONTEXT() REPRESENTATION_CONTEXT('2D SPACE',''
  ) );
#8349 = PCURVE('',#8293,#8350);
#8350 = DEFINITIONAL_REPRESENTATION('',(#8351),#8355);
#8351 = LINE('',#8352,#8353);
#8352 = CARTESIAN_POINT('',(0.,0.));
#8353 = VECTOR('',#8354,1.);
#8354 = DIRECTION('',(0.,1.));
#8355 = ( GEOMETRIC_REPRESENTATION_CONTEXT(2) 
PARAMETRIC_REPRESENTATION_CONTEXT() REPRESENTATION_CONTEXT('2D SPACE',''
  ) );
#8356 = ORIENTED_EDGE('',*,*,#8249,.F.);
#8357 = ORIENTED_EDGE('',*,*,#8358,.T.);
#8358 = EDGE_CURVE('',#8215,#8359,#8361,.T.);
#8359 = VERTEX_POINT('',#8360);
#8360 = CARTESIAN_POINT('',(4.4,-6.5,12.6));
#8361 = SURFACE_CURVE('',#8362,(#8366,#8373),.PCURVE_S1.);
#8362 = LINE('',#8363,#8364);
#8363 = CARTESIAN_POINT('',(-14.6,-6.5,12.6));
#8364 = VECTOR('',#8365,1.);
#8365 = DIRECTION('',(1.,0.,-0.));
#8366 = PCURVE('',#8265,#8367);
#8367 = DEFINITIONAL_REPRESENTATION('',(#8368),#8372);
#8368 = LINE('',#8369,#8370);
#8369 = CARTESIAN_POINT('',(0.,0.));
#8370 = VECTOR('',#8371,1.);
#8371 = DIRECTION('',(1.,0.));
#8372 = ( GEOMETRIC_REPRESENTATION_CONTEXT(2) 
PARAMETRIC_REPRESENTATION_CONTEXT() REPRESENTATION_CONTEXT('2D SPACE',''
  ) );
#8373 = PCURVE('',#8237,#8374);
#8374 = DEFINITIONAL_REPRESENTATION('',(#8375),#8379);
#8375 = LINE('',#8376,#8377);
#8376 = CARTESIAN_POINT('',(0.,0.));
#8377 = VECTOR('',#8378,1.);
#8378 = DIRECTION('',(0.,1.));
#8379 = ( GEOMETRIC_REPRESENTATION_CONTEXT(2) 
PARAMETRIC_REPRESENTATION_CONTEXT() REPRESENTATION_CONTEXT('2D SPACE',''
  ) );
#8380 = ORIENTED_EDGE('',*,*,#8381,.F.);
#8381 = EDGE_CURVE('',#8335,#8359,#8382,.T.);
#8382 = SURFACE_CURVE('',#8383,(#8388,#8399),.PCURVE_S1.);
#8383 = CIRCLE('',#8384,6.5);
#8384 = AXIS2_PLACEMENT_3D('',#8385,#8386,#8387);
#8385 = CARTESIAN_POINT('',(4.4,0.,12.6));
#8386 = DIRECTION('',(0.,0.,-1.));
#8387 = DIRECTION('',(0.,1.,0.));
#8388 = PCURVE('',#8265,#8389);
#8389 = DEFINITIONAL_REPRESENTATION('',(#8390),#8398);
#8390 = ( BOUNDED_CURVE() B_SPLINE_CURVE(2,(#8391,#8392,#8393,#8394,
#8395,#8396,#8397),.UNSPECIFIED.,.T.,.F.) B_SPLINE_CURVE_WITH_KNOTS((1,2
    ,2,2,2,1),(-2.094395102393,0.,2.094395102393,4.188790204786,
6.28318530718,8.377580409573),.UNSPECIFIED.) CURVE() 
GEOMETRIC_REPRESENTATION_ITEM() RATIONAL_B_SPLINE_CURVE((1.,0.5,1.,0.5,
1.,0.5,1.)) REPRESENTATION_ITEM('') );
#8391 = CARTESIAN_POINT('',(19.,13.));
#8392 = CARTESIAN_POINT('',(30.258330249198,13.));
#8393 = CARTESIAN_POINT('',(24.629165124599,3.25));
#8394 = CARTESIAN_POINT('',(19.,-6.5));
#8395 = CARTESIAN_POINT('',(13.370834875401,3.25));
#8396 = CARTESIAN_POINT('',(7.741669750802,13.));
#8397 = CARTESIAN_POINT('',(19.,13.));
#8398 = ( GEOMETRIC_REPRESENTATION_CONTEXT(2) 
PARAMETRIC_REPRESENTATION_CONTEXT() REPRESENTATION_CONTEXT('2D SPACE',''
  ) );
#8399 = PCURVE('',#8400,#8405);
#8400 = CYLINDRICAL_SURFACE('',#8401,6.5);
#8401 = AXIS2_PLACEMENT_3D('',#8402,#8403,#8404);
#8402 = CARTESIAN_POINT('',(4.4,0.,12.6));
#8403 = DIRECTION('',(0.,0.,1.));
#8404 = DIRECTION('',(1.,0.,-0.));
#8405 = DEFINITIONAL_REPRESENTATION('',(#8406),#8410);
#8406 = LINE('',#8407,#8408);
#8407 = CARTESIAN_POINT('',(7.853981633974,0.));
#8408 = VECTOR('',#8409,1.);
#8409 = DIRECTION('',(-1.,-0.));
#8410 = ( GEOMETRIC_REPRESENTATION_CONTEXT(2) 
PARAMETRIC_REPRESENTATION_CONTEXT() REPRESENTATION_CONTEXT('2D SPACE',''
  ) );
#8411 = ADVANCED_FACE('',(#8412),#8400,.T.);
#8412 = FACE_BOUND('',#8413,.T.);
#8413 = EDGE_LOOP('',(#8414,#8415,#8437,#8461));
#8414 = ORIENTED_EDGE('',*,*,#8381,.F.);
#8415 = ORIENTED_EDGE('',*,*,#8416,.T.);
#8416 = EDGE_CURVE('',#8335,#8417,#8419,.T.);
#8417 = VERTEX_POINT('',#8418);
#8418 = CARTESIAN_POINT('',(4.4,6.5,13.6));
#8419 = SURFACE_CURVE('',#8420,(#8424,#8430),.PCURVE_S1.);
#8420 = LINE('',#8421,#8422);
#8421 = CARTESIAN_POINT('',(4.4,6.5,12.6));
#8422 = VECTOR('',#8423,1.);
#8423 = DIRECTION('',(0.,0.,1.));
#8424 = PCURVE('',#8400,#8425);
#8425 = DEFINITIONAL_REPRESENTATION('',(#8426),#8429);
#8426 = B_SPLINE_CURVE_WITH_KNOTS('',1,(#8427,#8428),.UNSPECIFIED.,.F.,
  .F.,(2,2),(0.,1.),.PIECEWISE_BEZIER_KNOTS.);
#8427 = CARTESIAN_POINT('',(7.853981633974,0.));
#8428 = CARTESIAN_POINT('',(7.853981633974,1.));
#8429 = ( GEOMETRIC_REPRESENTATION_CONTEXT(2) 
PARAMETRIC_REPRESENTATION_CONTEXT() REPRESENTATION_CONTEXT('2D SPACE',''
  ) );
#8430 = PCURVE('',#8293,#8431);
#8431 = DEFINITIONAL_REPRESENTATION('',(#8432),#8436);
#8432 = LINE('',#8433,#8434);
#8433 = CARTESIAN_POINT('',(0.,19.));
#8434 = VECTOR('',#8435,1.);
#8435 = DIRECTION('',(1.,0.));
#8436 = ( GEOMETRIC_REPRESENTATION_CONTEXT(2) 
PARAMETRIC_REPRESENTATION_CONTEXT() REPRESENTATION_CONTEXT('2D SPACE',''
  ) );
#8437 = ORIENTED_EDGE('',*,*,#8438,.F.);
#8438 = EDGE_CURVE('',#8439,#8417,#8441,.T.);
#8439 = VERTEX_POINT('',#8440);
#8440 = CARTESIAN_POINT('',(4.4,-6.5,13.6));
#8441 = SURFACE_CURVE('',#8442,(#8447,#8454),.PCURVE_S1.);
#8442 = CIRCLE('',#8443,6.5);
#8443 = AXIS2_PLACEMENT_3D('',#8444,#8445,#8446);
#8444 = CARTESIAN_POINT('',(4.4,0.,13.6));
#8445 = DIRECTION('',(0.,0.,1.));
#8446 = DIRECTION('',(0.,-1.,0.));
#8447 = PCURVE('',#8400,#8448);
#8448 = DEFINITIONAL_REPRESENTATION('',(#8449),#8453);
#8449 = LINE('',#8450,#8451);
#8450 = CARTESIAN_POINT('',(4.712388980385,1.));
#8451 = VECTOR('',#8452,1.);
#8452 = DIRECTION('',(1.,0.));
#8453 = ( GEOMETRIC_REPRESENTATION_CONTEXT(2) 
PARAMETRIC_REPRESENTATION_CONTEXT() REPRESENTATION_CONTEXT('2D SPACE',''
  ) );
#8454 = PCURVE('',#8319,#8455);
#8455 = DEFINITIONAL_REPRESENTATION('',(#8456),#8460);
#8456 = CIRCLE('',#8457,6.5);
#8457 = AXIS2_PLACEMENT_2D('',#8458,#8459);
#8458 = CARTESIAN_POINT('',(19.,6.5));
#8459 = DIRECTION('',(0.,-1.));
#8460 = ( GEOMETRIC_REPRESENTATION_CONTEXT(2) 
PARAMETRIC_REPRESENTATION_CONTEXT() REPRESENTATION_CONTEXT('2D SPACE',''
  ) );
#8461 = ORIENTED_EDGE('',*,*,#8462,.F.);
#8462 = EDGE_CURVE('',#8359,#8439,#8463,.T.);
#8463 = SURFACE_CURVE('',#8464,(#8468,#8474),.PCURVE_S1.);
#8464 = LINE('',#8465,#8466);
#8465 = CARTESIAN_POINT('',(4.4,-6.5,12.6));
#8466 = VECTOR('',#8467,1.);
#8467 = DIRECTION('',(0.,0.,1.));
#8468 = PCURVE('',#8400,#8469);
#8469 = DEFINITIONAL_REPRESENTATION('',(#8470),#8473);
#8470 = B_SPLINE_CURVE_WITH_KNOTS('',1,(#8471,#8472),.UNSPECIFIED.,.F.,
  .F.,(2,2),(0.,1.),.PIECEWISE_BEZIER_KNOTS.);
#8471 = CARTESIAN_POINT('',(4.712388980385,0.));
#8472 = CARTESIAN_POINT('',(4.712388980385,1.));
#8473 = ( GEOMETRIC_REPRESENTATION_CONTEXT(2) 
PARAMETRIC_REPRESENTATION_CONTEXT() REPRESENTATION_CONTEXT('2D SPACE',''
  ) );
#8474 = PCURVE('',#8237,#8475);
#8475 = DEFINITIONAL_REPRESENTATION('',(#8476),#8480);
#8476 = LINE('',#8477,#8478);
#8477 = CARTESIAN_POINT('',(0.,19.));
#8478 = VECTOR('',#8479,1.);
#8479 = DIRECTION('',(1.,0.));
#8480 = ( GEOMETRIC_REPRESENTATION_CONTEXT(2) 
PARAMETRIC_REPRESENTATION_CONTEXT() REPRESENTATION_CONTEXT('2D SPACE',''
  ) );
#8481 = ADVANCED_FACE('',(#8482),#8293,.T.);
#8482 = FACE_BOUND('',#8483,.T.);
#8483 = EDGE_LOOP('',(#8484,#8485,#8486,#8507));
#8484 = ORIENTED_EDGE('',*,*,#8334,.F.);
#8485 = ORIENTED_EDGE('',*,*,#8277,.T.);
#8486 = ORIENTED_EDGE('',*,*,#8487,.T.);
#8487 = EDGE_CURVE('',#8278,#8417,#8488,.T.);
#8488 = SURFACE_CURVE('',#8489,(#8493,#8500),.PCURVE_S1.);
#8489 = LINE('',#8490,#8491);
#8490 = CARTESIAN_POINT('',(-14.6,6.5,13.6));
#8491 = VECTOR('',#8492,1.);
#8492 = DIRECTION('',(1.,0.,-0.));
#8493 = PCURVE('',#8293,#8494);
#8494 = DEFINITIONAL_REPRESENTATION('',(#8495),#8499);
#8495 = LINE('',#8496,#8497);
#8496 = CARTESIAN_POINT('',(1.,0.));
#8497 = VECTOR('',#8498,1.);
#8498 = DIRECTION('',(0.,1.));
#8499 = ( GEOMETRIC_REPRESENTATION_CONTEXT(2) 
PARAMETRIC_REPRESENTATION_CONTEXT() REPRESENTATION_CONTEXT('2D SPACE',''
  ) );
#8500 = PCURVE('',#8319,#8501);
#8501 = DEFINITIONAL_REPRESENTATION('',(#8502),#8506);
#8502 = LINE('',#8503,#8504);
#8503 = CARTESIAN_POINT('',(0.,13.));
#8504 = VECTOR('',#8505,1.);
#8505 = DIRECTION('',(1.,0.));
#8506 = ( GEOMETRIC_REPRESENTATION_CONTEXT(2) 
PARAMETRIC_REPRESENTATION_CONTEXT() REPRESENTATION_CONTEXT('2D SPACE',''
  ) );
#8507 = ORIENTED_EDGE('',*,*,#8416,.F.);
#8508 = ADVANCED_FACE('',(#8509),#8319,.T.);
#8509 = FACE_BOUND('',#8510,.T.);
#8510 = EDGE_LOOP('',(#8511,#8512,#8513,#8534));
#8511 = ORIENTED_EDGE('',*,*,#8487,.F.);
#8512 = ORIENTED_EDGE('',*,*,#8305,.F.);
#8513 = ORIENTED_EDGE('',*,*,#8514,.T.);
#8514 = EDGE_CURVE('',#8217,#8439,#8515,.T.);
#8515 = SURFACE_CURVE('',#8516,(#8520,#8527),.PCURVE_S1.);
#8516 = LINE('',#8517,#8518);
#8517 = CARTESIAN_POINT('',(-14.6,-6.5,13.6));
#8518 = VECTOR('',#8519,1.);
#8519 = DIRECTION('',(1.,0.,-0.));
#8520 = PCURVE('',#8319,#8521);
#8521 = DEFINITIONAL_REPRESENTATION('',(#8522),#8526);
#8522 = LINE('',#8523,#8524);
#8523 = CARTESIAN_POINT('',(0.,0.));
#8524 = VECTOR('',#8525,1.);
#8525 = DIRECTION('',(1.,0.));
#8526 = ( GEOMETRIC_REPRESENTATION_CONTEXT(2) 
PARAMETRIC_REPRESENTATION_CONTEXT() REPRESENTATION_CONTEXT('2D SPACE',''
  ) );
#8527 = PCURVE('',#8237,#8528);
#8528 = DEFINITIONAL_REPRESENTATION('',(#8529),#8533);
#8529 = LINE('',#8530,#8531);
#8530 = CARTESIAN_POINT('',(1.,0.));
#8531 = VECTOR('',#8532,1.);
#8532 = DIRECTION('',(0.,1.));
#8533 = ( GEOMETRIC_REPRESENTATION_CONTEXT(2) 
PARAMETRIC_REPRESENTATION_CONTEXT() REPRESENTATION_CONTEXT('2D SPACE',''
  ) );
#8534 = ORIENTED_EDGE('',*,*,#8438,.T.);
#8535 = ADVANCED_FACE('',(#8536),#8237,.F.);
#8536 = FACE_BOUND('',#8537,.F.);
#8537 = EDGE_LOOP('',(#8538,#8539,#8540,#8541));
#8538 = ORIENTED_EDGE('',*,*,#8358,.F.);
#8539 = ORIENTED_EDGE('',*,*,#8214,.T.);
#8540 = ORIENTED_EDGE('',*,*,#8514,.T.);
#8541 = ORIENTED_EDGE('',*,*,#8462,.F.);
#8542 = ( GEOMETRIC_REPRESENTATION_CONTEXT(3) 
GLOBAL_UNCERTAINTY_ASSIGNED_CONTEXT((#8546)) 
GLOBAL_UNIT_ASSIGNED_CONTEXT((#8543,#8544,#8545)) REPRESENTATION_CONTEXT
('Context #1','3D Context with UNIT and UNCERTAINTY') );
#8543 = ( LENGTH_UNIT() NAMED_UNIT(*) SI_UNIT(.MILLI.,.METRE.) );
#8544 = ( NAMED_UNIT(*) PLANE_ANGLE_UNIT() SI_UNIT($,.RADIAN.) );
#8545 = ( NAMED_UNIT(*) SI_UNIT($,.STERADIAN.) SOLID_ANGLE_UNIT() );
#8546 = UNCERTAINTY_MEASURE_WITH_UNIT(LENGTH_MEASURE(1.E-07),#8543,
  'distance_accuracy_value','confusion accuracy');
#8547 = CONTEXT_DEPENDENT_SHAPE_REPRESENTATION(#8548,#8550);
#8548 = ( REPRESENTATION_RELATIONSHIP('','',#8207,#10) 
REPRESENTATION_RELATIONSHIP_WITH_TRANSFORMATION(#8549) 
SHAPE_REPRESENTATION_RELATIONSHIP() );
#8549 = ITEM_DEFINED_TRANSFORMATION('','',#11,#23);
#8550 = PRODUCT_DEFINITION_SHAPE('Placement','Placement of an item',
  #8551);
#8551 = NEXT_ASSEMBLY_USAGE_OCCURRENCE('3','plate','',#5,#8202,$);
#8552 = PRODUCT_RELATED_PRODUCT_CATEGORY('part',$,(#8204));
#8553 = SHAPE_DEFINITION_REPRESENTATION(#6395,#8554);
#8554 = SHAPE_REPRESENTATION('',(#15),#6387);
#8555 = SHAPE_DEFINITION_REPRESENTATION(#8197,#8556);
#8556 = SHAPE_REPRESENTATION('',(#19),#8189);
#8557 = SHAPE_DEFINITION_REPRESENTATION(#8550,#8558);
#8558 = SHAPE_REPRESENTATION('',(#23),#8542);
#8559 = SHAPE_DEFINITION_REPRESENTATION(#6395,#8560);
#8560 = SHAPE_REPRESENTATION('',(#15),#6387);
#8561 = SHAPE_DEFINITION_REPRESENTATION(#8197,#8562);
#8562 = SHAPE_REPRESENTATION('',(#19),#8189);
#8563 = SHAPE_DEFINITION_REPRESENTATION(#8550,#8564);
#8564 = SHAPE_REPRESENTATION('',(#23),#8542);
#8565 = MECHANICAL_DESIGN_GEOMETRIC_PRESENTATION_REPRESENTATION('',(
    #8566,#8576),#8189);
#8566 = STYLED_ITEM('color',(#8567),#6406);
#8567 = PRESENTATION_STYLE_ASSIGNMENT((#8568,#8574));
#8568 = SURFACE_STYLE_USAGE(.BOTH.,#8569);
#8569 = SURFACE_SIDE_STYLE('',(#8570));
#8570 = SURFACE_STYLE_FILL_AREA(#8571);
#8571 = FILL_AREA_STYLE('',(#8572));
#8572 = FILL_AREA_STYLE_COLOUR('',#8573);
#8573 = COLOUR_RGB('',0.250000000672,0.250000000672,0.250000000672);
#8574 = CURVE_STYLE('',#8575,POSITIVE_LENGTH_MEASURE(0.1),#8573);
#8575 = DRAUGHTING_PRE_DEFINED_CURVE_FONT('continuous');
#8576 = OVER_RIDING_STYLED_ITEM('overriding color',(#8577),#6406,#8566);
#8577 = PRESENTATION_STYLE_BY_CONTEXT((#8578,#8584),#8562);
#8578 = SURFACE_STYLE_USAGE(.BOTH.,#8579);
#8579 = SURFACE_SIDE_STYLE('',(#8580));
#8580 = SURFACE_STYLE_FILL_AREA(#8581);
#8581 = FILL_AREA_STYLE('',(#8582));
#8582 = FILL_AREA_STYLE_COLOUR('',#8583);
#8583 = COLOUR_RGB('',0.250000000672,0.250000000672,0.250000000672);
#8584 = CURVE_STYLE('',#8585,POSITIVE_LENGTH_MEASURE(0.1),#8583);
#8585 = DRAUGHTING_PRE_DEFINED_CURVE_FONT('continuous');
#8586 = MECHANICAL_DESIGN_GEOMETRIC_PRESENTATION_REPRESENTATION('',(
    #8587,#8597,#8606,#8615),#6387);
#8587 = STYLED_ITEM('color',(#8588),#41);
#8588 = PRESENTATION_STYLE_ASSIGNMENT((#8589,#8595));
#8589 = SURFACE_STYLE_USAGE(.BOTH.,#8590);
#8590 = SURFACE_SIDE_STYLE('',(#8591));
#8591 = SURFACE_STYLE_FILL_AREA(#8592);
#8592 = FILL_AREA_STYLE('',(#8593));
#8593 = FILL_AREA_STYLE_COLOUR('',#8594);
#8594 = COLOUR_RGB('',0.752941164258,0.752941164258,0.752941164258);
#8595 = CURVE_STYLE('',#8596,POSITIVE_LENGTH_MEASURE(0.1),#8594);
#8596 = DRAUGHTING_PRE_DEFINED_CURVE_FONT('continuous');
#8597 = STYLED_ITEM('color',(#8598),#5431);
#8598 = PRESENTATION_STYLE_ASSIGNMENT((#8599,#8604));
#8599 = SURFACE_STYLE_USAGE(.BOTH.,#8600);
#8600 = SURFACE_SIDE_STYLE('',(#8601));
#8601 = SURFACE_STYLE_FILL_AREA(#8602);
#8602 = FILL_AREA_STYLE('',(#8603));
#8603 = FILL_AREA_STYLE_COLOUR('',#8594);
#8604 = CURVE_STYLE('',#8605,POSITIVE_LENGTH_MEASURE(0.1),#8594);
#8605 = DRAUGHTING_PRE_DEFINED_CURVE_FONT('continuous');
#8606 = STYLED_ITEM('color',(#8607),#5727);
#8607 = PRESENTATION_STYLE_ASSIGNMENT((#8608,#8613));
#8608 = SURFACE_STYLE_USAGE(.BOTH.,#8609);
#8609 = SURFACE_SIDE_STYLE('',(#8610));
#8610 = SURFACE_STYLE_FILL_AREA(#8611);
#8611 = FILL_AREA_STYLE('',(#8612));
#8612 = FILL_AREA_STYLE_COLOUR('',#8594);
#8613 = CURVE_STYLE('',#8614,POSITIVE_LENGTH_MEASURE(0.1),#8594);
#8614 = DRAUGHTING_PRE_DEFINED_CURVE_FONT('continuous');
#8615 = STYLED_ITEM('color',(#8616),#6057);
#8616 = PRESENTATION_STYLE_ASSIGNMENT((#8617,#8622));
#8617 = SURFACE_STYLE_USAGE(.BOTH.,#8618);
#8618 = SURFACE_SIDE_STYLE('',(#8619));
#8619 = SURFACE_STYLE_FILL_AREA(#8620);
#8620 = FILL_AREA_STYLE('',(#8621));
#8621 = FILL_AREA_STYLE_COLOUR('',#8594);
#8622 = CURVE_STYLE('',#8623,POSITIVE_LENGTH_MEASURE(0.1),#8594);
#8623 = DRAUGHTING_PRE_DEFINED_CURVE_FONT('continuous');
#8624 = MECHANICAL_DESIGN_GEOMETRIC_PRESENTATION_REPRESENTATION('',(
    #8625,#8635),#8542);
#8625 = STYLED_ITEM('color',(#8626),#8208);
#8626 = PRESENTATION_STYLE_ASSIGNMENT((#8627,#8633));
#8627 = SURFACE_STYLE_USAGE(.BOTH.,#8628);
#8628 = SURFACE_SIDE_STYLE('',(#8629));
#8629 = SURFACE_STYLE_FILL_AREA(#8630);
#8630 = FILL_AREA_STYLE('',(#8631));
#8631 = FILL_AREA_STYLE_COLOUR('',#8632);
#8632 = COLOUR_RGB('',0.539999996136,0.290000003841,0.199999998682);
#8633 = CURVE_STYLE('',#8634,POSITIVE_LENGTH_MEASURE(0.1),#8632);
#8634 = DRAUGHTING_PRE_DEFINED_CURVE_FONT('continuous');
#8635 = OVER_RIDING_STYLED_ITEM('overriding color',(#8636),#8208,#8625);
#8636 = PRESENTATION_STYLE_BY_CONTEXT((#8637,#8643),#8564);
#8637 = SURFACE_STYLE_USAGE(.BOTH.,#8638);
#8638 = SURFACE_SIDE_STYLE('',(#8639));
#8639 = SURFACE_STYLE_FILL_AREA(#8640);
#8640 = FILL_AREA_STYLE('',(#8641));
#8641 = FILL_AREA_STYLE_COLOUR('',#8642);
#8642 = COLOUR_RGB('',0.539999996136,0.290000003841,0.199999998682);
#8643 = CURVE_STYLE('',#8644,POSITIVE_LENGTH_MEASURE(0.1),#8642);
#8644 = DRAUGHTING_PRE_DEFINED_CURVE_FONT('continuous');
ENDSEC;
END-ISO-10303-21;
